[2024-04-08 08:33:11] merlin-logger.DEBUG: The welcome step has been displayed [] []
[2024-04-08 08:40:11] merlin-logger.DEBUG: The welcome step has been displayed [] []
[2024-04-08 08:40:15] merlin-logger.DEBUG: The child theme installation step has been displayed [] []
[2024-04-08 08:40:17] merlin-logger.DEBUG: The child theme style.css content was generated [] []
[2024-04-08 08:40:17] merlin-logger.DEBUG: The child theme functions.php content was generated [] []
[2024-04-08 08:40:17] merlin-logger.DEBUG: The child theme screenshot was copied to the child theme, with the following result {"copied":true} []
[2024-04-08 08:40:17] merlin-logger.DEBUG: The newly generated child theme was activated [] []
[2024-04-08 08:40:23] merlin-logger.DEBUG: The content import step has been displayed [] []
[2024-04-08 08:41:17] merlin-logger.INFO: The content import AJAX call will be executed with this import data {"title":"Content","data":"/home/jassai/public_html/medlama/wp-content/uploads/2024/04/content-2024-04-08__08-41-11.xml"} []
[2024-04-08 08:41:17] merlin-logger.INFO: Imported "Caregiver Tips" (category) [] []
[2024-04-08 08:41:17] merlin-logger.DEBUG: Term 34 remapped to 2 [] []
[2024-04-08 08:41:17] merlin-logger.INFO: Imported "Continence Care" (category) [] []
[2024-04-08 08:41:17] merlin-logger.DEBUG: Term 32 remapped to 3 [] []
[2024-04-08 08:41:17] merlin-logger.INFO: Imported "Family Care" (category) [] []
[2024-04-08 08:41:17] merlin-logger.DEBUG: Term 31 remapped to 4 [] []
[2024-04-08 08:41:17] merlin-logger.INFO: Imported "Mom + Baby Care" (category) [] []
[2024-04-08 08:41:17] merlin-logger.DEBUG: Term 33 remapped to 5 [] []
[2024-04-08 08:41:17] merlin-logger.INFO: Imported "Personal Care" (category) [] []
[2024-04-08 08:41:17] merlin-logger.DEBUG: Term 30 remapped to 6 [] []
[2024-04-08 08:41:17] merlin-logger.INFO: Imported "Pharmacy" (category) [] []
[2024-04-08 08:41:17] merlin-logger.DEBUG: Term 29 remapped to 7 [] []
[2024-04-08 08:41:17] merlin-logger.INFO: Imported "Senior Living" (category) [] []
[2024-04-08 08:41:17] merlin-logger.DEBUG: Term 35 remapped to 8 [] []
[2024-04-08 08:41:17] merlin-logger.INFO: Imported "Accessories" (post_tag) [] []
[2024-04-08 08:41:17] merlin-logger.DEBUG: Term 24 remapped to 9 [] []
[2024-04-08 08:41:17] merlin-logger.INFO: Imported "fashion" (post_tag) [] []
[2024-04-08 08:41:17] merlin-logger.DEBUG: Term 26 remapped to 10 [] []
[2024-04-08 08:41:17] merlin-logger.INFO: Imported "Health Care" (post_tag) [] []
[2024-04-08 08:41:17] merlin-logger.DEBUG: Term 28 remapped to 11 [] []
[2024-04-08 08:41:17] merlin-logger.INFO: Imported "jewellery" (post_tag) [] []
[2024-04-08 08:41:17] merlin-logger.DEBUG: Term 25 remapped to 12 [] []
[2024-04-08 08:41:17] merlin-logger.INFO: Imported "medicine" (post_tag) [] []
[2024-04-08 08:41:17] merlin-logger.DEBUG: Term 22 remapped to 13 [] []
[2024-04-08 08:41:17] merlin-logger.INFO: Imported "pharmacy" (post_tag) [] []
[2024-04-08 08:41:17] merlin-logger.DEBUG: Term 27 remapped to 14 [] []
[2024-04-08 08:41:17] merlin-logger.INFO: Imported "TIPS" (post_tag) [] []
[2024-04-08 08:41:17] merlin-logger.DEBUG: Term 23 remapped to 15 [] []
[2024-04-08 08:41:17] merlin-logger.WARNING: Failed to import pa_size 100ml [] []
[2024-04-08 08:41:17] merlin-logger.DEBUG: Invalid taxonomy. [] []
[2024-04-08 08:41:17] merlin-logger.WARNING: Failed to import pa_size 200mg [] []
[2024-04-08 08:41:17] merlin-logger.DEBUG: Invalid taxonomy. [] []
[2024-04-08 08:41:17] merlin-logger.WARNING: Failed to import pa_size 200ml [] []
[2024-04-08 08:41:17] merlin-logger.DEBUG: Invalid taxonomy. [] []
[2024-04-08 08:41:17] merlin-logger.WARNING: Failed to import pa_size 2XLarge [] []
[2024-04-08 08:41:17] merlin-logger.DEBUG: Invalid taxonomy. [] []
[2024-04-08 08:41:17] merlin-logger.WARNING: Failed to import pa_size 300mg [] []
[2024-04-08 08:41:17] merlin-logger.DEBUG: Invalid taxonomy. [] []
[2024-04-08 08:41:17] merlin-logger.WARNING: Failed to import pa_size 300ml [] []
[2024-04-08 08:41:17] merlin-logger.DEBUG: Invalid taxonomy. [] []
[2024-04-08 08:41:17] merlin-logger.WARNING: Failed to import yith_product_brand 3M Healthcare [] []
[2024-04-08 08:41:17] merlin-logger.DEBUG: Invalid taxonomy. [] []
[2024-04-08 08:41:17] merlin-logger.WARNING: Failed to import pa_size 3XLarge [] []
[2024-04-08 08:41:17] merlin-logger.DEBUG: Invalid taxonomy. [] []
[2024-04-08 08:41:17] merlin-logger.WARNING: Failed to import pa_size 400mg [] []
[2024-04-08 08:41:17] merlin-logger.DEBUG: Invalid taxonomy. [] []
[2024-04-08 08:41:17] merlin-logger.WARNING: Failed to import pa_size 4XLarge [] []
[2024-04-08 08:41:17] merlin-logger.DEBUG: Invalid taxonomy. [] []
[2024-04-08 08:41:17] merlin-logger.WARNING: Failed to import pa_size 5.5 [] []
[2024-04-08 08:41:17] merlin-logger.DEBUG: Invalid taxonomy. [] []
[2024-04-08 08:41:17] merlin-logger.WARNING: Failed to import pa_size 6 [] []
[2024-04-08 08:41:17] merlin-logger.DEBUG: Invalid taxonomy. [] []
[2024-04-08 08:41:17] merlin-logger.WARNING: Failed to import pa_size 7 [] []
[2024-04-08 08:41:17] merlin-logger.DEBUG: Invalid taxonomy. [] []
[2024-04-08 08:41:17] merlin-logger.WARNING: Failed to import product_tag Aspirin [] []
[2024-04-08 08:41:17] merlin-logger.DEBUG: Invalid taxonomy. [] []
[2024-04-08 08:41:17] merlin-logger.WARNING: Failed to import product_tag Bandages [] []
[2024-04-08 08:41:17] merlin-logger.DEBUG: Invalid taxonomy. [] []
[2024-04-08 08:41:17] merlin-logger.WARNING: Failed to import yith_product_brand Basic Medical [] []
[2024-04-08 08:41:17] merlin-logger.DEBUG: Invalid taxonomy. [] []
[2024-04-08 08:41:17] merlin-logger.WARNING: Failed to import pa_color Black [] []
[2024-04-08 08:41:17] merlin-logger.DEBUG: Invalid taxonomy. [] []
[2024-04-08 08:41:17] merlin-logger.WARNING: Failed to import pa_color Blue [] []
[2024-04-08 08:41:17] merlin-logger.DEBUG: Invalid taxonomy. [] []
[2024-04-08 08:41:17] merlin-logger.WARNING: Failed to import product_tag chamber [] []
[2024-04-08 08:41:17] merlin-logger.DEBUG: Invalid taxonomy. [] []
[2024-04-08 08:41:17] merlin-logger.WARNING: Failed to import product_tag Clinic [] []
[2024-04-08 08:41:17] merlin-logger.DEBUG: Invalid taxonomy. [] []
[2024-04-08 08:41:17] merlin-logger.WARNING: Failed to import product_tag Corona [] []
[2024-04-08 08:41:17] merlin-logger.DEBUG: Invalid taxonomy. [] []
[2024-04-08 08:41:17] merlin-logger.WARNING: Failed to import yith_product_brand Curad [] []
[2024-04-08 08:41:17] merlin-logger.DEBUG: Invalid taxonomy. [] []
[2024-04-08 08:41:17] merlin-logger.WARNING: Failed to import yith_product_brand Devon Medical [] []
[2024-04-08 08:41:17] merlin-logger.DEBUG: Invalid taxonomy. [] []
[2024-04-08 08:41:17] merlin-logger.WARNING: Failed to import product_tag Doctor [] []
[2024-04-08 08:41:17] merlin-logger.DEBUG: Invalid taxonomy. [] []
[2024-04-08 08:41:17] merlin-logger.WARNING: Failed to import product_tag Ear piece [] []
[2024-04-08 08:41:17] merlin-logger.DEBUG: Invalid taxonomy. [] []
[2024-04-08 08:41:17] merlin-logger.WARNING: Failed to import product_visibility exclude-from-catalog [] []
[2024-04-08 08:41:17] merlin-logger.DEBUG: Invalid taxonomy. [] []
[2024-04-08 08:41:17] merlin-logger.WARNING: Failed to import product_visibility exclude-from-search [] []
[2024-04-08 08:41:17] merlin-logger.DEBUG: Invalid taxonomy. [] []
[2024-04-08 08:41:17] merlin-logger.WARNING: Failed to import product_type external [] []
[2024-04-08 08:41:17] merlin-logger.DEBUG: Invalid taxonomy. [] []
[2024-04-08 08:41:17] merlin-logger.WARNING: Failed to import product_tag Face Mask [] []
[2024-04-08 08:41:17] merlin-logger.DEBUG: Invalid taxonomy. [] []
[2024-04-08 08:41:17] merlin-logger.WARNING: Failed to import product_visibility featured [] []
[2024-04-08 08:41:17] merlin-logger.DEBUG: Invalid taxonomy. [] []
[2024-04-08 08:41:17] merlin-logger.WARNING: Failed to import product_tag Functional foods [] []
[2024-04-08 08:41:17] merlin-logger.DEBUG: Invalid taxonomy. [] []
[2024-04-08 08:41:17] merlin-logger.WARNING: Failed to import product_cat Gloves [] []
[2024-04-08 08:41:17] merlin-logger.DEBUG: Invalid taxonomy. [] []
[2024-04-08 08:41:17] merlin-logger.WARNING: Failed to import product_tag gloves [] []
[2024-04-08 08:41:17] merlin-logger.DEBUG: Invalid taxonomy. [] []
[2024-04-08 08:41:17] merlin-logger.WARNING: Failed to import pa_color Green [] []
[2024-04-08 08:41:17] merlin-logger.DEBUG: Invalid taxonomy. [] []
[2024-04-08 08:41:17] merlin-logger.WARNING: Failed to import pa_color Grey [] []
[2024-04-08 08:41:17] merlin-logger.DEBUG: Invalid taxonomy. [] []
[2024-04-08 08:41:17] merlin-logger.WARNING: Failed to import product_type grouped [] []
[2024-04-08 08:41:17] merlin-logger.DEBUG: Invalid taxonomy. [] []
[2024-04-08 08:41:17] merlin-logger.WARNING: Failed to import product_cat Hand Sanitizers [] []
[2024-04-08 08:41:17] merlin-logger.DEBUG: Invalid taxonomy. [] []
[2024-04-08 08:41:17] merlin-logger.WARNING: Failed to import product_cat Health Care [] []
[2024-04-08 08:41:17] merlin-logger.DEBUG: Invalid taxonomy. [] []
[2024-04-08 08:41:17] merlin-logger.WARNING: Failed to import pa_image img-1 [] []
[2024-04-08 08:41:17] merlin-logger.DEBUG: Invalid taxonomy. [] []
[2024-04-08 08:41:17] merlin-logger.WARNING: Failed to import pa_image img-2 [] []
[2024-04-08 08:41:17] merlin-logger.DEBUG: Invalid taxonomy. [] []
[2024-04-08 08:41:17] merlin-logger.WARNING: Failed to import pa_image img-3 [] []
[2024-04-08 08:41:17] merlin-logger.DEBUG: Invalid taxonomy. [] []
[2024-04-08 08:41:17] merlin-logger.WARNING: Failed to import product_cat Infection Prevention [] []
[2024-04-08 08:41:17] merlin-logger.DEBUG: Invalid taxonomy. [] []
[2024-04-08 08:41:17] merlin-logger.WARNING: Failed to import pa_size Large [] []
[2024-04-08 08:41:17] merlin-logger.DEBUG: Invalid taxonomy. [] []
[2024-04-08 08:41:17] merlin-logger.WARNING: Failed to import product_tag Medical Instruments [] []
[2024-04-08 08:41:17] merlin-logger.DEBUG: Invalid taxonomy. [] []
[2024-04-08 08:41:17] merlin-logger.WARNING: Failed to import product_tag Medicine [] []
[2024-04-08 08:41:17] merlin-logger.DEBUG: Invalid taxonomy. [] []
[2024-04-08 08:41:17] merlin-logger.WARNING: Failed to import pa_size Medium [] []
[2024-04-08 08:41:17] merlin-logger.DEBUG: Invalid taxonomy. [] []
[2024-04-08 08:41:17] merlin-logger.WARNING: Failed to import yith_product_brand Medline [] []
[2024-04-08 08:41:17] merlin-logger.DEBUG: Invalid taxonomy. [] []
[2024-04-08 08:41:17] merlin-logger.WARNING: Failed to import product_tag Needle [] []
[2024-04-08 08:41:17] merlin-logger.DEBUG: Invalid taxonomy. [] []
[2024-04-08 08:41:17] merlin-logger.WARNING: Failed to import product_tag Nurse [] []
[2024-04-08 08:41:17] merlin-logger.DEBUG: Invalid taxonomy. [] []
[2024-04-08 08:41:17] merlin-logger.WARNING: Failed to import product_visibility outofstock [] []
[2024-04-08 08:41:17] merlin-logger.DEBUG: Invalid taxonomy. [] []
[2024-04-08 08:41:17] merlin-logger.WARNING: Failed to import elementor_library_type page [] []
[2024-04-08 08:41:17] merlin-logger.DEBUG: Invalid taxonomy. [] []
[2024-04-08 08:41:17] merlin-logger.WARNING: Failed to import yith_product_brand Posey Company [] []
[2024-04-08 08:41:17] merlin-logger.DEBUG: Invalid taxonomy. [] []
[2024-04-08 08:41:17] merlin-logger.WARNING: Failed to import yith_product_brand Protective Industrial [] []
[2024-04-08 08:41:17] merlin-logger.DEBUG: Invalid taxonomy. [] []
[2024-04-08 08:41:17] merlin-logger.WARNING: Failed to import product_visibility rated-1 [] []
[2024-04-08 08:41:17] merlin-logger.DEBUG: Invalid taxonomy. [] []
[2024-04-08 08:41:17] merlin-logger.WARNING: Failed to import product_visibility rated-2 [] []
[2024-04-08 08:41:17] merlin-logger.DEBUG: Invalid taxonomy. [] []
[2024-04-08 08:41:17] merlin-logger.WARNING: Failed to import product_visibility rated-3 [] []
[2024-04-08 08:41:17] merlin-logger.DEBUG: Invalid taxonomy. [] []
[2024-04-08 08:41:17] merlin-logger.WARNING: Failed to import product_visibility rated-4 [] []
[2024-04-08 08:41:17] merlin-logger.DEBUG: Invalid taxonomy. [] []
[2024-04-08 08:41:17] merlin-logger.WARNING: Failed to import product_visibility rated-5 [] []
[2024-04-08 08:41:17] merlin-logger.DEBUG: Invalid taxonomy. [] []
[2024-04-08 08:41:17] merlin-logger.WARNING: Failed to import pa_color Red [] []
[2024-04-08 08:41:17] merlin-logger.DEBUG: Invalid taxonomy. [] []
[2024-04-08 08:41:17] merlin-logger.WARNING: Failed to import pa_size Regular [] []
[2024-04-08 08:41:17] merlin-logger.DEBUG: Invalid taxonomy. [] []
[2024-04-08 08:41:17] merlin-logger.WARNING: Failed to import product_cat Safety Glasses [] []
[2024-04-08 08:41:17] merlin-logger.DEBUG: Invalid taxonomy. [] []
[2024-04-08 08:41:17] merlin-logger.WARNING: Failed to import elementor_library_type section [] []
[2024-04-08 08:41:17] merlin-logger.DEBUG: Invalid taxonomy. [] []
[2024-04-08 08:41:17] merlin-logger.WARNING: Failed to import product_type simple [] []
[2024-04-08 08:41:17] merlin-logger.DEBUG: Invalid taxonomy. [] []
[2024-04-08 08:41:17] merlin-logger.WARNING: Failed to import product_cat Surgical Caps [] []
[2024-04-08 08:41:17] merlin-logger.DEBUG: Invalid taxonomy. [] []
[2024-04-08 08:41:17] merlin-logger.WARNING: Failed to import product_cat Surgical Clothing [] []
[2024-04-08 08:41:17] merlin-logger.DEBUG: Invalid taxonomy. [] []
[2024-04-08 08:41:17] merlin-logger.WARNING: Failed to import product_cat Surgical Masks [] []
[2024-04-08 08:41:17] merlin-logger.DEBUG: Invalid taxonomy. [] []
[2024-04-08 08:41:17] merlin-logger.WARNING: Failed to import product_tag The scissors [] []
[2024-04-08 08:41:17] merlin-logger.DEBUG: Invalid taxonomy. [] []
[2024-04-08 08:41:17] merlin-logger.WARNING: Failed to import product_tag Thermometer [] []
[2024-04-08 08:41:17] merlin-logger.DEBUG: Invalid taxonomy. [] []
[2024-04-08 08:41:17] merlin-logger.WARNING: Failed to import product_type variable [] []
[2024-04-08 08:41:17] merlin-logger.DEBUG: Invalid taxonomy. [] []
[2024-04-08 08:41:17] merlin-logger.WARNING: Failed to import product_tag Vitamin [] []
[2024-04-08 08:41:17] merlin-logger.DEBUG: Invalid taxonomy. [] []
[2024-04-08 08:41:17] merlin-logger.INFO: Imported "Blog archive" (nav_menu) [] []
[2024-04-08 08:41:17] merlin-logger.DEBUG: Term 114 remapped to 16 [] []
[2024-04-08 08:41:17] merlin-logger.INFO: Imported "Blog Type" (nav_menu) [] []
[2024-04-08 08:41:17] merlin-logger.DEBUG: Term 115 remapped to 17 [] []
[2024-04-08 08:41:17] merlin-logger.INFO: Imported "Diza Elementor" (nav_menu) [] []
[2024-04-08 08:41:17] merlin-logger.DEBUG: Term 91 remapped to 18 [] []
[2024-04-08 08:41:17] merlin-logger.INFO: Imported "help" (nav_menu) [] []
[2024-04-08 08:41:17] merlin-logger.DEBUG: Term 57 remapped to 19 [] []
[2024-04-08 08:41:17] merlin-logger.INFO: Imported "Information" (nav_menu) [] []
[2024-04-08 08:41:17] merlin-logger.DEBUG: Term 56 remapped to 20 [] []
[2024-04-08 08:41:17] merlin-logger.INFO: Imported "Main Menu" (nav_menu) [] []
[2024-04-08 08:41:17] merlin-logger.DEBUG: Term 37 remapped to 21 [] []
[2024-04-08 08:41:17] merlin-logger.INFO: Imported "Medical instruments" (nav_menu) [] []
[2024-04-08 08:41:17] merlin-logger.DEBUG: Term 86 remapped to 22 [] []
[2024-04-08 08:41:17] merlin-logger.INFO: Imported "Medicine" (nav_menu) [] []
[2024-04-08 08:41:17] merlin-logger.DEBUG: Term 85 remapped to 23 [] []
[2024-04-08 08:41:17] merlin-logger.INFO: Imported "Menu Bottom Mobile" (nav_menu) [] []
[2024-04-08 08:41:17] merlin-logger.DEBUG: Term 121 remapped to 24 [] []
[2024-04-08 08:41:17] merlin-logger.INFO: Imported "My Account" (nav_menu) [] []
[2024-04-08 08:41:17] merlin-logger.DEBUG: Term 59 remapped to 25 [] []
[2024-04-08 08:41:17] merlin-logger.INFO: Imported "Product Elementor" (nav_menu) [] []
[2024-04-08 08:41:17] merlin-logger.DEBUG: Term 90 remapped to 26 [] []
[2024-04-08 08:41:17] merlin-logger.INFO: Imported "Product Layout" (nav_menu) [] []
[2024-04-08 08:41:17] merlin-logger.DEBUG: Term 92 remapped to 27 [] []
[2024-04-08 08:41:17] merlin-logger.INFO: Imported "Product Types" (nav_menu) [] []
[2024-04-08 08:41:17] merlin-logger.DEBUG: Term 88 remapped to 28 [] []
[2024-04-08 08:41:17] merlin-logger.INFO: Imported "Support" (nav_menu) [] []
[2024-04-08 08:41:17] merlin-logger.DEBUG: Term 58 remapped to 29 [] []
[2024-04-08 08:41:17] merlin-logger.INFO: Imported "Theme Elements" (nav_menu) [] []
[2024-04-08 08:41:17] merlin-logger.DEBUG: Term 38 remapped to 30 [] []
[2024-04-08 08:41:17] merlin-logger.INFO: Imported "Visual Elements" (nav_menu) [] []
[2024-04-08 08:41:17] merlin-logger.DEBUG: Term 40 remapped to 31 [] []
[2024-04-08 08:41:17] merlin-logger.INFO: Imported "What&#039;s new in?" (nav_menu) [] []
[2024-04-08 08:41:17] merlin-logger.DEBUG: Term 84 remapped to 32 [] []
[2024-04-08 08:41:17] merlin-logger.INFO: Imported "WooCommerce" (nav_menu) [] []
[2024-04-08 08:41:17] merlin-logger.DEBUG: Term 39 remapped to 33 [] []
[2024-04-08 08:41:19] merlin-logger.INFO: Imported "woocommerce-placeholder" (Media) [] []
[2024-04-08 08:41:19] merlin-logger.DEBUG: Post 5 remapped to 7 [] []
[2024-04-08 08:41:20] merlin-logger.INFO: Imported "logo" (Media) [] []
[2024-04-08 08:41:20] merlin-logger.DEBUG: Post 22 remapped to 22 [] []
[2024-04-08 08:41:24] merlin-logger.INFO: Imported "slider-banner-03" (Media) [] []
[2024-04-08 08:41:24] merlin-logger.DEBUG: Post 25 remapped to 25 [] []
[2024-04-08 08:41:25] merlin-logger.INFO: Imported "banner-05" (Media) [] []
[2024-04-08 08:41:25] merlin-logger.DEBUG: Post 28 remapped to 28 [] []
[2024-04-08 08:41:27] merlin-logger.INFO: Imported "banner-01" (Media) [] []
[2024-04-08 08:41:27] merlin-logger.DEBUG: Post 29 remapped to 29 [] []
[2024-04-08 08:41:28] merlin-logger.INFO: Imported "banner-02" (Media) [] []
[2024-04-08 08:41:28] merlin-logger.DEBUG: Post 30 remapped to 30 [] []
[2024-04-08 08:41:32] merlin-logger.INFO: Imported "slider-bg-banner-01" (Media) [] []
[2024-04-08 08:41:32] merlin-logger.DEBUG: Post 79 remapped to 79 [] []
[2024-04-08 08:41:34] merlin-logger.INFO: Imported "slider-banner-01" (Media) [] []
[2024-04-08 08:41:34] merlin-logger.DEBUG: Post 80 remapped to 80 [] []
[2024-04-08 08:41:36] merlin-logger.INFO: Imported "slider-banner-02" (Media) [] []
[2024-04-08 08:41:36] merlin-logger.DEBUG: Post 81 remapped to 81 [] []
[2024-04-08 08:41:37] merlin-logger.INFO: Imported "blog_3" (Media) [] []
[2024-04-08 08:41:37] merlin-logger.DEBUG: Post 83 remapped to 83 [] []
[2024-04-08 08:41:37] merlin-logger.INFO: New AJAX call! [] []
[2024-04-08 08:41:37] merlin-logger.INFO: The content import AJAX call will be executed with this import data {"title":"Content","data":"/home/jassai/public_html/medlama/wp-content/uploads/2024/04/content-2024-04-08__08-41-11.xml"} []
[2024-04-08 08:41:37] merlin-logger.WARNING: Failed to import pa_size 100ml [] []
[2024-04-08 08:41:37] merlin-logger.DEBUG: Invalid taxonomy. [] []
[2024-04-08 08:41:37] merlin-logger.WARNING: Failed to import pa_size 200mg [] []
[2024-04-08 08:41:37] merlin-logger.DEBUG: Invalid taxonomy. [] []
[2024-04-08 08:41:37] merlin-logger.WARNING: Failed to import pa_size 200ml [] []
[2024-04-08 08:41:37] merlin-logger.DEBUG: Invalid taxonomy. [] []
[2024-04-08 08:41:37] merlin-logger.WARNING: Failed to import pa_size 2XLarge [] []
[2024-04-08 08:41:37] merlin-logger.DEBUG: Invalid taxonomy. [] []
[2024-04-08 08:41:37] merlin-logger.WARNING: Failed to import pa_size 300mg [] []
[2024-04-08 08:41:37] merlin-logger.DEBUG: Invalid taxonomy. [] []
[2024-04-08 08:41:37] merlin-logger.WARNING: Failed to import pa_size 300ml [] []
[2024-04-08 08:41:37] merlin-logger.DEBUG: Invalid taxonomy. [] []
[2024-04-08 08:41:37] merlin-logger.WARNING: Failed to import yith_product_brand 3M Healthcare [] []
[2024-04-08 08:41:37] merlin-logger.DEBUG: Invalid taxonomy. [] []
[2024-04-08 08:41:37] merlin-logger.WARNING: Failed to import pa_size 3XLarge [] []
[2024-04-08 08:41:37] merlin-logger.DEBUG: Invalid taxonomy. [] []
[2024-04-08 08:41:37] merlin-logger.WARNING: Failed to import pa_size 400mg [] []
[2024-04-08 08:41:37] merlin-logger.DEBUG: Invalid taxonomy. [] []
[2024-04-08 08:41:37] merlin-logger.WARNING: Failed to import pa_size 4XLarge [] []
[2024-04-08 08:41:37] merlin-logger.DEBUG: Invalid taxonomy. [] []
[2024-04-08 08:41:37] merlin-logger.WARNING: Failed to import pa_size 5.5 [] []
[2024-04-08 08:41:37] merlin-logger.DEBUG: Invalid taxonomy. [] []
[2024-04-08 08:41:37] merlin-logger.WARNING: Failed to import pa_size 6 [] []
[2024-04-08 08:41:37] merlin-logger.DEBUG: Invalid taxonomy. [] []
[2024-04-08 08:41:37] merlin-logger.WARNING: Failed to import pa_size 7 [] []
[2024-04-08 08:41:37] merlin-logger.DEBUG: Invalid taxonomy. [] []
[2024-04-08 08:41:37] merlin-logger.WARNING: Failed to import product_tag Aspirin [] []
[2024-04-08 08:41:37] merlin-logger.DEBUG: Invalid taxonomy. [] []
[2024-04-08 08:41:37] merlin-logger.WARNING: Failed to import product_tag Bandages [] []
[2024-04-08 08:41:37] merlin-logger.DEBUG: Invalid taxonomy. [] []
[2024-04-08 08:41:37] merlin-logger.WARNING: Failed to import yith_product_brand Basic Medical [] []
[2024-04-08 08:41:37] merlin-logger.DEBUG: Invalid taxonomy. [] []
[2024-04-08 08:41:37] merlin-logger.WARNING: Failed to import pa_color Black [] []
[2024-04-08 08:41:37] merlin-logger.DEBUG: Invalid taxonomy. [] []
[2024-04-08 08:41:37] merlin-logger.WARNING: Failed to import pa_color Blue [] []
[2024-04-08 08:41:37] merlin-logger.DEBUG: Invalid taxonomy. [] []
[2024-04-08 08:41:37] merlin-logger.WARNING: Failed to import product_tag chamber [] []
[2024-04-08 08:41:37] merlin-logger.DEBUG: Invalid taxonomy. [] []
[2024-04-08 08:41:37] merlin-logger.WARNING: Failed to import product_tag Clinic [] []
[2024-04-08 08:41:37] merlin-logger.DEBUG: Invalid taxonomy. [] []
[2024-04-08 08:41:37] merlin-logger.WARNING: Failed to import product_tag Corona [] []
[2024-04-08 08:41:37] merlin-logger.DEBUG: Invalid taxonomy. [] []
[2024-04-08 08:41:37] merlin-logger.WARNING: Failed to import yith_product_brand Curad [] []
[2024-04-08 08:41:37] merlin-logger.DEBUG: Invalid taxonomy. [] []
[2024-04-08 08:41:37] merlin-logger.WARNING: Failed to import yith_product_brand Devon Medical [] []
[2024-04-08 08:41:37] merlin-logger.DEBUG: Invalid taxonomy. [] []
[2024-04-08 08:41:37] merlin-logger.WARNING: Failed to import product_tag Doctor [] []
[2024-04-08 08:41:37] merlin-logger.DEBUG: Invalid taxonomy. [] []
[2024-04-08 08:41:37] merlin-logger.WARNING: Failed to import product_tag Ear piece [] []
[2024-04-08 08:41:37] merlin-logger.DEBUG: Invalid taxonomy. [] []
[2024-04-08 08:41:37] merlin-logger.WARNING: Failed to import product_visibility exclude-from-catalog [] []
[2024-04-08 08:41:37] merlin-logger.DEBUG: Invalid taxonomy. [] []
[2024-04-08 08:41:37] merlin-logger.WARNING: Failed to import product_visibility exclude-from-search [] []
[2024-04-08 08:41:37] merlin-logger.DEBUG: Invalid taxonomy. [] []
[2024-04-08 08:41:37] merlin-logger.WARNING: Failed to import product_type external [] []
[2024-04-08 08:41:37] merlin-logger.DEBUG: Invalid taxonomy. [] []
[2024-04-08 08:41:37] merlin-logger.WARNING: Failed to import product_tag Face Mask [] []
[2024-04-08 08:41:37] merlin-logger.DEBUG: Invalid taxonomy. [] []
[2024-04-08 08:41:37] merlin-logger.WARNING: Failed to import product_visibility featured [] []
[2024-04-08 08:41:37] merlin-logger.DEBUG: Invalid taxonomy. [] []
[2024-04-08 08:41:37] merlin-logger.WARNING: Failed to import product_tag Functional foods [] []
[2024-04-08 08:41:37] merlin-logger.DEBUG: Invalid taxonomy. [] []
[2024-04-08 08:41:37] merlin-logger.WARNING: Failed to import product_cat Gloves [] []
[2024-04-08 08:41:37] merlin-logger.DEBUG: Invalid taxonomy. [] []
[2024-04-08 08:41:37] merlin-logger.WARNING: Failed to import product_tag gloves [] []
[2024-04-08 08:41:37] merlin-logger.DEBUG: Invalid taxonomy. [] []
[2024-04-08 08:41:37] merlin-logger.WARNING: Failed to import pa_color Green [] []
[2024-04-08 08:41:37] merlin-logger.DEBUG: Invalid taxonomy. [] []
[2024-04-08 08:41:37] merlin-logger.WARNING: Failed to import pa_color Grey [] []
[2024-04-08 08:41:37] merlin-logger.DEBUG: Invalid taxonomy. [] []
[2024-04-08 08:41:37] merlin-logger.WARNING: Failed to import product_type grouped [] []
[2024-04-08 08:41:37] merlin-logger.DEBUG: Invalid taxonomy. [] []
[2024-04-08 08:41:37] merlin-logger.WARNING: Failed to import product_cat Hand Sanitizers [] []
[2024-04-08 08:41:37] merlin-logger.DEBUG: Invalid taxonomy. [] []
[2024-04-08 08:41:37] merlin-logger.WARNING: Failed to import product_cat Health Care [] []
[2024-04-08 08:41:37] merlin-logger.DEBUG: Invalid taxonomy. [] []
[2024-04-08 08:41:37] merlin-logger.WARNING: Failed to import pa_image img-1 [] []
[2024-04-08 08:41:37] merlin-logger.DEBUG: Invalid taxonomy. [] []
[2024-04-08 08:41:37] merlin-logger.WARNING: Failed to import pa_image img-2 [] []
[2024-04-08 08:41:37] merlin-logger.DEBUG: Invalid taxonomy. [] []
[2024-04-08 08:41:37] merlin-logger.WARNING: Failed to import pa_image img-3 [] []
[2024-04-08 08:41:37] merlin-logger.DEBUG: Invalid taxonomy. [] []
[2024-04-08 08:41:37] merlin-logger.WARNING: Failed to import product_cat Infection Prevention [] []
[2024-04-08 08:41:37] merlin-logger.DEBUG: Invalid taxonomy. [] []
[2024-04-08 08:41:37] merlin-logger.WARNING: Failed to import pa_size Large [] []
[2024-04-08 08:41:37] merlin-logger.DEBUG: Invalid taxonomy. [] []
[2024-04-08 08:41:37] merlin-logger.WARNING: Failed to import product_tag Medical Instruments [] []
[2024-04-08 08:41:37] merlin-logger.DEBUG: Invalid taxonomy. [] []
[2024-04-08 08:41:37] merlin-logger.WARNING: Failed to import product_tag Medicine [] []
[2024-04-08 08:41:37] merlin-logger.DEBUG: Invalid taxonomy. [] []
[2024-04-08 08:41:37] merlin-logger.WARNING: Failed to import pa_size Medium [] []
[2024-04-08 08:41:37] merlin-logger.DEBUG: Invalid taxonomy. [] []
[2024-04-08 08:41:37] merlin-logger.WARNING: Failed to import yith_product_brand Medline [] []
[2024-04-08 08:41:37] merlin-logger.DEBUG: Invalid taxonomy. [] []
[2024-04-08 08:41:37] merlin-logger.WARNING: Failed to import product_tag Needle [] []
[2024-04-08 08:41:37] merlin-logger.DEBUG: Invalid taxonomy. [] []
[2024-04-08 08:41:37] merlin-logger.WARNING: Failed to import product_tag Nurse [] []
[2024-04-08 08:41:37] merlin-logger.DEBUG: Invalid taxonomy. [] []
[2024-04-08 08:41:37] merlin-logger.WARNING: Failed to import product_visibility outofstock [] []
[2024-04-08 08:41:37] merlin-logger.DEBUG: Invalid taxonomy. [] []
[2024-04-08 08:41:37] merlin-logger.WARNING: Failed to import elementor_library_type page [] []
[2024-04-08 08:41:37] merlin-logger.DEBUG: Invalid taxonomy. [] []
[2024-04-08 08:41:37] merlin-logger.WARNING: Failed to import yith_product_brand Posey Company [] []
[2024-04-08 08:41:37] merlin-logger.DEBUG: Invalid taxonomy. [] []
[2024-04-08 08:41:37] merlin-logger.WARNING: Failed to import yith_product_brand Protective Industrial [] []
[2024-04-08 08:41:37] merlin-logger.DEBUG: Invalid taxonomy. [] []
[2024-04-08 08:41:37] merlin-logger.WARNING: Failed to import product_visibility rated-1 [] []
[2024-04-08 08:41:37] merlin-logger.DEBUG: Invalid taxonomy. [] []
[2024-04-08 08:41:37] merlin-logger.WARNING: Failed to import product_visibility rated-2 [] []
[2024-04-08 08:41:37] merlin-logger.DEBUG: Invalid taxonomy. [] []
[2024-04-08 08:41:37] merlin-logger.WARNING: Failed to import product_visibility rated-3 [] []
[2024-04-08 08:41:37] merlin-logger.DEBUG: Invalid taxonomy. [] []
[2024-04-08 08:41:37] merlin-logger.WARNING: Failed to import product_visibility rated-4 [] []
[2024-04-08 08:41:37] merlin-logger.DEBUG: Invalid taxonomy. [] []
[2024-04-08 08:41:37] merlin-logger.WARNING: Failed to import product_visibility rated-5 [] []
[2024-04-08 08:41:37] merlin-logger.DEBUG: Invalid taxonomy. [] []
[2024-04-08 08:41:37] merlin-logger.WARNING: Failed to import pa_color Red [] []
[2024-04-08 08:41:37] merlin-logger.DEBUG: Invalid taxonomy. [] []
[2024-04-08 08:41:37] merlin-logger.WARNING: Failed to import pa_size Regular [] []
[2024-04-08 08:41:37] merlin-logger.DEBUG: Invalid taxonomy. [] []
[2024-04-08 08:41:37] merlin-logger.WARNING: Failed to import product_cat Safety Glasses [] []
[2024-04-08 08:41:37] merlin-logger.DEBUG: Invalid taxonomy. [] []
[2024-04-08 08:41:37] merlin-logger.WARNING: Failed to import elementor_library_type section [] []
[2024-04-08 08:41:37] merlin-logger.DEBUG: Invalid taxonomy. [] []
[2024-04-08 08:41:37] merlin-logger.WARNING: Failed to import product_type simple [] []
[2024-04-08 08:41:37] merlin-logger.DEBUG: Invalid taxonomy. [] []
[2024-04-08 08:41:37] merlin-logger.WARNING: Failed to import product_cat Surgical Caps [] []
[2024-04-08 08:41:37] merlin-logger.DEBUG: Invalid taxonomy. [] []
[2024-04-08 08:41:37] merlin-logger.WARNING: Failed to import product_cat Surgical Clothing [] []
[2024-04-08 08:41:37] merlin-logger.DEBUG: Invalid taxonomy. [] []
[2024-04-08 08:41:37] merlin-logger.WARNING: Failed to import product_cat Surgical Masks [] []
[2024-04-08 08:41:37] merlin-logger.DEBUG: Invalid taxonomy. [] []
[2024-04-08 08:41:37] merlin-logger.WARNING: Failed to import product_tag The scissors [] []
[2024-04-08 08:41:37] merlin-logger.DEBUG: Invalid taxonomy. [] []
[2024-04-08 08:41:37] merlin-logger.WARNING: Failed to import product_tag Thermometer [] []
[2024-04-08 08:41:37] merlin-logger.DEBUG: Invalid taxonomy. [] []
[2024-04-08 08:41:37] merlin-logger.WARNING: Failed to import product_type variable [] []
[2024-04-08 08:41:37] merlin-logger.DEBUG: Invalid taxonomy. [] []
[2024-04-08 08:41:37] merlin-logger.WARNING: Failed to import product_tag Vitamin [] []
[2024-04-08 08:41:37] merlin-logger.DEBUG: Invalid taxonomy. [] []
[2024-04-08 08:41:39] merlin-logger.INFO: Imported "blog_4" (Media) [] []
[2024-04-08 08:41:39] merlin-logger.DEBUG: Post 84 remapped to 84 [] []
[2024-04-08 08:41:41] merlin-logger.INFO: Imported "blog_5" (Media) [] []
[2024-04-08 08:41:41] merlin-logger.DEBUG: Post 85 remapped to 85 [] []
[2024-04-08 08:41:42] merlin-logger.INFO: Imported "blog_6" (Media) [] []
[2024-04-08 08:41:42] merlin-logger.DEBUG: Post 86 remapped to 86 [] []
[2024-04-08 08:41:44] merlin-logger.INFO: Imported "blog_7" (Media) [] []
[2024-04-08 08:41:44] merlin-logger.DEBUG: Post 87 remapped to 87 [] []
[2024-04-08 08:41:46] merlin-logger.INFO: Imported "blog_8" (Media) [] []
[2024-04-08 08:41:46] merlin-logger.DEBUG: Post 88 remapped to 88 [] []
[2024-04-08 08:41:51] merlin-logger.INFO: Imported "blog_9" (Media) [] []
[2024-04-08 08:41:51] merlin-logger.DEBUG: Post 89 remapped to 89 [] []
[2024-04-08 08:41:52] merlin-logger.INFO: Imported "blog_10" (Media) [] []
[2024-04-08 08:41:52] merlin-logger.DEBUG: Post 90 remapped to 90 [] []
[2024-04-08 08:41:54] merlin-logger.INFO: Imported "blog_11" (Media) [] []
[2024-04-08 08:41:54] merlin-logger.DEBUG: Post 91 remapped to 91 [] []
[2024-04-08 08:41:55] merlin-logger.INFO: Imported "blog_12" (Media) [] []
[2024-04-08 08:41:55] merlin-logger.DEBUG: Post 92 remapped to 92 [] []
[2024-04-08 08:41:57] merlin-logger.INFO: Imported "blog_13" (Media) [] []
[2024-04-08 08:41:57] merlin-logger.DEBUG: Post 93 remapped to 93 [] []
[2024-04-08 08:41:59] merlin-logger.INFO: Imported "blog_14" (Media) [] []
[2024-04-08 08:41:59] merlin-logger.DEBUG: Post 94 remapped to 94 [] []
[2024-04-08 08:41:59] merlin-logger.INFO: New AJAX call! [] []
[2024-04-08 08:41:59] merlin-logger.INFO: The content import AJAX call will be executed with this import data {"title":"Content","data":"/home/jassai/public_html/medlama/wp-content/uploads/2024/04/content-2024-04-08__08-41-11.xml"} []
[2024-04-08 08:41:59] merlin-logger.WARNING: Failed to import pa_size 100ml [] []
[2024-04-08 08:41:59] merlin-logger.DEBUG: Invalid taxonomy. [] []
[2024-04-08 08:41:59] merlin-logger.WARNING: Failed to import pa_size 200mg [] []
[2024-04-08 08:41:59] merlin-logger.DEBUG: Invalid taxonomy. [] []
[2024-04-08 08:41:59] merlin-logger.WARNING: Failed to import pa_size 200ml [] []
[2024-04-08 08:41:59] merlin-logger.DEBUG: Invalid taxonomy. [] []
[2024-04-08 08:41:59] merlin-logger.WARNING: Failed to import pa_size 2XLarge [] []
[2024-04-08 08:41:59] merlin-logger.DEBUG: Invalid taxonomy. [] []
[2024-04-08 08:41:59] merlin-logger.WARNING: Failed to import pa_size 300mg [] []
[2024-04-08 08:41:59] merlin-logger.DEBUG: Invalid taxonomy. [] []
[2024-04-08 08:41:59] merlin-logger.WARNING: Failed to import pa_size 300ml [] []
[2024-04-08 08:41:59] merlin-logger.DEBUG: Invalid taxonomy. [] []
[2024-04-08 08:41:59] merlin-logger.WARNING: Failed to import yith_product_brand 3M Healthcare [] []
[2024-04-08 08:41:59] merlin-logger.DEBUG: Invalid taxonomy. [] []
[2024-04-08 08:41:59] merlin-logger.WARNING: Failed to import pa_size 3XLarge [] []
[2024-04-08 08:41:59] merlin-logger.DEBUG: Invalid taxonomy. [] []
[2024-04-08 08:41:59] merlin-logger.WARNING: Failed to import pa_size 400mg [] []
[2024-04-08 08:41:59] merlin-logger.DEBUG: Invalid taxonomy. [] []
[2024-04-08 08:41:59] merlin-logger.WARNING: Failed to import pa_size 4XLarge [] []
[2024-04-08 08:41:59] merlin-logger.DEBUG: Invalid taxonomy. [] []
[2024-04-08 08:41:59] merlin-logger.WARNING: Failed to import pa_size 5.5 [] []
[2024-04-08 08:41:59] merlin-logger.DEBUG: Invalid taxonomy. [] []
[2024-04-08 08:41:59] merlin-logger.WARNING: Failed to import pa_size 6 [] []
[2024-04-08 08:41:59] merlin-logger.DEBUG: Invalid taxonomy. [] []
[2024-04-08 08:41:59] merlin-logger.WARNING: Failed to import pa_size 7 [] []
[2024-04-08 08:41:59] merlin-logger.DEBUG: Invalid taxonomy. [] []
[2024-04-08 08:41:59] merlin-logger.WARNING: Failed to import product_tag Aspirin [] []
[2024-04-08 08:41:59] merlin-logger.DEBUG: Invalid taxonomy. [] []
[2024-04-08 08:41:59] merlin-logger.WARNING: Failed to import product_tag Bandages [] []
[2024-04-08 08:41:59] merlin-logger.DEBUG: Invalid taxonomy. [] []
[2024-04-08 08:41:59] merlin-logger.WARNING: Failed to import yith_product_brand Basic Medical [] []
[2024-04-08 08:41:59] merlin-logger.DEBUG: Invalid taxonomy. [] []
[2024-04-08 08:41:59] merlin-logger.WARNING: Failed to import pa_color Black [] []
[2024-04-08 08:41:59] merlin-logger.DEBUG: Invalid taxonomy. [] []
[2024-04-08 08:41:59] merlin-logger.WARNING: Failed to import pa_color Blue [] []
[2024-04-08 08:41:59] merlin-logger.DEBUG: Invalid taxonomy. [] []
[2024-04-08 08:41:59] merlin-logger.WARNING: Failed to import product_tag chamber [] []
[2024-04-08 08:41:59] merlin-logger.DEBUG: Invalid taxonomy. [] []
[2024-04-08 08:41:59] merlin-logger.WARNING: Failed to import product_tag Clinic [] []
[2024-04-08 08:41:59] merlin-logger.DEBUG: Invalid taxonomy. [] []
[2024-04-08 08:41:59] merlin-logger.WARNING: Failed to import product_tag Corona [] []
[2024-04-08 08:41:59] merlin-logger.DEBUG: Invalid taxonomy. [] []
[2024-04-08 08:41:59] merlin-logger.WARNING: Failed to import yith_product_brand Curad [] []
[2024-04-08 08:41:59] merlin-logger.DEBUG: Invalid taxonomy. [] []
[2024-04-08 08:41:59] merlin-logger.WARNING: Failed to import yith_product_brand Devon Medical [] []
[2024-04-08 08:41:59] merlin-logger.DEBUG: Invalid taxonomy. [] []
[2024-04-08 08:41:59] merlin-logger.WARNING: Failed to import product_tag Doctor [] []
[2024-04-08 08:41:59] merlin-logger.DEBUG: Invalid taxonomy. [] []
[2024-04-08 08:41:59] merlin-logger.WARNING: Failed to import product_tag Ear piece [] []
[2024-04-08 08:41:59] merlin-logger.DEBUG: Invalid taxonomy. [] []
[2024-04-08 08:41:59] merlin-logger.WARNING: Failed to import product_visibility exclude-from-catalog [] []
[2024-04-08 08:41:59] merlin-logger.DEBUG: Invalid taxonomy. [] []
[2024-04-08 08:41:59] merlin-logger.WARNING: Failed to import product_visibility exclude-from-search [] []
[2024-04-08 08:41:59] merlin-logger.DEBUG: Invalid taxonomy. [] []
[2024-04-08 08:41:59] merlin-logger.WARNING: Failed to import product_type external [] []
[2024-04-08 08:41:59] merlin-logger.DEBUG: Invalid taxonomy. [] []
[2024-04-08 08:41:59] merlin-logger.WARNING: Failed to import product_tag Face Mask [] []
[2024-04-08 08:41:59] merlin-logger.DEBUG: Invalid taxonomy. [] []
[2024-04-08 08:41:59] merlin-logger.WARNING: Failed to import product_visibility featured [] []
[2024-04-08 08:41:59] merlin-logger.DEBUG: Invalid taxonomy. [] []
[2024-04-08 08:41:59] merlin-logger.WARNING: Failed to import product_tag Functional foods [] []
[2024-04-08 08:41:59] merlin-logger.DEBUG: Invalid taxonomy. [] []
[2024-04-08 08:41:59] merlin-logger.WARNING: Failed to import product_cat Gloves [] []
[2024-04-08 08:41:59] merlin-logger.DEBUG: Invalid taxonomy. [] []
[2024-04-08 08:41:59] merlin-logger.WARNING: Failed to import product_tag gloves [] []
[2024-04-08 08:41:59] merlin-logger.DEBUG: Invalid taxonomy. [] []
[2024-04-08 08:41:59] merlin-logger.WARNING: Failed to import pa_color Green [] []
[2024-04-08 08:41:59] merlin-logger.DEBUG: Invalid taxonomy. [] []
[2024-04-08 08:41:59] merlin-logger.WARNING: Failed to import pa_color Grey [] []
[2024-04-08 08:41:59] merlin-logger.DEBUG: Invalid taxonomy. [] []
[2024-04-08 08:41:59] merlin-logger.WARNING: Failed to import product_type grouped [] []
[2024-04-08 08:41:59] merlin-logger.DEBUG: Invalid taxonomy. [] []
[2024-04-08 08:41:59] merlin-logger.WARNING: Failed to import product_cat Hand Sanitizers [] []
[2024-04-08 08:41:59] merlin-logger.DEBUG: Invalid taxonomy. [] []
[2024-04-08 08:41:59] merlin-logger.WARNING: Failed to import product_cat Health Care [] []
[2024-04-08 08:41:59] merlin-logger.DEBUG: Invalid taxonomy. [] []
[2024-04-08 08:41:59] merlin-logger.WARNING: Failed to import pa_image img-1 [] []
[2024-04-08 08:41:59] merlin-logger.DEBUG: Invalid taxonomy. [] []
[2024-04-08 08:41:59] merlin-logger.WARNING: Failed to import pa_image img-2 [] []
[2024-04-08 08:41:59] merlin-logger.DEBUG: Invalid taxonomy. [] []
[2024-04-08 08:41:59] merlin-logger.WARNING: Failed to import pa_image img-3 [] []
[2024-04-08 08:41:59] merlin-logger.DEBUG: Invalid taxonomy. [] []
[2024-04-08 08:41:59] merlin-logger.WARNING: Failed to import product_cat Infection Prevention [] []
[2024-04-08 08:41:59] merlin-logger.DEBUG: Invalid taxonomy. [] []
[2024-04-08 08:41:59] merlin-logger.WARNING: Failed to import pa_size Large [] []
[2024-04-08 08:41:59] merlin-logger.DEBUG: Invalid taxonomy. [] []
[2024-04-08 08:41:59] merlin-logger.WARNING: Failed to import product_tag Medical Instruments [] []
[2024-04-08 08:41:59] merlin-logger.DEBUG: Invalid taxonomy. [] []
[2024-04-08 08:41:59] merlin-logger.WARNING: Failed to import product_tag Medicine [] []
[2024-04-08 08:41:59] merlin-logger.DEBUG: Invalid taxonomy. [] []
[2024-04-08 08:41:59] merlin-logger.WARNING: Failed to import pa_size Medium [] []
[2024-04-08 08:41:59] merlin-logger.DEBUG: Invalid taxonomy. [] []
[2024-04-08 08:41:59] merlin-logger.WARNING: Failed to import yith_product_brand Medline [] []
[2024-04-08 08:41:59] merlin-logger.DEBUG: Invalid taxonomy. [] []
[2024-04-08 08:41:59] merlin-logger.WARNING: Failed to import product_tag Needle [] []
[2024-04-08 08:41:59] merlin-logger.DEBUG: Invalid taxonomy. [] []
[2024-04-08 08:41:59] merlin-logger.WARNING: Failed to import product_tag Nurse [] []
[2024-04-08 08:41:59] merlin-logger.DEBUG: Invalid taxonomy. [] []
[2024-04-08 08:41:59] merlin-logger.WARNING: Failed to import product_visibility outofstock [] []
[2024-04-08 08:41:59] merlin-logger.DEBUG: Invalid taxonomy. [] []
[2024-04-08 08:41:59] merlin-logger.WARNING: Failed to import elementor_library_type page [] []
[2024-04-08 08:41:59] merlin-logger.DEBUG: Invalid taxonomy. [] []
[2024-04-08 08:41:59] merlin-logger.WARNING: Failed to import yith_product_brand Posey Company [] []
[2024-04-08 08:41:59] merlin-logger.DEBUG: Invalid taxonomy. [] []
[2024-04-08 08:41:59] merlin-logger.WARNING: Failed to import yith_product_brand Protective Industrial [] []
[2024-04-08 08:41:59] merlin-logger.DEBUG: Invalid taxonomy. [] []
[2024-04-08 08:41:59] merlin-logger.WARNING: Failed to import product_visibility rated-1 [] []
[2024-04-08 08:41:59] merlin-logger.DEBUG: Invalid taxonomy. [] []
[2024-04-08 08:41:59] merlin-logger.WARNING: Failed to import product_visibility rated-2 [] []
[2024-04-08 08:41:59] merlin-logger.DEBUG: Invalid taxonomy. [] []
[2024-04-08 08:41:59] merlin-logger.WARNING: Failed to import product_visibility rated-3 [] []
[2024-04-08 08:41:59] merlin-logger.DEBUG: Invalid taxonomy. [] []
[2024-04-08 08:41:59] merlin-logger.WARNING: Failed to import product_visibility rated-4 [] []
[2024-04-08 08:41:59] merlin-logger.DEBUG: Invalid taxonomy. [] []
[2024-04-08 08:41:59] merlin-logger.WARNING: Failed to import product_visibility rated-5 [] []
[2024-04-08 08:41:59] merlin-logger.DEBUG: Invalid taxonomy. [] []
[2024-04-08 08:41:59] merlin-logger.WARNING: Failed to import pa_color Red [] []
[2024-04-08 08:41:59] merlin-logger.DEBUG: Invalid taxonomy. [] []
[2024-04-08 08:41:59] merlin-logger.WARNING: Failed to import pa_size Regular [] []
[2024-04-08 08:41:59] merlin-logger.DEBUG: Invalid taxonomy. [] []
[2024-04-08 08:41:59] merlin-logger.WARNING: Failed to import product_cat Safety Glasses [] []
[2024-04-08 08:41:59] merlin-logger.DEBUG: Invalid taxonomy. [] []
[2024-04-08 08:41:59] merlin-logger.WARNING: Failed to import elementor_library_type section [] []
[2024-04-08 08:41:59] merlin-logger.DEBUG: Invalid taxonomy. [] []
[2024-04-08 08:41:59] merlin-logger.WARNING: Failed to import product_type simple [] []
[2024-04-08 08:41:59] merlin-logger.DEBUG: Invalid taxonomy. [] []
[2024-04-08 08:41:59] merlin-logger.WARNING: Failed to import product_cat Surgical Caps [] []
[2024-04-08 08:41:59] merlin-logger.DEBUG: Invalid taxonomy. [] []
[2024-04-08 08:41:59] merlin-logger.WARNING: Failed to import product_cat Surgical Clothing [] []
[2024-04-08 08:41:59] merlin-logger.DEBUG: Invalid taxonomy. [] []
[2024-04-08 08:41:59] merlin-logger.WARNING: Failed to import product_cat Surgical Masks [] []
[2024-04-08 08:41:59] merlin-logger.DEBUG: Invalid taxonomy. [] []
[2024-04-08 08:41:59] merlin-logger.WARNING: Failed to import product_tag The scissors [] []
[2024-04-08 08:41:59] merlin-logger.DEBUG: Invalid taxonomy. [] []
[2024-04-08 08:41:59] merlin-logger.WARNING: Failed to import product_tag Thermometer [] []
[2024-04-08 08:41:59] merlin-logger.DEBUG: Invalid taxonomy. [] []
[2024-04-08 08:41:59] merlin-logger.WARNING: Failed to import product_type variable [] []
[2024-04-08 08:41:59] merlin-logger.DEBUG: Invalid taxonomy. [] []
[2024-04-08 08:41:59] merlin-logger.WARNING: Failed to import product_tag Vitamin [] []
[2024-04-08 08:41:59] merlin-logger.DEBUG: Invalid taxonomy. [] []
[2024-04-08 08:42:02] merlin-logger.INFO: Imported "blog_15" (Media) [] []
[2024-04-08 08:42:02] merlin-logger.DEBUG: Post 95 remapped to 95 [] []
[2024-04-08 08:42:05] merlin-logger.INFO: Imported "blog_16" (Media) [] []
[2024-04-08 08:42:05] merlin-logger.DEBUG: Post 96 remapped to 96 [] []
[2024-04-08 08:42:07] merlin-logger.INFO: Imported "blog_17" (Media) [] []
[2024-04-08 08:42:07] merlin-logger.DEBUG: Post 97 remapped to 97 [] []
[2024-04-08 08:42:08] merlin-logger.INFO: Imported "blog_18" (Media) [] []
[2024-04-08 08:42:08] merlin-logger.DEBUG: Post 98 remapped to 98 [] []
[2024-04-08 08:42:10] merlin-logger.INFO: Imported "blog_1" (Media) [] []
[2024-04-08 08:42:10] merlin-logger.DEBUG: Post 99 remapped to 99 [] []
[2024-04-08 08:42:11] merlin-logger.INFO: Imported "blog_2" (Media) [] []
[2024-04-08 08:42:11] merlin-logger.DEBUG: Post 100 remapped to 100 [] []
[2024-04-08 08:42:13] merlin-logger.INFO: Imported "singer-blog_1" (Media) [] []
[2024-04-08 08:42:13] merlin-logger.DEBUG: Post 176 remapped to 176 [] []
[2024-04-08 08:42:14] merlin-logger.INFO: Imported "singer-blog_2" (Media) [] []
[2024-04-08 08:42:14] merlin-logger.DEBUG: Post 177 remapped to 177 [] []
[2024-04-08 08:42:15] merlin-logger.INFO: Imported "favicon" (Media) [] []
[2024-04-08 08:42:15] merlin-logger.DEBUG: Post 246 remapped to 246 [] []
[2024-04-08 08:42:17] merlin-logger.INFO: Imported "home3_bg_slider" (Media) [] []
[2024-04-08 08:42:17] merlin-logger.DEBUG: Post 254 remapped to 254 [] []
[2024-04-08 08:42:19] merlin-logger.INFO: Imported "home3_slider_03" (Media) [] []
[2024-04-08 08:42:19] merlin-logger.DEBUG: Post 257 remapped to 257 [] []
[2024-04-08 08:42:19] merlin-logger.INFO: New AJAX call! [] []
[2024-04-08 08:42:20] merlin-logger.INFO: The content import AJAX call will be executed with this import data {"title":"Content","data":"/home/jassai/public_html/medlama/wp-content/uploads/2024/04/content-2024-04-08__08-41-11.xml"} []
[2024-04-08 08:42:20] merlin-logger.WARNING: Failed to import pa_size 100ml [] []
[2024-04-08 08:42:20] merlin-logger.DEBUG: Invalid taxonomy. [] []
[2024-04-08 08:42:20] merlin-logger.WARNING: Failed to import pa_size 200mg [] []
[2024-04-08 08:42:20] merlin-logger.DEBUG: Invalid taxonomy. [] []
[2024-04-08 08:42:20] merlin-logger.WARNING: Failed to import pa_size 200ml [] []
[2024-04-08 08:42:20] merlin-logger.DEBUG: Invalid taxonomy. [] []
[2024-04-08 08:42:20] merlin-logger.WARNING: Failed to import pa_size 2XLarge [] []
[2024-04-08 08:42:20] merlin-logger.DEBUG: Invalid taxonomy. [] []
[2024-04-08 08:42:20] merlin-logger.WARNING: Failed to import pa_size 300mg [] []
[2024-04-08 08:42:20] merlin-logger.DEBUG: Invalid taxonomy. [] []
[2024-04-08 08:42:20] merlin-logger.WARNING: Failed to import pa_size 300ml [] []
[2024-04-08 08:42:20] merlin-logger.DEBUG: Invalid taxonomy. [] []
[2024-04-08 08:42:20] merlin-logger.WARNING: Failed to import yith_product_brand 3M Healthcare [] []
[2024-04-08 08:42:20] merlin-logger.DEBUG: Invalid taxonomy. [] []
[2024-04-08 08:42:20] merlin-logger.WARNING: Failed to import pa_size 3XLarge [] []
[2024-04-08 08:42:20] merlin-logger.DEBUG: Invalid taxonomy. [] []
[2024-04-08 08:42:20] merlin-logger.WARNING: Failed to import pa_size 400mg [] []
[2024-04-08 08:42:20] merlin-logger.DEBUG: Invalid taxonomy. [] []
[2024-04-08 08:42:20] merlin-logger.WARNING: Failed to import pa_size 4XLarge [] []
[2024-04-08 08:42:20] merlin-logger.DEBUG: Invalid taxonomy. [] []
[2024-04-08 08:42:20] merlin-logger.WARNING: Failed to import pa_size 5.5 [] []
[2024-04-08 08:42:20] merlin-logger.DEBUG: Invalid taxonomy. [] []
[2024-04-08 08:42:20] merlin-logger.WARNING: Failed to import pa_size 6 [] []
[2024-04-08 08:42:20] merlin-logger.DEBUG: Invalid taxonomy. [] []
[2024-04-08 08:42:20] merlin-logger.WARNING: Failed to import pa_size 7 [] []
[2024-04-08 08:42:20] merlin-logger.DEBUG: Invalid taxonomy. [] []
[2024-04-08 08:42:20] merlin-logger.WARNING: Failed to import product_tag Aspirin [] []
[2024-04-08 08:42:20] merlin-logger.DEBUG: Invalid taxonomy. [] []
[2024-04-08 08:42:20] merlin-logger.WARNING: Failed to import product_tag Bandages [] []
[2024-04-08 08:42:20] merlin-logger.DEBUG: Invalid taxonomy. [] []
[2024-04-08 08:42:20] merlin-logger.WARNING: Failed to import yith_product_brand Basic Medical [] []
[2024-04-08 08:42:20] merlin-logger.DEBUG: Invalid taxonomy. [] []
[2024-04-08 08:42:20] merlin-logger.WARNING: Failed to import pa_color Black [] []
[2024-04-08 08:42:20] merlin-logger.DEBUG: Invalid taxonomy. [] []
[2024-04-08 08:42:20] merlin-logger.WARNING: Failed to import pa_color Blue [] []
[2024-04-08 08:42:20] merlin-logger.DEBUG: Invalid taxonomy. [] []
[2024-04-08 08:42:20] merlin-logger.WARNING: Failed to import product_tag chamber [] []
[2024-04-08 08:42:20] merlin-logger.DEBUG: Invalid taxonomy. [] []
[2024-04-08 08:42:20] merlin-logger.WARNING: Failed to import product_tag Clinic [] []
[2024-04-08 08:42:20] merlin-logger.DEBUG: Invalid taxonomy. [] []
[2024-04-08 08:42:20] merlin-logger.WARNING: Failed to import product_tag Corona [] []
[2024-04-08 08:42:20] merlin-logger.DEBUG: Invalid taxonomy. [] []
[2024-04-08 08:42:20] merlin-logger.WARNING: Failed to import yith_product_brand Curad [] []
[2024-04-08 08:42:20] merlin-logger.DEBUG: Invalid taxonomy. [] []
[2024-04-08 08:42:20] merlin-logger.WARNING: Failed to import yith_product_brand Devon Medical [] []
[2024-04-08 08:42:20] merlin-logger.DEBUG: Invalid taxonomy. [] []
[2024-04-08 08:42:20] merlin-logger.WARNING: Failed to import product_tag Doctor [] []
[2024-04-08 08:42:20] merlin-logger.DEBUG: Invalid taxonomy. [] []
[2024-04-08 08:42:20] merlin-logger.WARNING: Failed to import product_tag Ear piece [] []
[2024-04-08 08:42:20] merlin-logger.DEBUG: Invalid taxonomy. [] []
[2024-04-08 08:42:20] merlin-logger.WARNING: Failed to import product_visibility exclude-from-catalog [] []
[2024-04-08 08:42:20] merlin-logger.DEBUG: Invalid taxonomy. [] []
[2024-04-08 08:42:20] merlin-logger.WARNING: Failed to import product_visibility exclude-from-search [] []
[2024-04-08 08:42:20] merlin-logger.DEBUG: Invalid taxonomy. [] []
[2024-04-08 08:42:20] merlin-logger.WARNING: Failed to import product_type external [] []
[2024-04-08 08:42:20] merlin-logger.DEBUG: Invalid taxonomy. [] []
[2024-04-08 08:42:20] merlin-logger.WARNING: Failed to import product_tag Face Mask [] []
[2024-04-08 08:42:20] merlin-logger.DEBUG: Invalid taxonomy. [] []
[2024-04-08 08:42:20] merlin-logger.WARNING: Failed to import product_visibility featured [] []
[2024-04-08 08:42:20] merlin-logger.DEBUG: Invalid taxonomy. [] []
[2024-04-08 08:42:20] merlin-logger.WARNING: Failed to import product_tag Functional foods [] []
[2024-04-08 08:42:20] merlin-logger.DEBUG: Invalid taxonomy. [] []
[2024-04-08 08:42:20] merlin-logger.WARNING: Failed to import product_cat Gloves [] []
[2024-04-08 08:42:20] merlin-logger.DEBUG: Invalid taxonomy. [] []
[2024-04-08 08:42:20] merlin-logger.WARNING: Failed to import product_tag gloves [] []
[2024-04-08 08:42:20] merlin-logger.DEBUG: Invalid taxonomy. [] []
[2024-04-08 08:42:20] merlin-logger.WARNING: Failed to import pa_color Green [] []
[2024-04-08 08:42:20] merlin-logger.DEBUG: Invalid taxonomy. [] []
[2024-04-08 08:42:20] merlin-logger.WARNING: Failed to import pa_color Grey [] []
[2024-04-08 08:42:20] merlin-logger.DEBUG: Invalid taxonomy. [] []
[2024-04-08 08:42:20] merlin-logger.WARNING: Failed to import product_type grouped [] []
[2024-04-08 08:42:20] merlin-logger.DEBUG: Invalid taxonomy. [] []
[2024-04-08 08:42:20] merlin-logger.WARNING: Failed to import product_cat Hand Sanitizers [] []
[2024-04-08 08:42:20] merlin-logger.DEBUG: Invalid taxonomy. [] []
[2024-04-08 08:42:20] merlin-logger.WARNING: Failed to import product_cat Health Care [] []
[2024-04-08 08:42:20] merlin-logger.DEBUG: Invalid taxonomy. [] []
[2024-04-08 08:42:20] merlin-logger.WARNING: Failed to import pa_image img-1 [] []
[2024-04-08 08:42:20] merlin-logger.DEBUG: Invalid taxonomy. [] []
[2024-04-08 08:42:20] merlin-logger.WARNING: Failed to import pa_image img-2 [] []
[2024-04-08 08:42:20] merlin-logger.DEBUG: Invalid taxonomy. [] []
[2024-04-08 08:42:20] merlin-logger.WARNING: Failed to import pa_image img-3 [] []
[2024-04-08 08:42:20] merlin-logger.DEBUG: Invalid taxonomy. [] []
[2024-04-08 08:42:20] merlin-logger.WARNING: Failed to import product_cat Infection Prevention [] []
[2024-04-08 08:42:20] merlin-logger.DEBUG: Invalid taxonomy. [] []
[2024-04-08 08:42:20] merlin-logger.WARNING: Failed to import pa_size Large [] []
[2024-04-08 08:42:20] merlin-logger.DEBUG: Invalid taxonomy. [] []
[2024-04-08 08:42:20] merlin-logger.WARNING: Failed to import product_tag Medical Instruments [] []
[2024-04-08 08:42:20] merlin-logger.DEBUG: Invalid taxonomy. [] []
[2024-04-08 08:42:20] merlin-logger.WARNING: Failed to import product_tag Medicine [] []
[2024-04-08 08:42:20] merlin-logger.DEBUG: Invalid taxonomy. [] []
[2024-04-08 08:42:20] merlin-logger.WARNING: Failed to import pa_size Medium [] []
[2024-04-08 08:42:20] merlin-logger.DEBUG: Invalid taxonomy. [] []
[2024-04-08 08:42:20] merlin-logger.WARNING: Failed to import yith_product_brand Medline [] []
[2024-04-08 08:42:20] merlin-logger.DEBUG: Invalid taxonomy. [] []
[2024-04-08 08:42:20] merlin-logger.WARNING: Failed to import product_tag Needle [] []
[2024-04-08 08:42:20] merlin-logger.DEBUG: Invalid taxonomy. [] []
[2024-04-08 08:42:20] merlin-logger.WARNING: Failed to import product_tag Nurse [] []
[2024-04-08 08:42:20] merlin-logger.DEBUG: Invalid taxonomy. [] []
[2024-04-08 08:42:20] merlin-logger.WARNING: Failed to import product_visibility outofstock [] []
[2024-04-08 08:42:20] merlin-logger.DEBUG: Invalid taxonomy. [] []
[2024-04-08 08:42:20] merlin-logger.WARNING: Failed to import elementor_library_type page [] []
[2024-04-08 08:42:20] merlin-logger.DEBUG: Invalid taxonomy. [] []
[2024-04-08 08:42:20] merlin-logger.WARNING: Failed to import yith_product_brand Posey Company [] []
[2024-04-08 08:42:20] merlin-logger.DEBUG: Invalid taxonomy. [] []
[2024-04-08 08:42:20] merlin-logger.WARNING: Failed to import yith_product_brand Protective Industrial [] []
[2024-04-08 08:42:20] merlin-logger.DEBUG: Invalid taxonomy. [] []
[2024-04-08 08:42:20] merlin-logger.WARNING: Failed to import product_visibility rated-1 [] []
[2024-04-08 08:42:20] merlin-logger.DEBUG: Invalid taxonomy. [] []
[2024-04-08 08:42:20] merlin-logger.WARNING: Failed to import product_visibility rated-2 [] []
[2024-04-08 08:42:20] merlin-logger.DEBUG: Invalid taxonomy. [] []
[2024-04-08 08:42:20] merlin-logger.WARNING: Failed to import product_visibility rated-3 [] []
[2024-04-08 08:42:20] merlin-logger.DEBUG: Invalid taxonomy. [] []
[2024-04-08 08:42:20] merlin-logger.WARNING: Failed to import product_visibility rated-4 [] []
[2024-04-08 08:42:20] merlin-logger.DEBUG: Invalid taxonomy. [] []
[2024-04-08 08:42:20] merlin-logger.WARNING: Failed to import product_visibility rated-5 [] []
[2024-04-08 08:42:20] merlin-logger.DEBUG: Invalid taxonomy. [] []
[2024-04-08 08:42:20] merlin-logger.WARNING: Failed to import pa_color Red [] []
[2024-04-08 08:42:20] merlin-logger.DEBUG: Invalid taxonomy. [] []
[2024-04-08 08:42:20] merlin-logger.WARNING: Failed to import pa_size Regular [] []
[2024-04-08 08:42:20] merlin-logger.DEBUG: Invalid taxonomy. [] []
[2024-04-08 08:42:20] merlin-logger.WARNING: Failed to import product_cat Safety Glasses [] []
[2024-04-08 08:42:20] merlin-logger.DEBUG: Invalid taxonomy. [] []
[2024-04-08 08:42:20] merlin-logger.WARNING: Failed to import elementor_library_type section [] []
[2024-04-08 08:42:20] merlin-logger.DEBUG: Invalid taxonomy. [] []
[2024-04-08 08:42:20] merlin-logger.WARNING: Failed to import product_type simple [] []
[2024-04-08 08:42:20] merlin-logger.DEBUG: Invalid taxonomy. [] []
[2024-04-08 08:42:20] merlin-logger.WARNING: Failed to import product_cat Surgical Caps [] []
[2024-04-08 08:42:20] merlin-logger.DEBUG: Invalid taxonomy. [] []
[2024-04-08 08:42:20] merlin-logger.WARNING: Failed to import product_cat Surgical Clothing [] []
[2024-04-08 08:42:20] merlin-logger.DEBUG: Invalid taxonomy. [] []
[2024-04-08 08:42:20] merlin-logger.WARNING: Failed to import product_cat Surgical Masks [] []
[2024-04-08 08:42:20] merlin-logger.DEBUG: Invalid taxonomy. [] []
[2024-04-08 08:42:20] merlin-logger.WARNING: Failed to import product_tag The scissors [] []
[2024-04-08 08:42:20] merlin-logger.DEBUG: Invalid taxonomy. [] []
[2024-04-08 08:42:20] merlin-logger.WARNING: Failed to import product_tag Thermometer [] []
[2024-04-08 08:42:20] merlin-logger.DEBUG: Invalid taxonomy. [] []
[2024-04-08 08:42:20] merlin-logger.WARNING: Failed to import product_type variable [] []
[2024-04-08 08:42:20] merlin-logger.DEBUG: Invalid taxonomy. [] []
[2024-04-08 08:42:20] merlin-logger.WARNING: Failed to import product_tag Vitamin [] []
[2024-04-08 08:42:20] merlin-logger.DEBUG: Invalid taxonomy. [] []
[2024-04-08 08:42:23] merlin-logger.INFO: Imported "home3_slider_05" (Media) [] []
[2024-04-08 08:42:23] merlin-logger.DEBUG: Post 263 remapped to 263 [] []
[2024-04-08 08:42:25] merlin-logger.INFO: Imported "home3_slider_06" (Media) [] []
[2024-04-08 08:42:25] merlin-logger.DEBUG: Post 264 remapped to 264 [] []
[2024-04-08 08:42:26] merlin-logger.INFO: Imported "slider_home2_bg" (Media) [] []
[2024-04-08 08:42:26] merlin-logger.DEBUG: Post 266 remapped to 266 [] []
[2024-04-08 08:42:28] merlin-logger.INFO: Imported "banner-#3" (Media) [] []
[2024-04-08 08:42:28] merlin-logger.DEBUG: Post 372 remapped to 372 [] []
[2024-04-08 08:42:30] merlin-logger.INFO: Imported "slider-banner-03" (Media) [] []
[2024-04-08 08:42:30] merlin-logger.DEBUG: Post 374 remapped to 374 [] []
[2024-04-08 08:42:32] merlin-logger.INFO: Imported "product-img-03.jpg" (Media) [] []
[2024-04-08 08:42:32] merlin-logger.DEBUG: Post 396 remapped to 396 [] []
[2024-04-08 08:42:33] merlin-logger.INFO: Imported "product-img-04.jpg" (Media) [] []
[2024-04-08 08:42:33] merlin-logger.DEBUG: Post 397 remapped to 397 [] []
[2024-04-08 08:42:34] merlin-logger.INFO: Imported "payment" (Media) [] []
[2024-04-08 08:42:34] merlin-logger.DEBUG: Post 488 remapped to 488 [] []
[2024-04-08 08:42:36] merlin-logger.INFO: Imported "img-about-us-01" (Media) [] []
[2024-04-08 08:42:36] merlin-logger.DEBUG: Post 515 remapped to 515 [] []
[2024-04-08 08:42:39] merlin-logger.INFO: Imported "img-about-us-02" (Media) [] []
[2024-04-08 08:42:39] merlin-logger.DEBUG: Post 516 remapped to 516 [] []
[2024-04-08 08:42:40] merlin-logger.INFO: Imported "brand-01" (Media) [] []
[2024-04-08 08:42:40] merlin-logger.DEBUG: Post 519 remapped to 519 [] []
[2024-04-08 08:42:40] merlin-logger.INFO: New AJAX call! [] []
[2024-04-08 08:42:41] merlin-logger.INFO: The content import AJAX call will be executed with this import data {"title":"Content","data":"/home/jassai/public_html/medlama/wp-content/uploads/2024/04/content-2024-04-08__08-41-11.xml"} []
[2024-04-08 08:42:41] merlin-logger.WARNING: Failed to import pa_size 100ml [] []
[2024-04-08 08:42:41] merlin-logger.DEBUG: Invalid taxonomy. [] []
[2024-04-08 08:42:41] merlin-logger.WARNING: Failed to import pa_size 200mg [] []
[2024-04-08 08:42:41] merlin-logger.DEBUG: Invalid taxonomy. [] []
[2024-04-08 08:42:41] merlin-logger.WARNING: Failed to import pa_size 200ml [] []
[2024-04-08 08:42:41] merlin-logger.DEBUG: Invalid taxonomy. [] []
[2024-04-08 08:42:41] merlin-logger.WARNING: Failed to import pa_size 2XLarge [] []
[2024-04-08 08:42:41] merlin-logger.DEBUG: Invalid taxonomy. [] []
[2024-04-08 08:42:41] merlin-logger.WARNING: Failed to import pa_size 300mg [] []
[2024-04-08 08:42:41] merlin-logger.DEBUG: Invalid taxonomy. [] []
[2024-04-08 08:42:41] merlin-logger.WARNING: Failed to import pa_size 300ml [] []
[2024-04-08 08:42:41] merlin-logger.DEBUG: Invalid taxonomy. [] []
[2024-04-08 08:42:41] merlin-logger.WARNING: Failed to import yith_product_brand 3M Healthcare [] []
[2024-04-08 08:42:41] merlin-logger.DEBUG: Invalid taxonomy. [] []
[2024-04-08 08:42:41] merlin-logger.WARNING: Failed to import pa_size 3XLarge [] []
[2024-04-08 08:42:41] merlin-logger.DEBUG: Invalid taxonomy. [] []
[2024-04-08 08:42:41] merlin-logger.WARNING: Failed to import pa_size 400mg [] []
[2024-04-08 08:42:41] merlin-logger.DEBUG: Invalid taxonomy. [] []
[2024-04-08 08:42:41] merlin-logger.WARNING: Failed to import pa_size 4XLarge [] []
[2024-04-08 08:42:41] merlin-logger.DEBUG: Invalid taxonomy. [] []
[2024-04-08 08:42:41] merlin-logger.WARNING: Failed to import pa_size 5.5 [] []
[2024-04-08 08:42:41] merlin-logger.DEBUG: Invalid taxonomy. [] []
[2024-04-08 08:42:41] merlin-logger.WARNING: Failed to import pa_size 6 [] []
[2024-04-08 08:42:41] merlin-logger.DEBUG: Invalid taxonomy. [] []
[2024-04-08 08:42:41] merlin-logger.WARNING: Failed to import pa_size 7 [] []
[2024-04-08 08:42:41] merlin-logger.DEBUG: Invalid taxonomy. [] []
[2024-04-08 08:42:41] merlin-logger.WARNING: Failed to import product_tag Aspirin [] []
[2024-04-08 08:42:41] merlin-logger.DEBUG: Invalid taxonomy. [] []
[2024-04-08 08:42:41] merlin-logger.WARNING: Failed to import product_tag Bandages [] []
[2024-04-08 08:42:41] merlin-logger.DEBUG: Invalid taxonomy. [] []
[2024-04-08 08:42:41] merlin-logger.WARNING: Failed to import yith_product_brand Basic Medical [] []
[2024-04-08 08:42:41] merlin-logger.DEBUG: Invalid taxonomy. [] []
[2024-04-08 08:42:41] merlin-logger.WARNING: Failed to import pa_color Black [] []
[2024-04-08 08:42:41] merlin-logger.DEBUG: Invalid taxonomy. [] []
[2024-04-08 08:42:41] merlin-logger.WARNING: Failed to import pa_color Blue [] []
[2024-04-08 08:42:41] merlin-logger.DEBUG: Invalid taxonomy. [] []
[2024-04-08 08:42:41] merlin-logger.WARNING: Failed to import product_tag chamber [] []
[2024-04-08 08:42:41] merlin-logger.DEBUG: Invalid taxonomy. [] []
[2024-04-08 08:42:41] merlin-logger.WARNING: Failed to import product_tag Clinic [] []
[2024-04-08 08:42:41] merlin-logger.DEBUG: Invalid taxonomy. [] []
[2024-04-08 08:42:41] merlin-logger.WARNING: Failed to import product_tag Corona [] []
[2024-04-08 08:42:41] merlin-logger.DEBUG: Invalid taxonomy. [] []
[2024-04-08 08:42:41] merlin-logger.WARNING: Failed to import yith_product_brand Curad [] []
[2024-04-08 08:42:41] merlin-logger.DEBUG: Invalid taxonomy. [] []
[2024-04-08 08:42:41] merlin-logger.WARNING: Failed to import yith_product_brand Devon Medical [] []
[2024-04-08 08:42:41] merlin-logger.DEBUG: Invalid taxonomy. [] []
[2024-04-08 08:42:41] merlin-logger.WARNING: Failed to import product_tag Doctor [] []
[2024-04-08 08:42:41] merlin-logger.DEBUG: Invalid taxonomy. [] []
[2024-04-08 08:42:41] merlin-logger.WARNING: Failed to import product_tag Ear piece [] []
[2024-04-08 08:42:41] merlin-logger.DEBUG: Invalid taxonomy. [] []
[2024-04-08 08:42:41] merlin-logger.WARNING: Failed to import product_visibility exclude-from-catalog [] []
[2024-04-08 08:42:41] merlin-logger.DEBUG: Invalid taxonomy. [] []
[2024-04-08 08:42:41] merlin-logger.WARNING: Failed to import product_visibility exclude-from-search [] []
[2024-04-08 08:42:41] merlin-logger.DEBUG: Invalid taxonomy. [] []
[2024-04-08 08:42:41] merlin-logger.WARNING: Failed to import product_type external [] []
[2024-04-08 08:42:41] merlin-logger.DEBUG: Invalid taxonomy. [] []
[2024-04-08 08:42:41] merlin-logger.WARNING: Failed to import product_tag Face Mask [] []
[2024-04-08 08:42:41] merlin-logger.DEBUG: Invalid taxonomy. [] []
[2024-04-08 08:42:41] merlin-logger.WARNING: Failed to import product_visibility featured [] []
[2024-04-08 08:42:41] merlin-logger.DEBUG: Invalid taxonomy. [] []
[2024-04-08 08:42:41] merlin-logger.WARNING: Failed to import product_tag Functional foods [] []
[2024-04-08 08:42:41] merlin-logger.DEBUG: Invalid taxonomy. [] []
[2024-04-08 08:42:41] merlin-logger.WARNING: Failed to import product_cat Gloves [] []
[2024-04-08 08:42:41] merlin-logger.DEBUG: Invalid taxonomy. [] []
[2024-04-08 08:42:41] merlin-logger.WARNING: Failed to import product_tag gloves [] []
[2024-04-08 08:42:41] merlin-logger.DEBUG: Invalid taxonomy. [] []
[2024-04-08 08:42:41] merlin-logger.WARNING: Failed to import pa_color Green [] []
[2024-04-08 08:42:41] merlin-logger.DEBUG: Invalid taxonomy. [] []
[2024-04-08 08:42:41] merlin-logger.WARNING: Failed to import pa_color Grey [] []
[2024-04-08 08:42:41] merlin-logger.DEBUG: Invalid taxonomy. [] []
[2024-04-08 08:42:41] merlin-logger.WARNING: Failed to import product_type grouped [] []
[2024-04-08 08:42:41] merlin-logger.DEBUG: Invalid taxonomy. [] []
[2024-04-08 08:42:41] merlin-logger.WARNING: Failed to import product_cat Hand Sanitizers [] []
[2024-04-08 08:42:41] merlin-logger.DEBUG: Invalid taxonomy. [] []
[2024-04-08 08:42:41] merlin-logger.WARNING: Failed to import product_cat Health Care [] []
[2024-04-08 08:42:41] merlin-logger.DEBUG: Invalid taxonomy. [] []
[2024-04-08 08:42:41] merlin-logger.WARNING: Failed to import pa_image img-1 [] []
[2024-04-08 08:42:41] merlin-logger.DEBUG: Invalid taxonomy. [] []
[2024-04-08 08:42:41] merlin-logger.WARNING: Failed to import pa_image img-2 [] []
[2024-04-08 08:42:41] merlin-logger.DEBUG: Invalid taxonomy. [] []
[2024-04-08 08:42:41] merlin-logger.WARNING: Failed to import pa_image img-3 [] []
[2024-04-08 08:42:41] merlin-logger.DEBUG: Invalid taxonomy. [] []
[2024-04-08 08:42:41] merlin-logger.WARNING: Failed to import product_cat Infection Prevention [] []
[2024-04-08 08:42:41] merlin-logger.DEBUG: Invalid taxonomy. [] []
[2024-04-08 08:42:41] merlin-logger.WARNING: Failed to import pa_size Large [] []
[2024-04-08 08:42:41] merlin-logger.DEBUG: Invalid taxonomy. [] []
[2024-04-08 08:42:41] merlin-logger.WARNING: Failed to import product_tag Medical Instruments [] []
[2024-04-08 08:42:41] merlin-logger.DEBUG: Invalid taxonomy. [] []
[2024-04-08 08:42:41] merlin-logger.WARNING: Failed to import product_tag Medicine [] []
[2024-04-08 08:42:41] merlin-logger.DEBUG: Invalid taxonomy. [] []
[2024-04-08 08:42:41] merlin-logger.WARNING: Failed to import pa_size Medium [] []
[2024-04-08 08:42:41] merlin-logger.DEBUG: Invalid taxonomy. [] []
[2024-04-08 08:42:41] merlin-logger.WARNING: Failed to import yith_product_brand Medline [] []
[2024-04-08 08:42:41] merlin-logger.DEBUG: Invalid taxonomy. [] []
[2024-04-08 08:42:41] merlin-logger.WARNING: Failed to import product_tag Needle [] []
[2024-04-08 08:42:41] merlin-logger.DEBUG: Invalid taxonomy. [] []
[2024-04-08 08:42:41] merlin-logger.WARNING: Failed to import product_tag Nurse [] []
[2024-04-08 08:42:41] merlin-logger.DEBUG: Invalid taxonomy. [] []
[2024-04-08 08:42:41] merlin-logger.WARNING: Failed to import product_visibility outofstock [] []
[2024-04-08 08:42:41] merlin-logger.DEBUG: Invalid taxonomy. [] []
[2024-04-08 08:42:41] merlin-logger.WARNING: Failed to import elementor_library_type page [] []
[2024-04-08 08:42:41] merlin-logger.DEBUG: Invalid taxonomy. [] []
[2024-04-08 08:42:41] merlin-logger.WARNING: Failed to import yith_product_brand Posey Company [] []
[2024-04-08 08:42:41] merlin-logger.DEBUG: Invalid taxonomy. [] []
[2024-04-08 08:42:41] merlin-logger.WARNING: Failed to import yith_product_brand Protective Industrial [] []
[2024-04-08 08:42:41] merlin-logger.DEBUG: Invalid taxonomy. [] []
[2024-04-08 08:42:41] merlin-logger.WARNING: Failed to import product_visibility rated-1 [] []
[2024-04-08 08:42:41] merlin-logger.DEBUG: Invalid taxonomy. [] []
[2024-04-08 08:42:41] merlin-logger.WARNING: Failed to import product_visibility rated-2 [] []
[2024-04-08 08:42:41] merlin-logger.DEBUG: Invalid taxonomy. [] []
[2024-04-08 08:42:41] merlin-logger.WARNING: Failed to import product_visibility rated-3 [] []
[2024-04-08 08:42:41] merlin-logger.DEBUG: Invalid taxonomy. [] []
[2024-04-08 08:42:41] merlin-logger.WARNING: Failed to import product_visibility rated-4 [] []
[2024-04-08 08:42:41] merlin-logger.DEBUG: Invalid taxonomy. [] []
[2024-04-08 08:42:41] merlin-logger.WARNING: Failed to import product_visibility rated-5 [] []
[2024-04-08 08:42:41] merlin-logger.DEBUG: Invalid taxonomy. [] []
[2024-04-08 08:42:41] merlin-logger.WARNING: Failed to import pa_color Red [] []
[2024-04-08 08:42:41] merlin-logger.DEBUG: Invalid taxonomy. [] []
[2024-04-08 08:42:41] merlin-logger.WARNING: Failed to import pa_size Regular [] []
[2024-04-08 08:42:41] merlin-logger.DEBUG: Invalid taxonomy. [] []
[2024-04-08 08:42:41] merlin-logger.WARNING: Failed to import product_cat Safety Glasses [] []
[2024-04-08 08:42:41] merlin-logger.DEBUG: Invalid taxonomy. [] []
[2024-04-08 08:42:41] merlin-logger.WARNING: Failed to import elementor_library_type section [] []
[2024-04-08 08:42:41] merlin-logger.DEBUG: Invalid taxonomy. [] []
[2024-04-08 08:42:41] merlin-logger.WARNING: Failed to import product_type simple [] []
[2024-04-08 08:42:41] merlin-logger.DEBUG: Invalid taxonomy. [] []
[2024-04-08 08:42:41] merlin-logger.WARNING: Failed to import product_cat Surgical Caps [] []
[2024-04-08 08:42:41] merlin-logger.DEBUG: Invalid taxonomy. [] []
[2024-04-08 08:42:41] merlin-logger.WARNING: Failed to import product_cat Surgical Clothing [] []
[2024-04-08 08:42:41] merlin-logger.DEBUG: Invalid taxonomy. [] []
[2024-04-08 08:42:41] merlin-logger.WARNING: Failed to import product_cat Surgical Masks [] []
[2024-04-08 08:42:41] merlin-logger.DEBUG: Invalid taxonomy. [] []
[2024-04-08 08:42:41] merlin-logger.WARNING: Failed to import product_tag The scissors [] []
[2024-04-08 08:42:41] merlin-logger.DEBUG: Invalid taxonomy. [] []
[2024-04-08 08:42:41] merlin-logger.WARNING: Failed to import product_tag Thermometer [] []
[2024-04-08 08:42:41] merlin-logger.DEBUG: Invalid taxonomy. [] []
[2024-04-08 08:42:41] merlin-logger.WARNING: Failed to import product_type variable [] []
[2024-04-08 08:42:41] merlin-logger.DEBUG: Invalid taxonomy. [] []
[2024-04-08 08:42:41] merlin-logger.WARNING: Failed to import product_tag Vitamin [] []
[2024-04-08 08:42:41] merlin-logger.DEBUG: Invalid taxonomy. [] []
[2024-04-08 08:42:42] merlin-logger.INFO: Imported "brand-02" (Media) [] []
[2024-04-08 08:42:42] merlin-logger.DEBUG: Post 520 remapped to 520 [] []
[2024-04-08 08:42:43] merlin-logger.INFO: Imported "brand-03" (Media) [] []
[2024-04-08 08:42:43] merlin-logger.DEBUG: Post 521 remapped to 521 [] []
[2024-04-08 08:42:44] merlin-logger.INFO: Imported "brand-04" (Media) [] []
[2024-04-08 08:42:44] merlin-logger.DEBUG: Post 522 remapped to 522 [] []
[2024-04-08 08:42:45] merlin-logger.INFO: Imported "brand-05" (Media) [] []
[2024-04-08 08:42:45] merlin-logger.DEBUG: Post 523 remapped to 523 [] []
[2024-04-08 08:42:46] merlin-logger.INFO: Imported "brand-06" (Media) [] []
[2024-04-08 08:42:46] merlin-logger.DEBUG: Post 524 remapped to 524 [] []
[2024-04-08 08:42:50] merlin-logger.INFO: Imported "video-about-us" (Media) [] []
[2024-04-08 08:42:50] merlin-logger.DEBUG: Post 526 remapped to 526 [] []
[2024-04-08 08:42:53] merlin-logger.INFO: Imported "test-1" (Media) [] []
[2024-04-08 08:42:53] merlin-logger.DEBUG: Post 528 remapped to 528 [] []
[2024-04-08 08:42:54] merlin-logger.INFO: Imported "test-2" (Media) [] []
[2024-04-08 08:42:54] merlin-logger.DEBUG: Post 529 remapped to 529 [] []
[2024-04-08 08:42:55] merlin-logger.INFO: Imported "test-3" (Media) [] []
[2024-04-08 08:42:55] merlin-logger.DEBUG: Post 530 remapped to 530 [] []
[2024-04-08 08:42:57] merlin-logger.INFO: Imported "term-01" (Media) [] []
[2024-04-08 08:42:57] merlin-logger.DEBUG: Post 532 remapped to 532 [] []
[2024-04-08 08:42:58] merlin-logger.INFO: Imported "term-02" (Media) [] []
[2024-04-08 08:42:58] merlin-logger.DEBUG: Post 533 remapped to 533 [] []
[2024-04-08 08:43:00] merlin-logger.INFO: Imported "term-03" (Media) [] []
[2024-04-08 08:43:00] merlin-logger.DEBUG: Post 534 remapped to 534 [] []
[2024-04-08 08:43:02] merlin-logger.INFO: Imported "term-04" (Media) [] []
[2024-04-08 08:43:02] merlin-logger.DEBUG: Post 535 remapped to 535 [] []
[2024-04-08 08:43:02] merlin-logger.INFO: New AJAX call! [] []
[2024-04-08 08:43:02] merlin-logger.INFO: The content import AJAX call will be executed with this import data {"title":"Content","data":"/home/jassai/public_html/medlama/wp-content/uploads/2024/04/content-2024-04-08__08-41-11.xml"} []
[2024-04-08 08:43:02] merlin-logger.WARNING: Failed to import pa_size 100ml [] []
[2024-04-08 08:43:02] merlin-logger.DEBUG: Invalid taxonomy. [] []
[2024-04-08 08:43:02] merlin-logger.WARNING: Failed to import pa_size 200mg [] []
[2024-04-08 08:43:02] merlin-logger.DEBUG: Invalid taxonomy. [] []
[2024-04-08 08:43:02] merlin-logger.WARNING: Failed to import pa_size 200ml [] []
[2024-04-08 08:43:02] merlin-logger.DEBUG: Invalid taxonomy. [] []
[2024-04-08 08:43:02] merlin-logger.WARNING: Failed to import pa_size 2XLarge [] []
[2024-04-08 08:43:02] merlin-logger.DEBUG: Invalid taxonomy. [] []
[2024-04-08 08:43:02] merlin-logger.WARNING: Failed to import pa_size 300mg [] []
[2024-04-08 08:43:02] merlin-logger.DEBUG: Invalid taxonomy. [] []
[2024-04-08 08:43:02] merlin-logger.WARNING: Failed to import pa_size 300ml [] []
[2024-04-08 08:43:02] merlin-logger.DEBUG: Invalid taxonomy. [] []
[2024-04-08 08:43:02] merlin-logger.WARNING: Failed to import yith_product_brand 3M Healthcare [] []
[2024-04-08 08:43:02] merlin-logger.DEBUG: Invalid taxonomy. [] []
[2024-04-08 08:43:02] merlin-logger.WARNING: Failed to import pa_size 3XLarge [] []
[2024-04-08 08:43:02] merlin-logger.DEBUG: Invalid taxonomy. [] []
[2024-04-08 08:43:02] merlin-logger.WARNING: Failed to import pa_size 400mg [] []
[2024-04-08 08:43:02] merlin-logger.DEBUG: Invalid taxonomy. [] []
[2024-04-08 08:43:02] merlin-logger.WARNING: Failed to import pa_size 4XLarge [] []
[2024-04-08 08:43:02] merlin-logger.DEBUG: Invalid taxonomy. [] []
[2024-04-08 08:43:02] merlin-logger.WARNING: Failed to import pa_size 5.5 [] []
[2024-04-08 08:43:02] merlin-logger.DEBUG: Invalid taxonomy. [] []
[2024-04-08 08:43:02] merlin-logger.WARNING: Failed to import pa_size 6 [] []
[2024-04-08 08:43:02] merlin-logger.DEBUG: Invalid taxonomy. [] []
[2024-04-08 08:43:02] merlin-logger.WARNING: Failed to import pa_size 7 [] []
[2024-04-08 08:43:02] merlin-logger.DEBUG: Invalid taxonomy. [] []
[2024-04-08 08:43:02] merlin-logger.WARNING: Failed to import product_tag Aspirin [] []
[2024-04-08 08:43:02] merlin-logger.DEBUG: Invalid taxonomy. [] []
[2024-04-08 08:43:02] merlin-logger.WARNING: Failed to import product_tag Bandages [] []
[2024-04-08 08:43:02] merlin-logger.DEBUG: Invalid taxonomy. [] []
[2024-04-08 08:43:02] merlin-logger.WARNING: Failed to import yith_product_brand Basic Medical [] []
[2024-04-08 08:43:02] merlin-logger.DEBUG: Invalid taxonomy. [] []
[2024-04-08 08:43:02] merlin-logger.WARNING: Failed to import pa_color Black [] []
[2024-04-08 08:43:02] merlin-logger.DEBUG: Invalid taxonomy. [] []
[2024-04-08 08:43:02] merlin-logger.WARNING: Failed to import pa_color Blue [] []
[2024-04-08 08:43:02] merlin-logger.DEBUG: Invalid taxonomy. [] []
[2024-04-08 08:43:02] merlin-logger.WARNING: Failed to import product_tag chamber [] []
[2024-04-08 08:43:02] merlin-logger.DEBUG: Invalid taxonomy. [] []
[2024-04-08 08:43:02] merlin-logger.WARNING: Failed to import product_tag Clinic [] []
[2024-04-08 08:43:02] merlin-logger.DEBUG: Invalid taxonomy. [] []
[2024-04-08 08:43:02] merlin-logger.WARNING: Failed to import product_tag Corona [] []
[2024-04-08 08:43:02] merlin-logger.DEBUG: Invalid taxonomy. [] []
[2024-04-08 08:43:02] merlin-logger.WARNING: Failed to import yith_product_brand Curad [] []
[2024-04-08 08:43:02] merlin-logger.DEBUG: Invalid taxonomy. [] []
[2024-04-08 08:43:02] merlin-logger.WARNING: Failed to import yith_product_brand Devon Medical [] []
[2024-04-08 08:43:02] merlin-logger.DEBUG: Invalid taxonomy. [] []
[2024-04-08 08:43:02] merlin-logger.WARNING: Failed to import product_tag Doctor [] []
[2024-04-08 08:43:02] merlin-logger.DEBUG: Invalid taxonomy. [] []
[2024-04-08 08:43:02] merlin-logger.WARNING: Failed to import product_tag Ear piece [] []
[2024-04-08 08:43:02] merlin-logger.DEBUG: Invalid taxonomy. [] []
[2024-04-08 08:43:02] merlin-logger.WARNING: Failed to import product_visibility exclude-from-catalog [] []
[2024-04-08 08:43:02] merlin-logger.DEBUG: Invalid taxonomy. [] []
[2024-04-08 08:43:02] merlin-logger.WARNING: Failed to import product_visibility exclude-from-search [] []
[2024-04-08 08:43:02] merlin-logger.DEBUG: Invalid taxonomy. [] []
[2024-04-08 08:43:02] merlin-logger.WARNING: Failed to import product_type external [] []
[2024-04-08 08:43:02] merlin-logger.DEBUG: Invalid taxonomy. [] []
[2024-04-08 08:43:02] merlin-logger.WARNING: Failed to import product_tag Face Mask [] []
[2024-04-08 08:43:02] merlin-logger.DEBUG: Invalid taxonomy. [] []
[2024-04-08 08:43:02] merlin-logger.WARNING: Failed to import product_visibility featured [] []
[2024-04-08 08:43:02] merlin-logger.DEBUG: Invalid taxonomy. [] []
[2024-04-08 08:43:02] merlin-logger.WARNING: Failed to import product_tag Functional foods [] []
[2024-04-08 08:43:02] merlin-logger.DEBUG: Invalid taxonomy. [] []
[2024-04-08 08:43:02] merlin-logger.WARNING: Failed to import product_cat Gloves [] []
[2024-04-08 08:43:02] merlin-logger.DEBUG: Invalid taxonomy. [] []
[2024-04-08 08:43:02] merlin-logger.WARNING: Failed to import product_tag gloves [] []
[2024-04-08 08:43:02] merlin-logger.DEBUG: Invalid taxonomy. [] []
[2024-04-08 08:43:02] merlin-logger.WARNING: Failed to import pa_color Green [] []
[2024-04-08 08:43:02] merlin-logger.DEBUG: Invalid taxonomy. [] []
[2024-04-08 08:43:02] merlin-logger.WARNING: Failed to import pa_color Grey [] []
[2024-04-08 08:43:02] merlin-logger.DEBUG: Invalid taxonomy. [] []
[2024-04-08 08:43:02] merlin-logger.WARNING: Failed to import product_type grouped [] []
[2024-04-08 08:43:02] merlin-logger.DEBUG: Invalid taxonomy. [] []
[2024-04-08 08:43:02] merlin-logger.WARNING: Failed to import product_cat Hand Sanitizers [] []
[2024-04-08 08:43:02] merlin-logger.DEBUG: Invalid taxonomy. [] []
[2024-04-08 08:43:02] merlin-logger.WARNING: Failed to import product_cat Health Care [] []
[2024-04-08 08:43:02] merlin-logger.DEBUG: Invalid taxonomy. [] []
[2024-04-08 08:43:02] merlin-logger.WARNING: Failed to import pa_image img-1 [] []
[2024-04-08 08:43:02] merlin-logger.DEBUG: Invalid taxonomy. [] []
[2024-04-08 08:43:02] merlin-logger.WARNING: Failed to import pa_image img-2 [] []
[2024-04-08 08:43:02] merlin-logger.DEBUG: Invalid taxonomy. [] []
[2024-04-08 08:43:02] merlin-logger.WARNING: Failed to import pa_image img-3 [] []
[2024-04-08 08:43:02] merlin-logger.DEBUG: Invalid taxonomy. [] []
[2024-04-08 08:43:02] merlin-logger.WARNING: Failed to import product_cat Infection Prevention [] []
[2024-04-08 08:43:02] merlin-logger.DEBUG: Invalid taxonomy. [] []
[2024-04-08 08:43:02] merlin-logger.WARNING: Failed to import pa_size Large [] []
[2024-04-08 08:43:02] merlin-logger.DEBUG: Invalid taxonomy. [] []
[2024-04-08 08:43:02] merlin-logger.WARNING: Failed to import product_tag Medical Instruments [] []
[2024-04-08 08:43:02] merlin-logger.DEBUG: Invalid taxonomy. [] []
[2024-04-08 08:43:02] merlin-logger.WARNING: Failed to import product_tag Medicine [] []
[2024-04-08 08:43:02] merlin-logger.DEBUG: Invalid taxonomy. [] []
[2024-04-08 08:43:02] merlin-logger.WARNING: Failed to import pa_size Medium [] []
[2024-04-08 08:43:02] merlin-logger.DEBUG: Invalid taxonomy. [] []
[2024-04-08 08:43:02] merlin-logger.WARNING: Failed to import yith_product_brand Medline [] []
[2024-04-08 08:43:02] merlin-logger.DEBUG: Invalid taxonomy. [] []
[2024-04-08 08:43:02] merlin-logger.WARNING: Failed to import product_tag Needle [] []
[2024-04-08 08:43:02] merlin-logger.DEBUG: Invalid taxonomy. [] []
[2024-04-08 08:43:02] merlin-logger.WARNING: Failed to import product_tag Nurse [] []
[2024-04-08 08:43:02] merlin-logger.DEBUG: Invalid taxonomy. [] []
[2024-04-08 08:43:02] merlin-logger.WARNING: Failed to import product_visibility outofstock [] []
[2024-04-08 08:43:02] merlin-logger.DEBUG: Invalid taxonomy. [] []
[2024-04-08 08:43:02] merlin-logger.WARNING: Failed to import elementor_library_type page [] []
[2024-04-08 08:43:02] merlin-logger.DEBUG: Invalid taxonomy. [] []
[2024-04-08 08:43:02] merlin-logger.WARNING: Failed to import yith_product_brand Posey Company [] []
[2024-04-08 08:43:02] merlin-logger.DEBUG: Invalid taxonomy. [] []
[2024-04-08 08:43:02] merlin-logger.WARNING: Failed to import yith_product_brand Protective Industrial [] []
[2024-04-08 08:43:02] merlin-logger.DEBUG: Invalid taxonomy. [] []
[2024-04-08 08:43:02] merlin-logger.WARNING: Failed to import product_visibility rated-1 [] []
[2024-04-08 08:43:02] merlin-logger.DEBUG: Invalid taxonomy. [] []
[2024-04-08 08:43:02] merlin-logger.WARNING: Failed to import product_visibility rated-2 [] []
[2024-04-08 08:43:02] merlin-logger.DEBUG: Invalid taxonomy. [] []
[2024-04-08 08:43:02] merlin-logger.WARNING: Failed to import product_visibility rated-3 [] []
[2024-04-08 08:43:02] merlin-logger.DEBUG: Invalid taxonomy. [] []
[2024-04-08 08:43:02] merlin-logger.WARNING: Failed to import product_visibility rated-4 [] []
[2024-04-08 08:43:02] merlin-logger.DEBUG: Invalid taxonomy. [] []
[2024-04-08 08:43:02] merlin-logger.WARNING: Failed to import product_visibility rated-5 [] []
[2024-04-08 08:43:02] merlin-logger.DEBUG: Invalid taxonomy. [] []
[2024-04-08 08:43:02] merlin-logger.WARNING: Failed to import pa_color Red [] []
[2024-04-08 08:43:02] merlin-logger.DEBUG: Invalid taxonomy. [] []
[2024-04-08 08:43:02] merlin-logger.WARNING: Failed to import pa_size Regular [] []
[2024-04-08 08:43:02] merlin-logger.DEBUG: Invalid taxonomy. [] []
[2024-04-08 08:43:02] merlin-logger.WARNING: Failed to import product_cat Safety Glasses [] []
[2024-04-08 08:43:02] merlin-logger.DEBUG: Invalid taxonomy. [] []
[2024-04-08 08:43:02] merlin-logger.WARNING: Failed to import elementor_library_type section [] []
[2024-04-08 08:43:02] merlin-logger.DEBUG: Invalid taxonomy. [] []
[2024-04-08 08:43:02] merlin-logger.WARNING: Failed to import product_type simple [] []
[2024-04-08 08:43:02] merlin-logger.DEBUG: Invalid taxonomy. [] []
[2024-04-08 08:43:02] merlin-logger.WARNING: Failed to import product_cat Surgical Caps [] []
[2024-04-08 08:43:02] merlin-logger.DEBUG: Invalid taxonomy. [] []
[2024-04-08 08:43:02] merlin-logger.WARNING: Failed to import product_cat Surgical Clothing [] []
[2024-04-08 08:43:02] merlin-logger.DEBUG: Invalid taxonomy. [] []
[2024-04-08 08:43:02] merlin-logger.WARNING: Failed to import product_cat Surgical Masks [] []
[2024-04-08 08:43:02] merlin-logger.DEBUG: Invalid taxonomy. [] []
[2024-04-08 08:43:02] merlin-logger.WARNING: Failed to import product_tag The scissors [] []
[2024-04-08 08:43:02] merlin-logger.DEBUG: Invalid taxonomy. [] []
[2024-04-08 08:43:02] merlin-logger.WARNING: Failed to import product_tag Thermometer [] []
[2024-04-08 08:43:02] merlin-logger.DEBUG: Invalid taxonomy. [] []
[2024-04-08 08:43:02] merlin-logger.WARNING: Failed to import product_type variable [] []
[2024-04-08 08:43:02] merlin-logger.DEBUG: Invalid taxonomy. [] []
[2024-04-08 08:43:02] merlin-logger.WARNING: Failed to import product_tag Vitamin [] []
[2024-04-08 08:43:02] merlin-logger.DEBUG: Invalid taxonomy. [] []
[2024-04-08 08:43:03] merlin-logger.INFO: Imported "term-05" (Media) [] []
[2024-04-08 08:43:03] merlin-logger.DEBUG: Post 536 remapped to 536 [] []
[2024-04-08 08:43:05] merlin-logger.INFO: Imported "term-06" (Media) [] []
[2024-04-08 08:43:05] merlin-logger.DEBUG: Post 537 remapped to 537 [] []
[2024-04-08 08:43:07] merlin-logger.INFO: Imported "img-404" (Media) [] []
[2024-04-08 08:43:07] merlin-logger.DEBUG: Post 987 remapped to 987 [] []
[2024-04-08 08:43:08] merlin-logger.INFO: Imported "image-breadcrumb" (Media) [] []
[2024-04-08 08:43:08] merlin-logger.DEBUG: Post 1030 remapped to 1030 [] []
[2024-04-08 08:43:10] merlin-logger.INFO: Imported "img-contact-01" (Media) [] []
[2024-04-08 08:43:10] merlin-logger.DEBUG: Post 1051 remapped to 1051 [] []
[2024-04-08 08:43:14] merlin-logger.INFO: Imported "img-contact-02" (Media) [] []
[2024-04-08 08:43:14] merlin-logger.DEBUG: Post 1052 remapped to 1052 [] []
[2024-04-08 08:43:16] merlin-logger.INFO: Imported "img-contact-03" (Media) [] []
[2024-04-08 08:43:16] merlin-logger.DEBUG: Post 1053 remapped to 1053 [] []
[2024-04-08 08:43:18] merlin-logger.INFO: Imported "img-contact-04" (Media) [] []
[2024-04-08 08:43:18] merlin-logger.DEBUG: Post 1054 remapped to 1054 [] []
[2024-04-08 08:43:19] merlin-logger.INFO: Imported "img-faq" (Media) [] []
[2024-04-08 08:43:19] merlin-logger.DEBUG: Post 1061 remapped to 1061 [] []
[2024-04-08 08:43:23] merlin-logger.INFO: Imported "product-01" (Media) [] []
[2024-04-08 08:43:23] merlin-logger.DEBUG: Post 1075 remapped to 1075 [] []
[2024-04-08 08:43:23] merlin-logger.INFO: New AJAX call! [] []
[2024-04-08 08:43:23] merlin-logger.INFO: The content import AJAX call will be executed with this import data {"title":"Content","data":"/home/jassai/public_html/medlama/wp-content/uploads/2024/04/content-2024-04-08__08-41-11.xml"} []
[2024-04-08 08:43:23] merlin-logger.WARNING: Failed to import pa_size 100ml [] []
[2024-04-08 08:43:23] merlin-logger.DEBUG: Invalid taxonomy. [] []
[2024-04-08 08:43:23] merlin-logger.WARNING: Failed to import pa_size 200mg [] []
[2024-04-08 08:43:23] merlin-logger.DEBUG: Invalid taxonomy. [] []
[2024-04-08 08:43:23] merlin-logger.WARNING: Failed to import pa_size 200ml [] []
[2024-04-08 08:43:23] merlin-logger.DEBUG: Invalid taxonomy. [] []
[2024-04-08 08:43:23] merlin-logger.WARNING: Failed to import pa_size 2XLarge [] []
[2024-04-08 08:43:23] merlin-logger.DEBUG: Invalid taxonomy. [] []
[2024-04-08 08:43:23] merlin-logger.WARNING: Failed to import pa_size 300mg [] []
[2024-04-08 08:43:23] merlin-logger.DEBUG: Invalid taxonomy. [] []
[2024-04-08 08:43:23] merlin-logger.WARNING: Failed to import pa_size 300ml [] []
[2024-04-08 08:43:23] merlin-logger.DEBUG: Invalid taxonomy. [] []
[2024-04-08 08:43:23] merlin-logger.WARNING: Failed to import yith_product_brand 3M Healthcare [] []
[2024-04-08 08:43:23] merlin-logger.DEBUG: Invalid taxonomy. [] []
[2024-04-08 08:43:23] merlin-logger.WARNING: Failed to import pa_size 3XLarge [] []
[2024-04-08 08:43:23] merlin-logger.DEBUG: Invalid taxonomy. [] []
[2024-04-08 08:43:23] merlin-logger.WARNING: Failed to import pa_size 400mg [] []
[2024-04-08 08:43:23] merlin-logger.DEBUG: Invalid taxonomy. [] []
[2024-04-08 08:43:23] merlin-logger.WARNING: Failed to import pa_size 4XLarge [] []
[2024-04-08 08:43:23] merlin-logger.DEBUG: Invalid taxonomy. [] []
[2024-04-08 08:43:23] merlin-logger.WARNING: Failed to import pa_size 5.5 [] []
[2024-04-08 08:43:23] merlin-logger.DEBUG: Invalid taxonomy. [] []
[2024-04-08 08:43:23] merlin-logger.WARNING: Failed to import pa_size 6 [] []
[2024-04-08 08:43:23] merlin-logger.DEBUG: Invalid taxonomy. [] []
[2024-04-08 08:43:23] merlin-logger.WARNING: Failed to import pa_size 7 [] []
[2024-04-08 08:43:23] merlin-logger.DEBUG: Invalid taxonomy. [] []
[2024-04-08 08:43:23] merlin-logger.WARNING: Failed to import product_tag Aspirin [] []
[2024-04-08 08:43:23] merlin-logger.DEBUG: Invalid taxonomy. [] []
[2024-04-08 08:43:23] merlin-logger.WARNING: Failed to import product_tag Bandages [] []
[2024-04-08 08:43:23] merlin-logger.DEBUG: Invalid taxonomy. [] []
[2024-04-08 08:43:23] merlin-logger.WARNING: Failed to import yith_product_brand Basic Medical [] []
[2024-04-08 08:43:23] merlin-logger.DEBUG: Invalid taxonomy. [] []
[2024-04-08 08:43:23] merlin-logger.WARNING: Failed to import pa_color Black [] []
[2024-04-08 08:43:23] merlin-logger.DEBUG: Invalid taxonomy. [] []
[2024-04-08 08:43:23] merlin-logger.WARNING: Failed to import pa_color Blue [] []
[2024-04-08 08:43:23] merlin-logger.DEBUG: Invalid taxonomy. [] []
[2024-04-08 08:43:23] merlin-logger.WARNING: Failed to import product_tag chamber [] []
[2024-04-08 08:43:23] merlin-logger.DEBUG: Invalid taxonomy. [] []
[2024-04-08 08:43:23] merlin-logger.WARNING: Failed to import product_tag Clinic [] []
[2024-04-08 08:43:23] merlin-logger.DEBUG: Invalid taxonomy. [] []
[2024-04-08 08:43:23] merlin-logger.WARNING: Failed to import product_tag Corona [] []
[2024-04-08 08:43:23] merlin-logger.DEBUG: Invalid taxonomy. [] []
[2024-04-08 08:43:23] merlin-logger.WARNING: Failed to import yith_product_brand Curad [] []
[2024-04-08 08:43:23] merlin-logger.DEBUG: Invalid taxonomy. [] []
[2024-04-08 08:43:23] merlin-logger.WARNING: Failed to import yith_product_brand Devon Medical [] []
[2024-04-08 08:43:23] merlin-logger.DEBUG: Invalid taxonomy. [] []
[2024-04-08 08:43:23] merlin-logger.WARNING: Failed to import product_tag Doctor [] []
[2024-04-08 08:43:23] merlin-logger.DEBUG: Invalid taxonomy. [] []
[2024-04-08 08:43:23] merlin-logger.WARNING: Failed to import product_tag Ear piece [] []
[2024-04-08 08:43:23] merlin-logger.DEBUG: Invalid taxonomy. [] []
[2024-04-08 08:43:23] merlin-logger.WARNING: Failed to import product_visibility exclude-from-catalog [] []
[2024-04-08 08:43:23] merlin-logger.DEBUG: Invalid taxonomy. [] []
[2024-04-08 08:43:23] merlin-logger.WARNING: Failed to import product_visibility exclude-from-search [] []
[2024-04-08 08:43:23] merlin-logger.DEBUG: Invalid taxonomy. [] []
[2024-04-08 08:43:23] merlin-logger.WARNING: Failed to import product_type external [] []
[2024-04-08 08:43:23] merlin-logger.DEBUG: Invalid taxonomy. [] []
[2024-04-08 08:43:23] merlin-logger.WARNING: Failed to import product_tag Face Mask [] []
[2024-04-08 08:43:23] merlin-logger.DEBUG: Invalid taxonomy. [] []
[2024-04-08 08:43:23] merlin-logger.WARNING: Failed to import product_visibility featured [] []
[2024-04-08 08:43:23] merlin-logger.DEBUG: Invalid taxonomy. [] []
[2024-04-08 08:43:23] merlin-logger.WARNING: Failed to import product_tag Functional foods [] []
[2024-04-08 08:43:23] merlin-logger.DEBUG: Invalid taxonomy. [] []
[2024-04-08 08:43:23] merlin-logger.WARNING: Failed to import product_cat Gloves [] []
[2024-04-08 08:43:23] merlin-logger.DEBUG: Invalid taxonomy. [] []
[2024-04-08 08:43:23] merlin-logger.WARNING: Failed to import product_tag gloves [] []
[2024-04-08 08:43:23] merlin-logger.DEBUG: Invalid taxonomy. [] []
[2024-04-08 08:43:23] merlin-logger.WARNING: Failed to import pa_color Green [] []
[2024-04-08 08:43:23] merlin-logger.DEBUG: Invalid taxonomy. [] []
[2024-04-08 08:43:23] merlin-logger.WARNING: Failed to import pa_color Grey [] []
[2024-04-08 08:43:23] merlin-logger.DEBUG: Invalid taxonomy. [] []
[2024-04-08 08:43:23] merlin-logger.WARNING: Failed to import product_type grouped [] []
[2024-04-08 08:43:23] merlin-logger.DEBUG: Invalid taxonomy. [] []
[2024-04-08 08:43:23] merlin-logger.WARNING: Failed to import product_cat Hand Sanitizers [] []
[2024-04-08 08:43:23] merlin-logger.DEBUG: Invalid taxonomy. [] []
[2024-04-08 08:43:23] merlin-logger.WARNING: Failed to import product_cat Health Care [] []
[2024-04-08 08:43:23] merlin-logger.DEBUG: Invalid taxonomy. [] []
[2024-04-08 08:43:23] merlin-logger.WARNING: Failed to import pa_image img-1 [] []
[2024-04-08 08:43:23] merlin-logger.DEBUG: Invalid taxonomy. [] []
[2024-04-08 08:43:23] merlin-logger.WARNING: Failed to import pa_image img-2 [] []
[2024-04-08 08:43:23] merlin-logger.DEBUG: Invalid taxonomy. [] []
[2024-04-08 08:43:23] merlin-logger.WARNING: Failed to import pa_image img-3 [] []
[2024-04-08 08:43:23] merlin-logger.DEBUG: Invalid taxonomy. [] []
[2024-04-08 08:43:23] merlin-logger.WARNING: Failed to import product_cat Infection Prevention [] []
[2024-04-08 08:43:23] merlin-logger.DEBUG: Invalid taxonomy. [] []
[2024-04-08 08:43:23] merlin-logger.WARNING: Failed to import pa_size Large [] []
[2024-04-08 08:43:23] merlin-logger.DEBUG: Invalid taxonomy. [] []
[2024-04-08 08:43:23] merlin-logger.WARNING: Failed to import product_tag Medical Instruments [] []
[2024-04-08 08:43:23] merlin-logger.DEBUG: Invalid taxonomy. [] []
[2024-04-08 08:43:23] merlin-logger.WARNING: Failed to import product_tag Medicine [] []
[2024-04-08 08:43:23] merlin-logger.DEBUG: Invalid taxonomy. [] []
[2024-04-08 08:43:23] merlin-logger.WARNING: Failed to import pa_size Medium [] []
[2024-04-08 08:43:23] merlin-logger.DEBUG: Invalid taxonomy. [] []
[2024-04-08 08:43:23] merlin-logger.WARNING: Failed to import yith_product_brand Medline [] []
[2024-04-08 08:43:23] merlin-logger.DEBUG: Invalid taxonomy. [] []
[2024-04-08 08:43:23] merlin-logger.WARNING: Failed to import product_tag Needle [] []
[2024-04-08 08:43:23] merlin-logger.DEBUG: Invalid taxonomy. [] []
[2024-04-08 08:43:23] merlin-logger.WARNING: Failed to import product_tag Nurse [] []
[2024-04-08 08:43:23] merlin-logger.DEBUG: Invalid taxonomy. [] []
[2024-04-08 08:43:23] merlin-logger.WARNING: Failed to import product_visibility outofstock [] []
[2024-04-08 08:43:23] merlin-logger.DEBUG: Invalid taxonomy. [] []
[2024-04-08 08:43:23] merlin-logger.WARNING: Failed to import elementor_library_type page [] []
[2024-04-08 08:43:23] merlin-logger.DEBUG: Invalid taxonomy. [] []
[2024-04-08 08:43:23] merlin-logger.WARNING: Failed to import yith_product_brand Posey Company [] []
[2024-04-08 08:43:23] merlin-logger.DEBUG: Invalid taxonomy. [] []
[2024-04-08 08:43:23] merlin-logger.WARNING: Failed to import yith_product_brand Protective Industrial [] []
[2024-04-08 08:43:23] merlin-logger.DEBUG: Invalid taxonomy. [] []
[2024-04-08 08:43:23] merlin-logger.WARNING: Failed to import product_visibility rated-1 [] []
[2024-04-08 08:43:23] merlin-logger.DEBUG: Invalid taxonomy. [] []
[2024-04-08 08:43:23] merlin-logger.WARNING: Failed to import product_visibility rated-2 [] []
[2024-04-08 08:43:23] merlin-logger.DEBUG: Invalid taxonomy. [] []
[2024-04-08 08:43:23] merlin-logger.WARNING: Failed to import product_visibility rated-3 [] []
[2024-04-08 08:43:23] merlin-logger.DEBUG: Invalid taxonomy. [] []
[2024-04-08 08:43:23] merlin-logger.WARNING: Failed to import product_visibility rated-4 [] []
[2024-04-08 08:43:23] merlin-logger.DEBUG: Invalid taxonomy. [] []
[2024-04-08 08:43:23] merlin-logger.WARNING: Failed to import product_visibility rated-5 [] []
[2024-04-08 08:43:23] merlin-logger.DEBUG: Invalid taxonomy. [] []
[2024-04-08 08:43:23] merlin-logger.WARNING: Failed to import pa_color Red [] []
[2024-04-08 08:43:23] merlin-logger.DEBUG: Invalid taxonomy. [] []
[2024-04-08 08:43:23] merlin-logger.WARNING: Failed to import pa_size Regular [] []
[2024-04-08 08:43:23] merlin-logger.DEBUG: Invalid taxonomy. [] []
[2024-04-08 08:43:23] merlin-logger.WARNING: Failed to import product_cat Safety Glasses [] []
[2024-04-08 08:43:23] merlin-logger.DEBUG: Invalid taxonomy. [] []
[2024-04-08 08:43:23] merlin-logger.WARNING: Failed to import elementor_library_type section [] []
[2024-04-08 08:43:23] merlin-logger.DEBUG: Invalid taxonomy. [] []
[2024-04-08 08:43:23] merlin-logger.WARNING: Failed to import product_type simple [] []
[2024-04-08 08:43:23] merlin-logger.DEBUG: Invalid taxonomy. [] []
[2024-04-08 08:43:23] merlin-logger.WARNING: Failed to import product_cat Surgical Caps [] []
[2024-04-08 08:43:23] merlin-logger.DEBUG: Invalid taxonomy. [] []
[2024-04-08 08:43:23] merlin-logger.WARNING: Failed to import product_cat Surgical Clothing [] []
[2024-04-08 08:43:23] merlin-logger.DEBUG: Invalid taxonomy. [] []
[2024-04-08 08:43:23] merlin-logger.WARNING: Failed to import product_cat Surgical Masks [] []
[2024-04-08 08:43:23] merlin-logger.DEBUG: Invalid taxonomy. [] []
[2024-04-08 08:43:23] merlin-logger.WARNING: Failed to import product_tag The scissors [] []
[2024-04-08 08:43:23] merlin-logger.DEBUG: Invalid taxonomy. [] []
[2024-04-08 08:43:23] merlin-logger.WARNING: Failed to import product_tag Thermometer [] []
[2024-04-08 08:43:23] merlin-logger.DEBUG: Invalid taxonomy. [] []
[2024-04-08 08:43:23] merlin-logger.WARNING: Failed to import product_type variable [] []
[2024-04-08 08:43:23] merlin-logger.DEBUG: Invalid taxonomy. [] []
[2024-04-08 08:43:23] merlin-logger.WARNING: Failed to import product_tag Vitamin [] []
[2024-04-08 08:43:23] merlin-logger.DEBUG: Invalid taxonomy. [] []
[2024-04-08 08:43:25] merlin-logger.INFO: Imported "product-02" (Media) [] []
[2024-04-08 08:43:25] merlin-logger.DEBUG: Post 1076 remapped to 1076 [] []
[2024-04-08 08:43:27] merlin-logger.INFO: Imported "product-03" (Media) [] []
[2024-04-08 08:43:27] merlin-logger.DEBUG: Post 1077 remapped to 1077 [] []
[2024-04-08 08:43:28] merlin-logger.INFO: Imported "product-04" (Media) [] []
[2024-04-08 08:43:28] merlin-logger.DEBUG: Post 1078 remapped to 1078 [] []
[2024-04-08 08:43:30] merlin-logger.INFO: Imported "product-05" (Media) [] []
[2024-04-08 08:43:30] merlin-logger.DEBUG: Post 1079 remapped to 1079 [] []
[2024-04-08 08:43:32] merlin-logger.INFO: Imported "product-06" (Media) [] []
[2024-04-08 08:43:32] merlin-logger.DEBUG: Post 1080 remapped to 1080 [] []
[2024-04-08 08:43:34] merlin-logger.INFO: Imported "product-07" (Media) [] []
[2024-04-08 08:43:34] merlin-logger.DEBUG: Post 1081 remapped to 1081 [] []
[2024-04-08 08:43:36] merlin-logger.INFO: Imported "product-09" (Media) [] []
[2024-04-08 08:43:36] merlin-logger.DEBUG: Post 1084 remapped to 1084 [] []
[2024-04-08 08:43:38] merlin-logger.INFO: Imported "product-10" (Media) [] []
[2024-04-08 08:43:38] merlin-logger.DEBUG: Post 1085 remapped to 1085 [] []
[2024-04-08 08:43:40] merlin-logger.INFO: Imported "product-11" (Media) [] []
[2024-04-08 08:43:40] merlin-logger.DEBUG: Post 1086 remapped to 1086 [] []
[2024-04-08 08:43:42] merlin-logger.INFO: Imported "product-12" (Media) [] []
[2024-04-08 08:43:42] merlin-logger.DEBUG: Post 1088 remapped to 1088 [] []
[2024-04-08 08:43:44] merlin-logger.INFO: Imported "product-13" (Media) [] []
[2024-04-08 08:43:44] merlin-logger.DEBUG: Post 1089 remapped to 1089 [] []
[2024-04-08 08:43:44] merlin-logger.INFO: New AJAX call! [] []
[2024-04-08 08:43:44] merlin-logger.INFO: The content import AJAX call will be executed with this import data {"title":"Content","data":"/home/jassai/public_html/medlama/wp-content/uploads/2024/04/content-2024-04-08__08-41-11.xml"} []
[2024-04-08 08:43:44] merlin-logger.WARNING: Failed to import pa_size 100ml [] []
[2024-04-08 08:43:44] merlin-logger.DEBUG: Invalid taxonomy. [] []
[2024-04-08 08:43:44] merlin-logger.WARNING: Failed to import pa_size 200mg [] []
[2024-04-08 08:43:44] merlin-logger.DEBUG: Invalid taxonomy. [] []
[2024-04-08 08:43:44] merlin-logger.WARNING: Failed to import pa_size 200ml [] []
[2024-04-08 08:43:44] merlin-logger.DEBUG: Invalid taxonomy. [] []
[2024-04-08 08:43:44] merlin-logger.WARNING: Failed to import pa_size 2XLarge [] []
[2024-04-08 08:43:44] merlin-logger.DEBUG: Invalid taxonomy. [] []
[2024-04-08 08:43:44] merlin-logger.WARNING: Failed to import pa_size 300mg [] []
[2024-04-08 08:43:44] merlin-logger.DEBUG: Invalid taxonomy. [] []
[2024-04-08 08:43:44] merlin-logger.WARNING: Failed to import pa_size 300ml [] []
[2024-04-08 08:43:44] merlin-logger.DEBUG: Invalid taxonomy. [] []
[2024-04-08 08:43:44] merlin-logger.WARNING: Failed to import yith_product_brand 3M Healthcare [] []
[2024-04-08 08:43:44] merlin-logger.DEBUG: Invalid taxonomy. [] []
[2024-04-08 08:43:44] merlin-logger.WARNING: Failed to import pa_size 3XLarge [] []
[2024-04-08 08:43:44] merlin-logger.DEBUG: Invalid taxonomy. [] []
[2024-04-08 08:43:44] merlin-logger.WARNING: Failed to import pa_size 400mg [] []
[2024-04-08 08:43:44] merlin-logger.DEBUG: Invalid taxonomy. [] []
[2024-04-08 08:43:44] merlin-logger.WARNING: Failed to import pa_size 4XLarge [] []
[2024-04-08 08:43:44] merlin-logger.DEBUG: Invalid taxonomy. [] []
[2024-04-08 08:43:44] merlin-logger.WARNING: Failed to import pa_size 5.5 [] []
[2024-04-08 08:43:44] merlin-logger.DEBUG: Invalid taxonomy. [] []
[2024-04-08 08:43:44] merlin-logger.WARNING: Failed to import pa_size 6 [] []
[2024-04-08 08:43:44] merlin-logger.DEBUG: Invalid taxonomy. [] []
[2024-04-08 08:43:44] merlin-logger.WARNING: Failed to import pa_size 7 [] []
[2024-04-08 08:43:44] merlin-logger.DEBUG: Invalid taxonomy. [] []
[2024-04-08 08:43:44] merlin-logger.WARNING: Failed to import product_tag Aspirin [] []
[2024-04-08 08:43:44] merlin-logger.DEBUG: Invalid taxonomy. [] []
[2024-04-08 08:43:44] merlin-logger.WARNING: Failed to import product_tag Bandages [] []
[2024-04-08 08:43:44] merlin-logger.DEBUG: Invalid taxonomy. [] []
[2024-04-08 08:43:44] merlin-logger.WARNING: Failed to import yith_product_brand Basic Medical [] []
[2024-04-08 08:43:44] merlin-logger.DEBUG: Invalid taxonomy. [] []
[2024-04-08 08:43:44] merlin-logger.WARNING: Failed to import pa_color Black [] []
[2024-04-08 08:43:44] merlin-logger.DEBUG: Invalid taxonomy. [] []
[2024-04-08 08:43:44] merlin-logger.WARNING: Failed to import pa_color Blue [] []
[2024-04-08 08:43:44] merlin-logger.DEBUG: Invalid taxonomy. [] []
[2024-04-08 08:43:44] merlin-logger.WARNING: Failed to import product_tag chamber [] []
[2024-04-08 08:43:44] merlin-logger.DEBUG: Invalid taxonomy. [] []
[2024-04-08 08:43:44] merlin-logger.WARNING: Failed to import product_tag Clinic [] []
[2024-04-08 08:43:44] merlin-logger.DEBUG: Invalid taxonomy. [] []
[2024-04-08 08:43:44] merlin-logger.WARNING: Failed to import product_tag Corona [] []
[2024-04-08 08:43:44] merlin-logger.DEBUG: Invalid taxonomy. [] []
[2024-04-08 08:43:44] merlin-logger.WARNING: Failed to import yith_product_brand Curad [] []
[2024-04-08 08:43:44] merlin-logger.DEBUG: Invalid taxonomy. [] []
[2024-04-08 08:43:44] merlin-logger.WARNING: Failed to import yith_product_brand Devon Medical [] []
[2024-04-08 08:43:44] merlin-logger.DEBUG: Invalid taxonomy. [] []
[2024-04-08 08:43:44] merlin-logger.WARNING: Failed to import product_tag Doctor [] []
[2024-04-08 08:43:44] merlin-logger.DEBUG: Invalid taxonomy. [] []
[2024-04-08 08:43:44] merlin-logger.WARNING: Failed to import product_tag Ear piece [] []
[2024-04-08 08:43:44] merlin-logger.DEBUG: Invalid taxonomy. [] []
[2024-04-08 08:43:44] merlin-logger.WARNING: Failed to import product_visibility exclude-from-catalog [] []
[2024-04-08 08:43:44] merlin-logger.DEBUG: Invalid taxonomy. [] []
[2024-04-08 08:43:44] merlin-logger.WARNING: Failed to import product_visibility exclude-from-search [] []
[2024-04-08 08:43:44] merlin-logger.DEBUG: Invalid taxonomy. [] []
[2024-04-08 08:43:44] merlin-logger.WARNING: Failed to import product_type external [] []
[2024-04-08 08:43:44] merlin-logger.DEBUG: Invalid taxonomy. [] []
[2024-04-08 08:43:44] merlin-logger.WARNING: Failed to import product_tag Face Mask [] []
[2024-04-08 08:43:44] merlin-logger.DEBUG: Invalid taxonomy. [] []
[2024-04-08 08:43:44] merlin-logger.WARNING: Failed to import product_visibility featured [] []
[2024-04-08 08:43:44] merlin-logger.DEBUG: Invalid taxonomy. [] []
[2024-04-08 08:43:44] merlin-logger.WARNING: Failed to import product_tag Functional foods [] []
[2024-04-08 08:43:44] merlin-logger.DEBUG: Invalid taxonomy. [] []
[2024-04-08 08:43:44] merlin-logger.WARNING: Failed to import product_cat Gloves [] []
[2024-04-08 08:43:44] merlin-logger.DEBUG: Invalid taxonomy. [] []
[2024-04-08 08:43:44] merlin-logger.WARNING: Failed to import product_tag gloves [] []
[2024-04-08 08:43:44] merlin-logger.DEBUG: Invalid taxonomy. [] []
[2024-04-08 08:43:44] merlin-logger.WARNING: Failed to import pa_color Green [] []
[2024-04-08 08:43:44] merlin-logger.DEBUG: Invalid taxonomy. [] []
[2024-04-08 08:43:44] merlin-logger.WARNING: Failed to import pa_color Grey [] []
[2024-04-08 08:43:44] merlin-logger.DEBUG: Invalid taxonomy. [] []
[2024-04-08 08:43:44] merlin-logger.WARNING: Failed to import product_type grouped [] []
[2024-04-08 08:43:44] merlin-logger.DEBUG: Invalid taxonomy. [] []
[2024-04-08 08:43:44] merlin-logger.WARNING: Failed to import product_cat Hand Sanitizers [] []
[2024-04-08 08:43:44] merlin-logger.DEBUG: Invalid taxonomy. [] []
[2024-04-08 08:43:44] merlin-logger.WARNING: Failed to import product_cat Health Care [] []
[2024-04-08 08:43:44] merlin-logger.DEBUG: Invalid taxonomy. [] []
[2024-04-08 08:43:44] merlin-logger.WARNING: Failed to import pa_image img-1 [] []
[2024-04-08 08:43:44] merlin-logger.DEBUG: Invalid taxonomy. [] []
[2024-04-08 08:43:44] merlin-logger.WARNING: Failed to import pa_image img-2 [] []
[2024-04-08 08:43:44] merlin-logger.DEBUG: Invalid taxonomy. [] []
[2024-04-08 08:43:44] merlin-logger.WARNING: Failed to import pa_image img-3 [] []
[2024-04-08 08:43:44] merlin-logger.DEBUG: Invalid taxonomy. [] []
[2024-04-08 08:43:44] merlin-logger.WARNING: Failed to import product_cat Infection Prevention [] []
[2024-04-08 08:43:44] merlin-logger.DEBUG: Invalid taxonomy. [] []
[2024-04-08 08:43:44] merlin-logger.WARNING: Failed to import pa_size Large [] []
[2024-04-08 08:43:44] merlin-logger.DEBUG: Invalid taxonomy. [] []
[2024-04-08 08:43:44] merlin-logger.WARNING: Failed to import product_tag Medical Instruments [] []
[2024-04-08 08:43:44] merlin-logger.DEBUG: Invalid taxonomy. [] []
[2024-04-08 08:43:44] merlin-logger.WARNING: Failed to import product_tag Medicine [] []
[2024-04-08 08:43:44] merlin-logger.DEBUG: Invalid taxonomy. [] []
[2024-04-08 08:43:44] merlin-logger.WARNING: Failed to import pa_size Medium [] []
[2024-04-08 08:43:44] merlin-logger.DEBUG: Invalid taxonomy. [] []
[2024-04-08 08:43:44] merlin-logger.WARNING: Failed to import yith_product_brand Medline [] []
[2024-04-08 08:43:44] merlin-logger.DEBUG: Invalid taxonomy. [] []
[2024-04-08 08:43:44] merlin-logger.WARNING: Failed to import product_tag Needle [] []
[2024-04-08 08:43:44] merlin-logger.DEBUG: Invalid taxonomy. [] []
[2024-04-08 08:43:44] merlin-logger.WARNING: Failed to import product_tag Nurse [] []
[2024-04-08 08:43:44] merlin-logger.DEBUG: Invalid taxonomy. [] []
[2024-04-08 08:43:44] merlin-logger.WARNING: Failed to import product_visibility outofstock [] []
[2024-04-08 08:43:44] merlin-logger.DEBUG: Invalid taxonomy. [] []
[2024-04-08 08:43:44] merlin-logger.WARNING: Failed to import elementor_library_type page [] []
[2024-04-08 08:43:44] merlin-logger.DEBUG: Invalid taxonomy. [] []
[2024-04-08 08:43:44] merlin-logger.WARNING: Failed to import yith_product_brand Posey Company [] []
[2024-04-08 08:43:44] merlin-logger.DEBUG: Invalid taxonomy. [] []
[2024-04-08 08:43:44] merlin-logger.WARNING: Failed to import yith_product_brand Protective Industrial [] []
[2024-04-08 08:43:44] merlin-logger.DEBUG: Invalid taxonomy. [] []
[2024-04-08 08:43:44] merlin-logger.WARNING: Failed to import product_visibility rated-1 [] []
[2024-04-08 08:43:44] merlin-logger.DEBUG: Invalid taxonomy. [] []
[2024-04-08 08:43:44] merlin-logger.WARNING: Failed to import product_visibility rated-2 [] []
[2024-04-08 08:43:44] merlin-logger.DEBUG: Invalid taxonomy. [] []
[2024-04-08 08:43:44] merlin-logger.WARNING: Failed to import product_visibility rated-3 [] []
[2024-04-08 08:43:44] merlin-logger.DEBUG: Invalid taxonomy. [] []
[2024-04-08 08:43:44] merlin-logger.WARNING: Failed to import product_visibility rated-4 [] []
[2024-04-08 08:43:44] merlin-logger.DEBUG: Invalid taxonomy. [] []
[2024-04-08 08:43:44] merlin-logger.WARNING: Failed to import product_visibility rated-5 [] []
[2024-04-08 08:43:44] merlin-logger.DEBUG: Invalid taxonomy. [] []
[2024-04-08 08:43:44] merlin-logger.WARNING: Failed to import pa_color Red [] []
[2024-04-08 08:43:44] merlin-logger.DEBUG: Invalid taxonomy. [] []
[2024-04-08 08:43:44] merlin-logger.WARNING: Failed to import pa_size Regular [] []
[2024-04-08 08:43:44] merlin-logger.DEBUG: Invalid taxonomy. [] []
[2024-04-08 08:43:44] merlin-logger.WARNING: Failed to import product_cat Safety Glasses [] []
[2024-04-08 08:43:44] merlin-logger.DEBUG: Invalid taxonomy. [] []
[2024-04-08 08:43:44] merlin-logger.WARNING: Failed to import elementor_library_type section [] []
[2024-04-08 08:43:44] merlin-logger.DEBUG: Invalid taxonomy. [] []
[2024-04-08 08:43:44] merlin-logger.WARNING: Failed to import product_type simple [] []
[2024-04-08 08:43:44] merlin-logger.DEBUG: Invalid taxonomy. [] []
[2024-04-08 08:43:44] merlin-logger.WARNING: Failed to import product_cat Surgical Caps [] []
[2024-04-08 08:43:44] merlin-logger.DEBUG: Invalid taxonomy. [] []
[2024-04-08 08:43:44] merlin-logger.WARNING: Failed to import product_cat Surgical Clothing [] []
[2024-04-08 08:43:44] merlin-logger.DEBUG: Invalid taxonomy. [] []
[2024-04-08 08:43:44] merlin-logger.WARNING: Failed to import product_cat Surgical Masks [] []
[2024-04-08 08:43:44] merlin-logger.DEBUG: Invalid taxonomy. [] []
[2024-04-08 08:43:44] merlin-logger.WARNING: Failed to import product_tag The scissors [] []
[2024-04-08 08:43:44] merlin-logger.DEBUG: Invalid taxonomy. [] []
[2024-04-08 08:43:44] merlin-logger.WARNING: Failed to import product_tag Thermometer [] []
[2024-04-08 08:43:44] merlin-logger.DEBUG: Invalid taxonomy. [] []
[2024-04-08 08:43:44] merlin-logger.WARNING: Failed to import product_type variable [] []
[2024-04-08 08:43:44] merlin-logger.DEBUG: Invalid taxonomy. [] []
[2024-04-08 08:43:44] merlin-logger.WARNING: Failed to import product_tag Vitamin [] []
[2024-04-08 08:43:44] merlin-logger.DEBUG: Invalid taxonomy. [] []
[2024-04-08 08:43:46] merlin-logger.INFO: Imported "product-14" (Media) [] []
[2024-04-08 08:43:46] merlin-logger.DEBUG: Post 1090 remapped to 1090 [] []
[2024-04-08 08:43:48] merlin-logger.INFO: Imported "product-15" (Media) [] []
[2024-04-08 08:43:48] merlin-logger.DEBUG: Post 1091 remapped to 1091 [] []
[2024-04-08 08:43:50] merlin-logger.INFO: Imported "product-16" (Media) [] []
[2024-04-08 08:43:50] merlin-logger.DEBUG: Post 1092 remapped to 1092 [] []
[2024-04-08 08:43:52] merlin-logger.INFO: Imported "product-17" (Media) [] []
[2024-04-08 08:43:52] merlin-logger.DEBUG: Post 1093 remapped to 1093 [] []
[2024-04-08 08:43:54] merlin-logger.INFO: Imported "product-18" (Media) [] []
[2024-04-08 08:43:54] merlin-logger.DEBUG: Post 1094 remapped to 1094 [] []
[2024-04-08 08:43:56] merlin-logger.INFO: Imported "product-19" (Media) [] []
[2024-04-08 08:43:56] merlin-logger.DEBUG: Post 1095 remapped to 1095 [] []
[2024-04-08 08:43:57] merlin-logger.INFO: Imported "product-20" (Media) [] []
[2024-04-08 08:43:57] merlin-logger.DEBUG: Post 1096 remapped to 1096 [] []
[2024-04-08 08:43:59] merlin-logger.INFO: Imported "product-21" (Media) [] []
[2024-04-08 08:43:59] merlin-logger.DEBUG: Post 1097 remapped to 1097 [] []
[2024-04-08 08:44:01] merlin-logger.INFO: Imported "product-22" (Media) [] []
[2024-04-08 08:44:01] merlin-logger.DEBUG: Post 1098 remapped to 1098 [] []
[2024-04-08 08:44:04] merlin-logger.INFO: Imported "product-23" (Media) [] []
[2024-04-08 08:44:04] merlin-logger.DEBUG: Post 1101 remapped to 1101 [] []
[2024-04-08 08:44:04] merlin-logger.INFO: New AJAX call! [] []
[2024-04-08 08:44:04] merlin-logger.INFO: The content import AJAX call will be executed with this import data {"title":"Content","data":"/home/jassai/public_html/medlama/wp-content/uploads/2024/04/content-2024-04-08__08-41-11.xml"} []
[2024-04-08 08:44:04] merlin-logger.WARNING: Failed to import pa_size 100ml [] []
[2024-04-08 08:44:04] merlin-logger.DEBUG: Invalid taxonomy. [] []
[2024-04-08 08:44:04] merlin-logger.WARNING: Failed to import pa_size 200mg [] []
[2024-04-08 08:44:04] merlin-logger.DEBUG: Invalid taxonomy. [] []
[2024-04-08 08:44:04] merlin-logger.WARNING: Failed to import pa_size 200ml [] []
[2024-04-08 08:44:04] merlin-logger.DEBUG: Invalid taxonomy. [] []
[2024-04-08 08:44:04] merlin-logger.WARNING: Failed to import pa_size 2XLarge [] []
[2024-04-08 08:44:04] merlin-logger.DEBUG: Invalid taxonomy. [] []
[2024-04-08 08:44:04] merlin-logger.WARNING: Failed to import pa_size 300mg [] []
[2024-04-08 08:44:04] merlin-logger.DEBUG: Invalid taxonomy. [] []
[2024-04-08 08:44:04] merlin-logger.WARNING: Failed to import pa_size 300ml [] []
[2024-04-08 08:44:04] merlin-logger.DEBUG: Invalid taxonomy. [] []
[2024-04-08 08:44:04] merlin-logger.WARNING: Failed to import yith_product_brand 3M Healthcare [] []
[2024-04-08 08:44:04] merlin-logger.DEBUG: Invalid taxonomy. [] []
[2024-04-08 08:44:04] merlin-logger.WARNING: Failed to import pa_size 3XLarge [] []
[2024-04-08 08:44:04] merlin-logger.DEBUG: Invalid taxonomy. [] []
[2024-04-08 08:44:04] merlin-logger.WARNING: Failed to import pa_size 400mg [] []
[2024-04-08 08:44:04] merlin-logger.DEBUG: Invalid taxonomy. [] []
[2024-04-08 08:44:04] merlin-logger.WARNING: Failed to import pa_size 4XLarge [] []
[2024-04-08 08:44:04] merlin-logger.DEBUG: Invalid taxonomy. [] []
[2024-04-08 08:44:04] merlin-logger.WARNING: Failed to import pa_size 5.5 [] []
[2024-04-08 08:44:04] merlin-logger.DEBUG: Invalid taxonomy. [] []
[2024-04-08 08:44:04] merlin-logger.WARNING: Failed to import pa_size 6 [] []
[2024-04-08 08:44:04] merlin-logger.DEBUG: Invalid taxonomy. [] []
[2024-04-08 08:44:04] merlin-logger.WARNING: Failed to import pa_size 7 [] []
[2024-04-08 08:44:04] merlin-logger.DEBUG: Invalid taxonomy. [] []
[2024-04-08 08:44:04] merlin-logger.WARNING: Failed to import product_tag Aspirin [] []
[2024-04-08 08:44:04] merlin-logger.DEBUG: Invalid taxonomy. [] []
[2024-04-08 08:44:04] merlin-logger.WARNING: Failed to import product_tag Bandages [] []
[2024-04-08 08:44:04] merlin-logger.DEBUG: Invalid taxonomy. [] []
[2024-04-08 08:44:04] merlin-logger.WARNING: Failed to import yith_product_brand Basic Medical [] []
[2024-04-08 08:44:04] merlin-logger.DEBUG: Invalid taxonomy. [] []
[2024-04-08 08:44:04] merlin-logger.WARNING: Failed to import pa_color Black [] []
[2024-04-08 08:44:04] merlin-logger.DEBUG: Invalid taxonomy. [] []
[2024-04-08 08:44:04] merlin-logger.WARNING: Failed to import pa_color Blue [] []
[2024-04-08 08:44:04] merlin-logger.DEBUG: Invalid taxonomy. [] []
[2024-04-08 08:44:04] merlin-logger.WARNING: Failed to import product_tag chamber [] []
[2024-04-08 08:44:04] merlin-logger.DEBUG: Invalid taxonomy. [] []
[2024-04-08 08:44:04] merlin-logger.WARNING: Failed to import product_tag Clinic [] []
[2024-04-08 08:44:04] merlin-logger.DEBUG: Invalid taxonomy. [] []
[2024-04-08 08:44:04] merlin-logger.WARNING: Failed to import product_tag Corona [] []
[2024-04-08 08:44:04] merlin-logger.DEBUG: Invalid taxonomy. [] []
[2024-04-08 08:44:04] merlin-logger.WARNING: Failed to import yith_product_brand Curad [] []
[2024-04-08 08:44:04] merlin-logger.DEBUG: Invalid taxonomy. [] []
[2024-04-08 08:44:04] merlin-logger.WARNING: Failed to import yith_product_brand Devon Medical [] []
[2024-04-08 08:44:04] merlin-logger.DEBUG: Invalid taxonomy. [] []
[2024-04-08 08:44:04] merlin-logger.WARNING: Failed to import product_tag Doctor [] []
[2024-04-08 08:44:04] merlin-logger.DEBUG: Invalid taxonomy. [] []
[2024-04-08 08:44:04] merlin-logger.WARNING: Failed to import product_tag Ear piece [] []
[2024-04-08 08:44:04] merlin-logger.DEBUG: Invalid taxonomy. [] []
[2024-04-08 08:44:04] merlin-logger.WARNING: Failed to import product_visibility exclude-from-catalog [] []
[2024-04-08 08:44:04] merlin-logger.DEBUG: Invalid taxonomy. [] []
[2024-04-08 08:44:04] merlin-logger.WARNING: Failed to import product_visibility exclude-from-search [] []
[2024-04-08 08:44:04] merlin-logger.DEBUG: Invalid taxonomy. [] []
[2024-04-08 08:44:04] merlin-logger.WARNING: Failed to import product_type external [] []
[2024-04-08 08:44:04] merlin-logger.DEBUG: Invalid taxonomy. [] []
[2024-04-08 08:44:04] merlin-logger.WARNING: Failed to import product_tag Face Mask [] []
[2024-04-08 08:44:04] merlin-logger.DEBUG: Invalid taxonomy. [] []
[2024-04-08 08:44:04] merlin-logger.WARNING: Failed to import product_visibility featured [] []
[2024-04-08 08:44:04] merlin-logger.DEBUG: Invalid taxonomy. [] []
[2024-04-08 08:44:04] merlin-logger.WARNING: Failed to import product_tag Functional foods [] []
[2024-04-08 08:44:04] merlin-logger.DEBUG: Invalid taxonomy. [] []
[2024-04-08 08:44:04] merlin-logger.WARNING: Failed to import product_cat Gloves [] []
[2024-04-08 08:44:04] merlin-logger.DEBUG: Invalid taxonomy. [] []
[2024-04-08 08:44:04] merlin-logger.WARNING: Failed to import product_tag gloves [] []
[2024-04-08 08:44:04] merlin-logger.DEBUG: Invalid taxonomy. [] []
[2024-04-08 08:44:04] merlin-logger.WARNING: Failed to import pa_color Green [] []
[2024-04-08 08:44:04] merlin-logger.DEBUG: Invalid taxonomy. [] []
[2024-04-08 08:44:04] merlin-logger.WARNING: Failed to import pa_color Grey [] []
[2024-04-08 08:44:04] merlin-logger.DEBUG: Invalid taxonomy. [] []
[2024-04-08 08:44:04] merlin-logger.WARNING: Failed to import product_type grouped [] []
[2024-04-08 08:44:04] merlin-logger.DEBUG: Invalid taxonomy. [] []
[2024-04-08 08:44:04] merlin-logger.WARNING: Failed to import product_cat Hand Sanitizers [] []
[2024-04-08 08:44:04] merlin-logger.DEBUG: Invalid taxonomy. [] []
[2024-04-08 08:44:04] merlin-logger.WARNING: Failed to import product_cat Health Care [] []
[2024-04-08 08:44:04] merlin-logger.DEBUG: Invalid taxonomy. [] []
[2024-04-08 08:44:04] merlin-logger.WARNING: Failed to import pa_image img-1 [] []
[2024-04-08 08:44:04] merlin-logger.DEBUG: Invalid taxonomy. [] []
[2024-04-08 08:44:04] merlin-logger.WARNING: Failed to import pa_image img-2 [] []
[2024-04-08 08:44:04] merlin-logger.DEBUG: Invalid taxonomy. [] []
[2024-04-08 08:44:04] merlin-logger.WARNING: Failed to import pa_image img-3 [] []
[2024-04-08 08:44:04] merlin-logger.DEBUG: Invalid taxonomy. [] []
[2024-04-08 08:44:04] merlin-logger.WARNING: Failed to import product_cat Infection Prevention [] []
[2024-04-08 08:44:04] merlin-logger.DEBUG: Invalid taxonomy. [] []
[2024-04-08 08:44:04] merlin-logger.WARNING: Failed to import pa_size Large [] []
[2024-04-08 08:44:04] merlin-logger.DEBUG: Invalid taxonomy. [] []
[2024-04-08 08:44:04] merlin-logger.WARNING: Failed to import product_tag Medical Instruments [] []
[2024-04-08 08:44:04] merlin-logger.DEBUG: Invalid taxonomy. [] []
[2024-04-08 08:44:04] merlin-logger.WARNING: Failed to import product_tag Medicine [] []
[2024-04-08 08:44:04] merlin-logger.DEBUG: Invalid taxonomy. [] []
[2024-04-08 08:44:04] merlin-logger.WARNING: Failed to import pa_size Medium [] []
[2024-04-08 08:44:04] merlin-logger.DEBUG: Invalid taxonomy. [] []
[2024-04-08 08:44:04] merlin-logger.WARNING: Failed to import yith_product_brand Medline [] []
[2024-04-08 08:44:04] merlin-logger.DEBUG: Invalid taxonomy. [] []
[2024-04-08 08:44:04] merlin-logger.WARNING: Failed to import product_tag Needle [] []
[2024-04-08 08:44:04] merlin-logger.DEBUG: Invalid taxonomy. [] []
[2024-04-08 08:44:04] merlin-logger.WARNING: Failed to import product_tag Nurse [] []
[2024-04-08 08:44:04] merlin-logger.DEBUG: Invalid taxonomy. [] []
[2024-04-08 08:44:04] merlin-logger.WARNING: Failed to import product_visibility outofstock [] []
[2024-04-08 08:44:04] merlin-logger.DEBUG: Invalid taxonomy. [] []
[2024-04-08 08:44:04] merlin-logger.WARNING: Failed to import elementor_library_type page [] []
[2024-04-08 08:44:04] merlin-logger.DEBUG: Invalid taxonomy. [] []
[2024-04-08 08:44:04] merlin-logger.WARNING: Failed to import yith_product_brand Posey Company [] []
[2024-04-08 08:44:04] merlin-logger.DEBUG: Invalid taxonomy. [] []
[2024-04-08 08:44:04] merlin-logger.WARNING: Failed to import yith_product_brand Protective Industrial [] []
[2024-04-08 08:44:04] merlin-logger.DEBUG: Invalid taxonomy. [] []
[2024-04-08 08:44:04] merlin-logger.WARNING: Failed to import product_visibility rated-1 [] []
[2024-04-08 08:44:04] merlin-logger.DEBUG: Invalid taxonomy. [] []
[2024-04-08 08:44:04] merlin-logger.WARNING: Failed to import product_visibility rated-2 [] []
[2024-04-08 08:44:04] merlin-logger.DEBUG: Invalid taxonomy. [] []
[2024-04-08 08:44:04] merlin-logger.WARNING: Failed to import product_visibility rated-3 [] []
[2024-04-08 08:44:04] merlin-logger.DEBUG: Invalid taxonomy. [] []
[2024-04-08 08:44:04] merlin-logger.WARNING: Failed to import product_visibility rated-4 [] []
[2024-04-08 08:44:04] merlin-logger.DEBUG: Invalid taxonomy. [] []
[2024-04-08 08:44:04] merlin-logger.WARNING: Failed to import product_visibility rated-5 [] []
[2024-04-08 08:44:04] merlin-logger.DEBUG: Invalid taxonomy. [] []
[2024-04-08 08:44:04] merlin-logger.WARNING: Failed to import pa_color Red [] []
[2024-04-08 08:44:04] merlin-logger.DEBUG: Invalid taxonomy. [] []
[2024-04-08 08:44:04] merlin-logger.WARNING: Failed to import pa_size Regular [] []
[2024-04-08 08:44:04] merlin-logger.DEBUG: Invalid taxonomy. [] []
[2024-04-08 08:44:04] merlin-logger.WARNING: Failed to import product_cat Safety Glasses [] []
[2024-04-08 08:44:04] merlin-logger.DEBUG: Invalid taxonomy. [] []
[2024-04-08 08:44:04] merlin-logger.WARNING: Failed to import elementor_library_type section [] []
[2024-04-08 08:44:04] merlin-logger.DEBUG: Invalid taxonomy. [] []
[2024-04-08 08:44:04] merlin-logger.WARNING: Failed to import product_type simple [] []
[2024-04-08 08:44:04] merlin-logger.DEBUG: Invalid taxonomy. [] []
[2024-04-08 08:44:04] merlin-logger.WARNING: Failed to import product_cat Surgical Caps [] []
[2024-04-08 08:44:04] merlin-logger.DEBUG: Invalid taxonomy. [] []
[2024-04-08 08:44:04] merlin-logger.WARNING: Failed to import product_cat Surgical Clothing [] []
[2024-04-08 08:44:04] merlin-logger.DEBUG: Invalid taxonomy. [] []
[2024-04-08 08:44:04] merlin-logger.WARNING: Failed to import product_cat Surgical Masks [] []
[2024-04-08 08:44:04] merlin-logger.DEBUG: Invalid taxonomy. [] []
[2024-04-08 08:44:04] merlin-logger.WARNING: Failed to import product_tag The scissors [] []
[2024-04-08 08:44:04] merlin-logger.DEBUG: Invalid taxonomy. [] []
[2024-04-08 08:44:04] merlin-logger.WARNING: Failed to import product_tag Thermometer [] []
[2024-04-08 08:44:04] merlin-logger.DEBUG: Invalid taxonomy. [] []
[2024-04-08 08:44:04] merlin-logger.WARNING: Failed to import product_type variable [] []
[2024-04-08 08:44:04] merlin-logger.DEBUG: Invalid taxonomy. [] []
[2024-04-08 08:44:04] merlin-logger.WARNING: Failed to import product_tag Vitamin [] []
[2024-04-08 08:44:04] merlin-logger.DEBUG: Invalid taxonomy. [] []
[2024-04-08 08:44:06] merlin-logger.INFO: Imported "product-24" (Media) [] []
[2024-04-08 08:44:06] merlin-logger.DEBUG: Post 1102 remapped to 1102 [] []
[2024-04-08 08:44:08] merlin-logger.INFO: Imported "product-25" (Media) [] []
[2024-04-08 08:44:08] merlin-logger.DEBUG: Post 1103 remapped to 1103 [] []
[2024-04-08 08:44:10] merlin-logger.INFO: Imported "product-26" (Media) [] []
[2024-04-08 08:44:10] merlin-logger.DEBUG: Post 1104 remapped to 1104 [] []
[2024-04-08 08:44:18] merlin-logger.INFO: Imported "product-27" (Media) [] []
[2024-04-08 08:44:18] merlin-logger.DEBUG: Post 1105 remapped to 1105 [] []
[2024-04-08 08:44:20] merlin-logger.INFO: Imported "product-28" (Media) [] []
[2024-04-08 08:44:20] merlin-logger.DEBUG: Post 1106 remapped to 1106 [] []
[2024-04-08 08:44:22] merlin-logger.INFO: Imported "product-29" (Media) [] []
[2024-04-08 08:44:22] merlin-logger.DEBUG: Post 1107 remapped to 1107 [] []
[2024-04-08 08:44:24] merlin-logger.INFO: Imported "product-30" (Media) [] []
[2024-04-08 08:44:24] merlin-logger.DEBUG: Post 1108 remapped to 1108 [] []
[2024-04-08 08:44:28] merlin-logger.INFO: Imported "product-31" (Media) [] []
[2024-04-08 08:44:28] merlin-logger.DEBUG: Post 1117 remapped to 1117 [] []
[2024-04-08 08:44:28] merlin-logger.INFO: New AJAX call! [] []
[2024-04-08 08:44:28] merlin-logger.INFO: The content import AJAX call will be executed with this import data {"title":"Content","data":"/home/jassai/public_html/medlama/wp-content/uploads/2024/04/content-2024-04-08__08-41-11.xml"} []
[2024-04-08 08:44:28] merlin-logger.WARNING: Failed to import pa_size 100ml [] []
[2024-04-08 08:44:28] merlin-logger.DEBUG: Invalid taxonomy. [] []
[2024-04-08 08:44:28] merlin-logger.WARNING: Failed to import pa_size 200mg [] []
[2024-04-08 08:44:28] merlin-logger.DEBUG: Invalid taxonomy. [] []
[2024-04-08 08:44:28] merlin-logger.WARNING: Failed to import pa_size 200ml [] []
[2024-04-08 08:44:28] merlin-logger.DEBUG: Invalid taxonomy. [] []
[2024-04-08 08:44:28] merlin-logger.WARNING: Failed to import pa_size 2XLarge [] []
[2024-04-08 08:44:28] merlin-logger.DEBUG: Invalid taxonomy. [] []
[2024-04-08 08:44:28] merlin-logger.WARNING: Failed to import pa_size 300mg [] []
[2024-04-08 08:44:28] merlin-logger.DEBUG: Invalid taxonomy. [] []
[2024-04-08 08:44:28] merlin-logger.WARNING: Failed to import pa_size 300ml [] []
[2024-04-08 08:44:28] merlin-logger.DEBUG: Invalid taxonomy. [] []
[2024-04-08 08:44:28] merlin-logger.WARNING: Failed to import yith_product_brand 3M Healthcare [] []
[2024-04-08 08:44:28] merlin-logger.DEBUG: Invalid taxonomy. [] []
[2024-04-08 08:44:28] merlin-logger.WARNING: Failed to import pa_size 3XLarge [] []
[2024-04-08 08:44:28] merlin-logger.DEBUG: Invalid taxonomy. [] []
[2024-04-08 08:44:28] merlin-logger.WARNING: Failed to import pa_size 400mg [] []
[2024-04-08 08:44:28] merlin-logger.DEBUG: Invalid taxonomy. [] []
[2024-04-08 08:44:28] merlin-logger.WARNING: Failed to import pa_size 4XLarge [] []
[2024-04-08 08:44:28] merlin-logger.DEBUG: Invalid taxonomy. [] []
[2024-04-08 08:44:28] merlin-logger.WARNING: Failed to import pa_size 5.5 [] []
[2024-04-08 08:44:28] merlin-logger.DEBUG: Invalid taxonomy. [] []
[2024-04-08 08:44:28] merlin-logger.WARNING: Failed to import pa_size 6 [] []
[2024-04-08 08:44:28] merlin-logger.DEBUG: Invalid taxonomy. [] []
[2024-04-08 08:44:28] merlin-logger.WARNING: Failed to import pa_size 7 [] []
[2024-04-08 08:44:28] merlin-logger.DEBUG: Invalid taxonomy. [] []
[2024-04-08 08:44:28] merlin-logger.WARNING: Failed to import product_tag Aspirin [] []
[2024-04-08 08:44:28] merlin-logger.DEBUG: Invalid taxonomy. [] []
[2024-04-08 08:44:28] merlin-logger.WARNING: Failed to import product_tag Bandages [] []
[2024-04-08 08:44:28] merlin-logger.DEBUG: Invalid taxonomy. [] []
[2024-04-08 08:44:28] merlin-logger.WARNING: Failed to import yith_product_brand Basic Medical [] []
[2024-04-08 08:44:28] merlin-logger.DEBUG: Invalid taxonomy. [] []
[2024-04-08 08:44:28] merlin-logger.WARNING: Failed to import pa_color Black [] []
[2024-04-08 08:44:28] merlin-logger.DEBUG: Invalid taxonomy. [] []
[2024-04-08 08:44:28] merlin-logger.WARNING: Failed to import pa_color Blue [] []
[2024-04-08 08:44:28] merlin-logger.DEBUG: Invalid taxonomy. [] []
[2024-04-08 08:44:28] merlin-logger.WARNING: Failed to import product_tag chamber [] []
[2024-04-08 08:44:28] merlin-logger.DEBUG: Invalid taxonomy. [] []
[2024-04-08 08:44:28] merlin-logger.WARNING: Failed to import product_tag Clinic [] []
[2024-04-08 08:44:28] merlin-logger.DEBUG: Invalid taxonomy. [] []
[2024-04-08 08:44:28] merlin-logger.WARNING: Failed to import product_tag Corona [] []
[2024-04-08 08:44:28] merlin-logger.DEBUG: Invalid taxonomy. [] []
[2024-04-08 08:44:28] merlin-logger.WARNING: Failed to import yith_product_brand Curad [] []
[2024-04-08 08:44:28] merlin-logger.DEBUG: Invalid taxonomy. [] []
[2024-04-08 08:44:28] merlin-logger.WARNING: Failed to import yith_product_brand Devon Medical [] []
[2024-04-08 08:44:28] merlin-logger.DEBUG: Invalid taxonomy. [] []
[2024-04-08 08:44:28] merlin-logger.WARNING: Failed to import product_tag Doctor [] []
[2024-04-08 08:44:28] merlin-logger.DEBUG: Invalid taxonomy. [] []
[2024-04-08 08:44:28] merlin-logger.WARNING: Failed to import product_tag Ear piece [] []
[2024-04-08 08:44:28] merlin-logger.DEBUG: Invalid taxonomy. [] []
[2024-04-08 08:44:28] merlin-logger.WARNING: Failed to import product_visibility exclude-from-catalog [] []
[2024-04-08 08:44:28] merlin-logger.DEBUG: Invalid taxonomy. [] []
[2024-04-08 08:44:28] merlin-logger.WARNING: Failed to import product_visibility exclude-from-search [] []
[2024-04-08 08:44:28] merlin-logger.DEBUG: Invalid taxonomy. [] []
[2024-04-08 08:44:28] merlin-logger.WARNING: Failed to import product_type external [] []
[2024-04-08 08:44:28] merlin-logger.DEBUG: Invalid taxonomy. [] []
[2024-04-08 08:44:28] merlin-logger.WARNING: Failed to import product_tag Face Mask [] []
[2024-04-08 08:44:28] merlin-logger.DEBUG: Invalid taxonomy. [] []
[2024-04-08 08:44:28] merlin-logger.WARNING: Failed to import product_visibility featured [] []
[2024-04-08 08:44:28] merlin-logger.DEBUG: Invalid taxonomy. [] []
[2024-04-08 08:44:28] merlin-logger.WARNING: Failed to import product_tag Functional foods [] []
[2024-04-08 08:44:28] merlin-logger.DEBUG: Invalid taxonomy. [] []
[2024-04-08 08:44:28] merlin-logger.WARNING: Failed to import product_cat Gloves [] []
[2024-04-08 08:44:28] merlin-logger.DEBUG: Invalid taxonomy. [] []
[2024-04-08 08:44:28] merlin-logger.WARNING: Failed to import product_tag gloves [] []
[2024-04-08 08:44:28] merlin-logger.DEBUG: Invalid taxonomy. [] []
[2024-04-08 08:44:28] merlin-logger.WARNING: Failed to import pa_color Green [] []
[2024-04-08 08:44:28] merlin-logger.DEBUG: Invalid taxonomy. [] []
[2024-04-08 08:44:28] merlin-logger.WARNING: Failed to import pa_color Grey [] []
[2024-04-08 08:44:28] merlin-logger.DEBUG: Invalid taxonomy. [] []
[2024-04-08 08:44:28] merlin-logger.WARNING: Failed to import product_type grouped [] []
[2024-04-08 08:44:28] merlin-logger.DEBUG: Invalid taxonomy. [] []
[2024-04-08 08:44:28] merlin-logger.WARNING: Failed to import product_cat Hand Sanitizers [] []
[2024-04-08 08:44:28] merlin-logger.DEBUG: Invalid taxonomy. [] []
[2024-04-08 08:44:28] merlin-logger.WARNING: Failed to import product_cat Health Care [] []
[2024-04-08 08:44:28] merlin-logger.DEBUG: Invalid taxonomy. [] []
[2024-04-08 08:44:28] merlin-logger.WARNING: Failed to import pa_image img-1 [] []
[2024-04-08 08:44:28] merlin-logger.DEBUG: Invalid taxonomy. [] []
[2024-04-08 08:44:28] merlin-logger.WARNING: Failed to import pa_image img-2 [] []
[2024-04-08 08:44:28] merlin-logger.DEBUG: Invalid taxonomy. [] []
[2024-04-08 08:44:28] merlin-logger.WARNING: Failed to import pa_image img-3 [] []
[2024-04-08 08:44:28] merlin-logger.DEBUG: Invalid taxonomy. [] []
[2024-04-08 08:44:28] merlin-logger.WARNING: Failed to import product_cat Infection Prevention [] []
[2024-04-08 08:44:28] merlin-logger.DEBUG: Invalid taxonomy. [] []
[2024-04-08 08:44:28] merlin-logger.WARNING: Failed to import pa_size Large [] []
[2024-04-08 08:44:28] merlin-logger.DEBUG: Invalid taxonomy. [] []
[2024-04-08 08:44:28] merlin-logger.WARNING: Failed to import product_tag Medical Instruments [] []
[2024-04-08 08:44:28] merlin-logger.DEBUG: Invalid taxonomy. [] []
[2024-04-08 08:44:28] merlin-logger.WARNING: Failed to import product_tag Medicine [] []
[2024-04-08 08:44:28] merlin-logger.DEBUG: Invalid taxonomy. [] []
[2024-04-08 08:44:28] merlin-logger.WARNING: Failed to import pa_size Medium [] []
[2024-04-08 08:44:28] merlin-logger.DEBUG: Invalid taxonomy. [] []
[2024-04-08 08:44:28] merlin-logger.WARNING: Failed to import yith_product_brand Medline [] []
[2024-04-08 08:44:28] merlin-logger.DEBUG: Invalid taxonomy. [] []
[2024-04-08 08:44:28] merlin-logger.WARNING: Failed to import product_tag Needle [] []
[2024-04-08 08:44:28] merlin-logger.DEBUG: Invalid taxonomy. [] []
[2024-04-08 08:44:28] merlin-logger.WARNING: Failed to import product_tag Nurse [] []
[2024-04-08 08:44:28] merlin-logger.DEBUG: Invalid taxonomy. [] []
[2024-04-08 08:44:28] merlin-logger.WARNING: Failed to import product_visibility outofstock [] []
[2024-04-08 08:44:28] merlin-logger.DEBUG: Invalid taxonomy. [] []
[2024-04-08 08:44:28] merlin-logger.WARNING: Failed to import elementor_library_type page [] []
[2024-04-08 08:44:28] merlin-logger.DEBUG: Invalid taxonomy. [] []
[2024-04-08 08:44:28] merlin-logger.WARNING: Failed to import yith_product_brand Posey Company [] []
[2024-04-08 08:44:28] merlin-logger.DEBUG: Invalid taxonomy. [] []
[2024-04-08 08:44:28] merlin-logger.WARNING: Failed to import yith_product_brand Protective Industrial [] []
[2024-04-08 08:44:28] merlin-logger.DEBUG: Invalid taxonomy. [] []
[2024-04-08 08:44:28] merlin-logger.WARNING: Failed to import product_visibility rated-1 [] []
[2024-04-08 08:44:28] merlin-logger.DEBUG: Invalid taxonomy. [] []
[2024-04-08 08:44:28] merlin-logger.WARNING: Failed to import product_visibility rated-2 [] []
[2024-04-08 08:44:28] merlin-logger.DEBUG: Invalid taxonomy. [] []
[2024-04-08 08:44:28] merlin-logger.WARNING: Failed to import product_visibility rated-3 [] []
[2024-04-08 08:44:28] merlin-logger.DEBUG: Invalid taxonomy. [] []
[2024-04-08 08:44:28] merlin-logger.WARNING: Failed to import product_visibility rated-4 [] []
[2024-04-08 08:44:28] merlin-logger.DEBUG: Invalid taxonomy. [] []
[2024-04-08 08:44:28] merlin-logger.WARNING: Failed to import product_visibility rated-5 [] []
[2024-04-08 08:44:28] merlin-logger.DEBUG: Invalid taxonomy. [] []
[2024-04-08 08:44:28] merlin-logger.WARNING: Failed to import pa_color Red [] []
[2024-04-08 08:44:28] merlin-logger.DEBUG: Invalid taxonomy. [] []
[2024-04-08 08:44:28] merlin-logger.WARNING: Failed to import pa_size Regular [] []
[2024-04-08 08:44:28] merlin-logger.DEBUG: Invalid taxonomy. [] []
[2024-04-08 08:44:28] merlin-logger.WARNING: Failed to import product_cat Safety Glasses [] []
[2024-04-08 08:44:28] merlin-logger.DEBUG: Invalid taxonomy. [] []
[2024-04-08 08:44:28] merlin-logger.WARNING: Failed to import elementor_library_type section [] []
[2024-04-08 08:44:28] merlin-logger.DEBUG: Invalid taxonomy. [] []
[2024-04-08 08:44:28] merlin-logger.WARNING: Failed to import product_type simple [] []
[2024-04-08 08:44:28] merlin-logger.DEBUG: Invalid taxonomy. [] []
[2024-04-08 08:44:28] merlin-logger.WARNING: Failed to import product_cat Surgical Caps [] []
[2024-04-08 08:44:28] merlin-logger.DEBUG: Invalid taxonomy. [] []
[2024-04-08 08:44:28] merlin-logger.WARNING: Failed to import product_cat Surgical Clothing [] []
[2024-04-08 08:44:28] merlin-logger.DEBUG: Invalid taxonomy. [] []
[2024-04-08 08:44:28] merlin-logger.WARNING: Failed to import product_cat Surgical Masks [] []
[2024-04-08 08:44:28] merlin-logger.DEBUG: Invalid taxonomy. [] []
[2024-04-08 08:44:28] merlin-logger.WARNING: Failed to import product_tag The scissors [] []
[2024-04-08 08:44:28] merlin-logger.DEBUG: Invalid taxonomy. [] []
[2024-04-08 08:44:28] merlin-logger.WARNING: Failed to import product_tag Thermometer [] []
[2024-04-08 08:44:28] merlin-logger.DEBUG: Invalid taxonomy. [] []
[2024-04-08 08:44:28] merlin-logger.WARNING: Failed to import product_type variable [] []
[2024-04-08 08:44:28] merlin-logger.DEBUG: Invalid taxonomy. [] []
[2024-04-08 08:44:28] merlin-logger.WARNING: Failed to import product_tag Vitamin [] []
[2024-04-08 08:44:28] merlin-logger.DEBUG: Invalid taxonomy. [] []
[2024-04-08 08:44:30] merlin-logger.INFO: Imported "product-32" (Media) [] []
[2024-04-08 08:44:30] merlin-logger.DEBUG: Post 1118 remapped to 1118 [] []
[2024-04-08 08:44:32] merlin-logger.INFO: Imported "product-33" (Media) [] []
[2024-04-08 08:44:32] merlin-logger.DEBUG: Post 1119 remapped to 1119 [] []
[2024-04-08 08:44:34] merlin-logger.INFO: Imported "product-34" (Media) [] []
[2024-04-08 08:44:34] merlin-logger.DEBUG: Post 1120 remapped to 1120 [] []
[2024-04-08 08:44:35] merlin-logger.INFO: Imported "product-35" (Media) [] []
[2024-04-08 08:44:35] merlin-logger.DEBUG: Post 1121 remapped to 1121 [] []
[2024-04-08 08:44:38] merlin-logger.INFO: Imported "product-36" (Media) [] []
[2024-04-08 08:44:38] merlin-logger.DEBUG: Post 1122 remapped to 1122 [] []
[2024-04-08 08:44:40] merlin-logger.INFO: Imported "product-37" (Media) [] []
[2024-04-08 08:44:40] merlin-logger.DEBUG: Post 1123 remapped to 1123 [] []
[2024-04-08 08:44:42] merlin-logger.INFO: Imported "product-38" (Media) [] []
[2024-04-08 08:44:42] merlin-logger.DEBUG: Post 1124 remapped to 1124 [] []
[2024-04-08 08:44:44] merlin-logger.INFO: Imported "product-39" (Media) [] []
[2024-04-08 08:44:44] merlin-logger.DEBUG: Post 1125 remapped to 1125 [] []
[2024-04-08 08:44:46] merlin-logger.INFO: Imported "product-40" (Media) [] []
[2024-04-08 08:44:46] merlin-logger.DEBUG: Post 1126 remapped to 1126 [] []
[2024-04-08 08:44:52] merlin-logger.INFO: Imported "product-41" (Media) [] []
[2024-04-08 08:44:52] merlin-logger.DEBUG: Post 1127 remapped to 1127 [] []
[2024-04-08 08:44:52] merlin-logger.INFO: New AJAX call! [] []
[2024-04-08 08:44:52] merlin-logger.INFO: The content import AJAX call will be executed with this import data {"title":"Content","data":"/home/jassai/public_html/medlama/wp-content/uploads/2024/04/content-2024-04-08__08-41-11.xml"} []
[2024-04-08 08:44:52] merlin-logger.WARNING: Failed to import pa_size 100ml [] []
[2024-04-08 08:44:52] merlin-logger.DEBUG: Invalid taxonomy. [] []
[2024-04-08 08:44:52] merlin-logger.WARNING: Failed to import pa_size 200mg [] []
[2024-04-08 08:44:52] merlin-logger.DEBUG: Invalid taxonomy. [] []
[2024-04-08 08:44:52] merlin-logger.WARNING: Failed to import pa_size 200ml [] []
[2024-04-08 08:44:52] merlin-logger.DEBUG: Invalid taxonomy. [] []
[2024-04-08 08:44:52] merlin-logger.WARNING: Failed to import pa_size 2XLarge [] []
[2024-04-08 08:44:52] merlin-logger.DEBUG: Invalid taxonomy. [] []
[2024-04-08 08:44:52] merlin-logger.WARNING: Failed to import pa_size 300mg [] []
[2024-04-08 08:44:52] merlin-logger.DEBUG: Invalid taxonomy. [] []
[2024-04-08 08:44:52] merlin-logger.WARNING: Failed to import pa_size 300ml [] []
[2024-04-08 08:44:52] merlin-logger.DEBUG: Invalid taxonomy. [] []
[2024-04-08 08:44:52] merlin-logger.WARNING: Failed to import yith_product_brand 3M Healthcare [] []
[2024-04-08 08:44:52] merlin-logger.DEBUG: Invalid taxonomy. [] []
[2024-04-08 08:44:52] merlin-logger.WARNING: Failed to import pa_size 3XLarge [] []
[2024-04-08 08:44:52] merlin-logger.DEBUG: Invalid taxonomy. [] []
[2024-04-08 08:44:52] merlin-logger.WARNING: Failed to import pa_size 400mg [] []
[2024-04-08 08:44:52] merlin-logger.DEBUG: Invalid taxonomy. [] []
[2024-04-08 08:44:52] merlin-logger.WARNING: Failed to import pa_size 4XLarge [] []
[2024-04-08 08:44:52] merlin-logger.DEBUG: Invalid taxonomy. [] []
[2024-04-08 08:44:52] merlin-logger.WARNING: Failed to import pa_size 5.5 [] []
[2024-04-08 08:44:52] merlin-logger.DEBUG: Invalid taxonomy. [] []
[2024-04-08 08:44:52] merlin-logger.WARNING: Failed to import pa_size 6 [] []
[2024-04-08 08:44:52] merlin-logger.DEBUG: Invalid taxonomy. [] []
[2024-04-08 08:44:52] merlin-logger.WARNING: Failed to import pa_size 7 [] []
[2024-04-08 08:44:52] merlin-logger.DEBUG: Invalid taxonomy. [] []
[2024-04-08 08:44:52] merlin-logger.WARNING: Failed to import product_tag Aspirin [] []
[2024-04-08 08:44:52] merlin-logger.DEBUG: Invalid taxonomy. [] []
[2024-04-08 08:44:52] merlin-logger.WARNING: Failed to import product_tag Bandages [] []
[2024-04-08 08:44:52] merlin-logger.DEBUG: Invalid taxonomy. [] []
[2024-04-08 08:44:52] merlin-logger.WARNING: Failed to import yith_product_brand Basic Medical [] []
[2024-04-08 08:44:52] merlin-logger.DEBUG: Invalid taxonomy. [] []
[2024-04-08 08:44:52] merlin-logger.WARNING: Failed to import pa_color Black [] []
[2024-04-08 08:44:52] merlin-logger.DEBUG: Invalid taxonomy. [] []
[2024-04-08 08:44:52] merlin-logger.WARNING: Failed to import pa_color Blue [] []
[2024-04-08 08:44:52] merlin-logger.DEBUG: Invalid taxonomy. [] []
[2024-04-08 08:44:52] merlin-logger.WARNING: Failed to import product_tag chamber [] []
[2024-04-08 08:44:52] merlin-logger.DEBUG: Invalid taxonomy. [] []
[2024-04-08 08:44:52] merlin-logger.WARNING: Failed to import product_tag Clinic [] []
[2024-04-08 08:44:52] merlin-logger.DEBUG: Invalid taxonomy. [] []
[2024-04-08 08:44:52] merlin-logger.WARNING: Failed to import product_tag Corona [] []
[2024-04-08 08:44:52] merlin-logger.DEBUG: Invalid taxonomy. [] []
[2024-04-08 08:44:52] merlin-logger.WARNING: Failed to import yith_product_brand Curad [] []
[2024-04-08 08:44:52] merlin-logger.DEBUG: Invalid taxonomy. [] []
[2024-04-08 08:44:52] merlin-logger.WARNING: Failed to import yith_product_brand Devon Medical [] []
[2024-04-08 08:44:52] merlin-logger.DEBUG: Invalid taxonomy. [] []
[2024-04-08 08:44:52] merlin-logger.WARNING: Failed to import product_tag Doctor [] []
[2024-04-08 08:44:52] merlin-logger.DEBUG: Invalid taxonomy. [] []
[2024-04-08 08:44:52] merlin-logger.WARNING: Failed to import product_tag Ear piece [] []
[2024-04-08 08:44:52] merlin-logger.DEBUG: Invalid taxonomy. [] []
[2024-04-08 08:44:52] merlin-logger.WARNING: Failed to import product_visibility exclude-from-catalog [] []
[2024-04-08 08:44:52] merlin-logger.DEBUG: Invalid taxonomy. [] []
[2024-04-08 08:44:52] merlin-logger.WARNING: Failed to import product_visibility exclude-from-search [] []
[2024-04-08 08:44:52] merlin-logger.DEBUG: Invalid taxonomy. [] []
[2024-04-08 08:44:52] merlin-logger.WARNING: Failed to import product_type external [] []
[2024-04-08 08:44:52] merlin-logger.DEBUG: Invalid taxonomy. [] []
[2024-04-08 08:44:52] merlin-logger.WARNING: Failed to import product_tag Face Mask [] []
[2024-04-08 08:44:52] merlin-logger.DEBUG: Invalid taxonomy. [] []
[2024-04-08 08:44:52] merlin-logger.WARNING: Failed to import product_visibility featured [] []
[2024-04-08 08:44:52] merlin-logger.DEBUG: Invalid taxonomy. [] []
[2024-04-08 08:44:52] merlin-logger.WARNING: Failed to import product_tag Functional foods [] []
[2024-04-08 08:44:52] merlin-logger.DEBUG: Invalid taxonomy. [] []
[2024-04-08 08:44:52] merlin-logger.WARNING: Failed to import product_cat Gloves [] []
[2024-04-08 08:44:52] merlin-logger.DEBUG: Invalid taxonomy. [] []
[2024-04-08 08:44:52] merlin-logger.WARNING: Failed to import product_tag gloves [] []
[2024-04-08 08:44:52] merlin-logger.DEBUG: Invalid taxonomy. [] []
[2024-04-08 08:44:52] merlin-logger.WARNING: Failed to import pa_color Green [] []
[2024-04-08 08:44:52] merlin-logger.DEBUG: Invalid taxonomy. [] []
[2024-04-08 08:44:52] merlin-logger.WARNING: Failed to import pa_color Grey [] []
[2024-04-08 08:44:52] merlin-logger.DEBUG: Invalid taxonomy. [] []
[2024-04-08 08:44:52] merlin-logger.WARNING: Failed to import product_type grouped [] []
[2024-04-08 08:44:52] merlin-logger.DEBUG: Invalid taxonomy. [] []
[2024-04-08 08:44:52] merlin-logger.WARNING: Failed to import product_cat Hand Sanitizers [] []
[2024-04-08 08:44:52] merlin-logger.DEBUG: Invalid taxonomy. [] []
[2024-04-08 08:44:52] merlin-logger.WARNING: Failed to import product_cat Health Care [] []
[2024-04-08 08:44:52] merlin-logger.DEBUG: Invalid taxonomy. [] []
[2024-04-08 08:44:52] merlin-logger.WARNING: Failed to import pa_image img-1 [] []
[2024-04-08 08:44:52] merlin-logger.DEBUG: Invalid taxonomy. [] []
[2024-04-08 08:44:52] merlin-logger.WARNING: Failed to import pa_image img-2 [] []
[2024-04-08 08:44:52] merlin-logger.DEBUG: Invalid taxonomy. [] []
[2024-04-08 08:44:52] merlin-logger.WARNING: Failed to import pa_image img-3 [] []
[2024-04-08 08:44:52] merlin-logger.DEBUG: Invalid taxonomy. [] []
[2024-04-08 08:44:52] merlin-logger.WARNING: Failed to import product_cat Infection Prevention [] []
[2024-04-08 08:44:52] merlin-logger.DEBUG: Invalid taxonomy. [] []
[2024-04-08 08:44:52] merlin-logger.WARNING: Failed to import pa_size Large [] []
[2024-04-08 08:44:52] merlin-logger.DEBUG: Invalid taxonomy. [] []
[2024-04-08 08:44:52] merlin-logger.WARNING: Failed to import product_tag Medical Instruments [] []
[2024-04-08 08:44:52] merlin-logger.DEBUG: Invalid taxonomy. [] []
[2024-04-08 08:44:52] merlin-logger.WARNING: Failed to import product_tag Medicine [] []
[2024-04-08 08:44:52] merlin-logger.DEBUG: Invalid taxonomy. [] []
[2024-04-08 08:44:52] merlin-logger.WARNING: Failed to import pa_size Medium [] []
[2024-04-08 08:44:52] merlin-logger.DEBUG: Invalid taxonomy. [] []
[2024-04-08 08:44:52] merlin-logger.WARNING: Failed to import yith_product_brand Medline [] []
[2024-04-08 08:44:52] merlin-logger.DEBUG: Invalid taxonomy. [] []
[2024-04-08 08:44:52] merlin-logger.WARNING: Failed to import product_tag Needle [] []
[2024-04-08 08:44:52] merlin-logger.DEBUG: Invalid taxonomy. [] []
[2024-04-08 08:44:52] merlin-logger.WARNING: Failed to import product_tag Nurse [] []
[2024-04-08 08:44:52] merlin-logger.DEBUG: Invalid taxonomy. [] []
[2024-04-08 08:44:52] merlin-logger.WARNING: Failed to import product_visibility outofstock [] []
[2024-04-08 08:44:52] merlin-logger.DEBUG: Invalid taxonomy. [] []
[2024-04-08 08:44:52] merlin-logger.WARNING: Failed to import elementor_library_type page [] []
[2024-04-08 08:44:52] merlin-logger.DEBUG: Invalid taxonomy. [] []
[2024-04-08 08:44:52] merlin-logger.WARNING: Failed to import yith_product_brand Posey Company [] []
[2024-04-08 08:44:52] merlin-logger.DEBUG: Invalid taxonomy. [] []
[2024-04-08 08:44:52] merlin-logger.WARNING: Failed to import yith_product_brand Protective Industrial [] []
[2024-04-08 08:44:52] merlin-logger.DEBUG: Invalid taxonomy. [] []
[2024-04-08 08:44:52] merlin-logger.WARNING: Failed to import product_visibility rated-1 [] []
[2024-04-08 08:44:52] merlin-logger.DEBUG: Invalid taxonomy. [] []
[2024-04-08 08:44:52] merlin-logger.WARNING: Failed to import product_visibility rated-2 [] []
[2024-04-08 08:44:52] merlin-logger.DEBUG: Invalid taxonomy. [] []
[2024-04-08 08:44:52] merlin-logger.WARNING: Failed to import product_visibility rated-3 [] []
[2024-04-08 08:44:52] merlin-logger.DEBUG: Invalid taxonomy. [] []
[2024-04-08 08:44:52] merlin-logger.WARNING: Failed to import product_visibility rated-4 [] []
[2024-04-08 08:44:52] merlin-logger.DEBUG: Invalid taxonomy. [] []
[2024-04-08 08:44:52] merlin-logger.WARNING: Failed to import product_visibility rated-5 [] []
[2024-04-08 08:44:52] merlin-logger.DEBUG: Invalid taxonomy. [] []
[2024-04-08 08:44:52] merlin-logger.WARNING: Failed to import pa_color Red [] []
[2024-04-08 08:44:52] merlin-logger.DEBUG: Invalid taxonomy. [] []
[2024-04-08 08:44:52] merlin-logger.WARNING: Failed to import pa_size Regular [] []
[2024-04-08 08:44:52] merlin-logger.DEBUG: Invalid taxonomy. [] []
[2024-04-08 08:44:52] merlin-logger.WARNING: Failed to import product_cat Safety Glasses [] []
[2024-04-08 08:44:52] merlin-logger.DEBUG: Invalid taxonomy. [] []
[2024-04-08 08:44:52] merlin-logger.WARNING: Failed to import elementor_library_type section [] []
[2024-04-08 08:44:52] merlin-logger.DEBUG: Invalid taxonomy. [] []
[2024-04-08 08:44:52] merlin-logger.WARNING: Failed to import product_type simple [] []
[2024-04-08 08:44:52] merlin-logger.DEBUG: Invalid taxonomy. [] []
[2024-04-08 08:44:52] merlin-logger.WARNING: Failed to import product_cat Surgical Caps [] []
[2024-04-08 08:44:52] merlin-logger.DEBUG: Invalid taxonomy. [] []
[2024-04-08 08:44:52] merlin-logger.WARNING: Failed to import product_cat Surgical Clothing [] []
[2024-04-08 08:44:52] merlin-logger.DEBUG: Invalid taxonomy. [] []
[2024-04-08 08:44:52] merlin-logger.WARNING: Failed to import product_cat Surgical Masks [] []
[2024-04-08 08:44:52] merlin-logger.DEBUG: Invalid taxonomy. [] []
[2024-04-08 08:44:52] merlin-logger.WARNING: Failed to import product_tag The scissors [] []
[2024-04-08 08:44:52] merlin-logger.DEBUG: Invalid taxonomy. [] []
[2024-04-08 08:44:52] merlin-logger.WARNING: Failed to import product_tag Thermometer [] []
[2024-04-08 08:44:52] merlin-logger.DEBUG: Invalid taxonomy. [] []
[2024-04-08 08:44:52] merlin-logger.WARNING: Failed to import product_type variable [] []
[2024-04-08 08:44:52] merlin-logger.DEBUG: Invalid taxonomy. [] []
[2024-04-08 08:44:52] merlin-logger.WARNING: Failed to import product_tag Vitamin [] []
[2024-04-08 08:44:52] merlin-logger.DEBUG: Invalid taxonomy. [] []
[2024-04-08 08:44:54] merlin-logger.INFO: Imported "product-42" (Media) [] []
[2024-04-08 08:44:54] merlin-logger.DEBUG: Post 1128 remapped to 1128 [] []
[2024-04-08 08:44:58] merlin-logger.INFO: Imported "product-43" (Media) [] []
[2024-04-08 08:44:58] merlin-logger.DEBUG: Post 1129 remapped to 1129 [] []
[2024-04-08 08:44:59] merlin-logger.INFO: Imported "product-44" (Media) [] []
[2024-04-08 08:44:59] merlin-logger.DEBUG: Post 1130 remapped to 1130 [] []
[2024-04-08 08:45:02] merlin-logger.INFO: Imported "product-45" (Media) [] []
[2024-04-08 08:45:02] merlin-logger.DEBUG: Post 1140 remapped to 1140 [] []
[2024-04-08 08:45:05] merlin-logger.INFO: Imported "product-46" (Media) [] []
[2024-04-08 08:45:05] merlin-logger.DEBUG: Post 1141 remapped to 1141 [] []
[2024-04-08 08:45:06] merlin-logger.INFO: Imported "product-47" (Media) [] []
[2024-04-08 08:45:06] merlin-logger.DEBUG: Post 1142 remapped to 1142 [] []
[2024-04-08 08:45:08] merlin-logger.INFO: Imported "product-48" (Media) [] []
[2024-04-08 08:45:08] merlin-logger.DEBUG: Post 1143 remapped to 1143 [] []
[2024-04-08 08:45:10] merlin-logger.INFO: Imported "product-49" (Media) [] []
[2024-04-08 08:45:10] merlin-logger.DEBUG: Post 1144 remapped to 1144 [] []
[2024-04-08 08:45:12] merlin-logger.INFO: Imported "product-50" (Media) [] []
[2024-04-08 08:45:12] merlin-logger.DEBUG: Post 1145 remapped to 1145 [] []
[2024-04-08 08:45:12] merlin-logger.INFO: New AJAX call! [] []
[2024-04-08 08:45:13] merlin-logger.INFO: The content import AJAX call will be executed with this import data {"title":"Content","data":"/home/jassai/public_html/medlama/wp-content/uploads/2024/04/content-2024-04-08__08-41-11.xml"} []
[2024-04-08 08:45:13] merlin-logger.WARNING: Failed to import pa_size 100ml [] []
[2024-04-08 08:45:13] merlin-logger.DEBUG: Invalid taxonomy. [] []
[2024-04-08 08:45:13] merlin-logger.WARNING: Failed to import pa_size 200mg [] []
[2024-04-08 08:45:13] merlin-logger.DEBUG: Invalid taxonomy. [] []
[2024-04-08 08:45:13] merlin-logger.WARNING: Failed to import pa_size 200ml [] []
[2024-04-08 08:45:13] merlin-logger.DEBUG: Invalid taxonomy. [] []
[2024-04-08 08:45:13] merlin-logger.WARNING: Failed to import pa_size 2XLarge [] []
[2024-04-08 08:45:13] merlin-logger.DEBUG: Invalid taxonomy. [] []
[2024-04-08 08:45:13] merlin-logger.WARNING: Failed to import pa_size 300mg [] []
[2024-04-08 08:45:13] merlin-logger.DEBUG: Invalid taxonomy. [] []
[2024-04-08 08:45:13] merlin-logger.WARNING: Failed to import pa_size 300ml [] []
[2024-04-08 08:45:13] merlin-logger.DEBUG: Invalid taxonomy. [] []
[2024-04-08 08:45:13] merlin-logger.WARNING: Failed to import yith_product_brand 3M Healthcare [] []
[2024-04-08 08:45:13] merlin-logger.DEBUG: Invalid taxonomy. [] []
[2024-04-08 08:45:13] merlin-logger.WARNING: Failed to import pa_size 3XLarge [] []
[2024-04-08 08:45:13] merlin-logger.DEBUG: Invalid taxonomy. [] []
[2024-04-08 08:45:13] merlin-logger.WARNING: Failed to import pa_size 400mg [] []
[2024-04-08 08:45:13] merlin-logger.DEBUG: Invalid taxonomy. [] []
[2024-04-08 08:45:13] merlin-logger.WARNING: Failed to import pa_size 4XLarge [] []
[2024-04-08 08:45:13] merlin-logger.DEBUG: Invalid taxonomy. [] []
[2024-04-08 08:45:13] merlin-logger.WARNING: Failed to import pa_size 5.5 [] []
[2024-04-08 08:45:13] merlin-logger.DEBUG: Invalid taxonomy. [] []
[2024-04-08 08:45:13] merlin-logger.WARNING: Failed to import pa_size 6 [] []
[2024-04-08 08:45:13] merlin-logger.DEBUG: Invalid taxonomy. [] []
[2024-04-08 08:45:13] merlin-logger.WARNING: Failed to import pa_size 7 [] []
[2024-04-08 08:45:13] merlin-logger.DEBUG: Invalid taxonomy. [] []
[2024-04-08 08:45:13] merlin-logger.WARNING: Failed to import product_tag Aspirin [] []
[2024-04-08 08:45:13] merlin-logger.DEBUG: Invalid taxonomy. [] []
[2024-04-08 08:45:13] merlin-logger.WARNING: Failed to import product_tag Bandages [] []
[2024-04-08 08:45:13] merlin-logger.DEBUG: Invalid taxonomy. [] []
[2024-04-08 08:45:13] merlin-logger.WARNING: Failed to import yith_product_brand Basic Medical [] []
[2024-04-08 08:45:13] merlin-logger.DEBUG: Invalid taxonomy. [] []
[2024-04-08 08:45:13] merlin-logger.WARNING: Failed to import pa_color Black [] []
[2024-04-08 08:45:13] merlin-logger.DEBUG: Invalid taxonomy. [] []
[2024-04-08 08:45:13] merlin-logger.WARNING: Failed to import pa_color Blue [] []
[2024-04-08 08:45:13] merlin-logger.DEBUG: Invalid taxonomy. [] []
[2024-04-08 08:45:13] merlin-logger.WARNING: Failed to import product_tag chamber [] []
[2024-04-08 08:45:13] merlin-logger.DEBUG: Invalid taxonomy. [] []
[2024-04-08 08:45:13] merlin-logger.WARNING: Failed to import product_tag Clinic [] []
[2024-04-08 08:45:13] merlin-logger.DEBUG: Invalid taxonomy. [] []
[2024-04-08 08:45:13] merlin-logger.WARNING: Failed to import product_tag Corona [] []
[2024-04-08 08:45:13] merlin-logger.DEBUG: Invalid taxonomy. [] []
[2024-04-08 08:45:13] merlin-logger.WARNING: Failed to import yith_product_brand Curad [] []
[2024-04-08 08:45:13] merlin-logger.DEBUG: Invalid taxonomy. [] []
[2024-04-08 08:45:13] merlin-logger.WARNING: Failed to import yith_product_brand Devon Medical [] []
[2024-04-08 08:45:13] merlin-logger.DEBUG: Invalid taxonomy. [] []
[2024-04-08 08:45:13] merlin-logger.WARNING: Failed to import product_tag Doctor [] []
[2024-04-08 08:45:13] merlin-logger.DEBUG: Invalid taxonomy. [] []
[2024-04-08 08:45:13] merlin-logger.WARNING: Failed to import product_tag Ear piece [] []
[2024-04-08 08:45:13] merlin-logger.DEBUG: Invalid taxonomy. [] []
[2024-04-08 08:45:13] merlin-logger.WARNING: Failed to import product_visibility exclude-from-catalog [] []
[2024-04-08 08:45:13] merlin-logger.DEBUG: Invalid taxonomy. [] []
[2024-04-08 08:45:13] merlin-logger.WARNING: Failed to import product_visibility exclude-from-search [] []
[2024-04-08 08:45:13] merlin-logger.DEBUG: Invalid taxonomy. [] []
[2024-04-08 08:45:13] merlin-logger.WARNING: Failed to import product_type external [] []
[2024-04-08 08:45:13] merlin-logger.DEBUG: Invalid taxonomy. [] []
[2024-04-08 08:45:13] merlin-logger.WARNING: Failed to import product_tag Face Mask [] []
[2024-04-08 08:45:13] merlin-logger.DEBUG: Invalid taxonomy. [] []
[2024-04-08 08:45:13] merlin-logger.WARNING: Failed to import product_visibility featured [] []
[2024-04-08 08:45:13] merlin-logger.DEBUG: Invalid taxonomy. [] []
[2024-04-08 08:45:13] merlin-logger.WARNING: Failed to import product_tag Functional foods [] []
[2024-04-08 08:45:13] merlin-logger.DEBUG: Invalid taxonomy. [] []
[2024-04-08 08:45:13] merlin-logger.WARNING: Failed to import product_cat Gloves [] []
[2024-04-08 08:45:13] merlin-logger.DEBUG: Invalid taxonomy. [] []
[2024-04-08 08:45:13] merlin-logger.WARNING: Failed to import product_tag gloves [] []
[2024-04-08 08:45:13] merlin-logger.DEBUG: Invalid taxonomy. [] []
[2024-04-08 08:45:13] merlin-logger.WARNING: Failed to import pa_color Green [] []
[2024-04-08 08:45:13] merlin-logger.DEBUG: Invalid taxonomy. [] []
[2024-04-08 08:45:13] merlin-logger.WARNING: Failed to import pa_color Grey [] []
[2024-04-08 08:45:13] merlin-logger.DEBUG: Invalid taxonomy. [] []
[2024-04-08 08:45:13] merlin-logger.WARNING: Failed to import product_type grouped [] []
[2024-04-08 08:45:13] merlin-logger.DEBUG: Invalid taxonomy. [] []
[2024-04-08 08:45:13] merlin-logger.WARNING: Failed to import product_cat Hand Sanitizers [] []
[2024-04-08 08:45:13] merlin-logger.DEBUG: Invalid taxonomy. [] []
[2024-04-08 08:45:13] merlin-logger.WARNING: Failed to import product_cat Health Care [] []
[2024-04-08 08:45:13] merlin-logger.DEBUG: Invalid taxonomy. [] []
[2024-04-08 08:45:13] merlin-logger.WARNING: Failed to import pa_image img-1 [] []
[2024-04-08 08:45:13] merlin-logger.DEBUG: Invalid taxonomy. [] []
[2024-04-08 08:45:13] merlin-logger.WARNING: Failed to import pa_image img-2 [] []
[2024-04-08 08:45:13] merlin-logger.DEBUG: Invalid taxonomy. [] []
[2024-04-08 08:45:13] merlin-logger.WARNING: Failed to import pa_image img-3 [] []
[2024-04-08 08:45:13] merlin-logger.DEBUG: Invalid taxonomy. [] []
[2024-04-08 08:45:13] merlin-logger.WARNING: Failed to import product_cat Infection Prevention [] []
[2024-04-08 08:45:13] merlin-logger.DEBUG: Invalid taxonomy. [] []
[2024-04-08 08:45:13] merlin-logger.WARNING: Failed to import pa_size Large [] []
[2024-04-08 08:45:13] merlin-logger.DEBUG: Invalid taxonomy. [] []
[2024-04-08 08:45:13] merlin-logger.WARNING: Failed to import product_tag Medical Instruments [] []
[2024-04-08 08:45:13] merlin-logger.DEBUG: Invalid taxonomy. [] []
[2024-04-08 08:45:13] merlin-logger.WARNING: Failed to import product_tag Medicine [] []
[2024-04-08 08:45:13] merlin-logger.DEBUG: Invalid taxonomy. [] []
[2024-04-08 08:45:13] merlin-logger.WARNING: Failed to import pa_size Medium [] []
[2024-04-08 08:45:13] merlin-logger.DEBUG: Invalid taxonomy. [] []
[2024-04-08 08:45:13] merlin-logger.WARNING: Failed to import yith_product_brand Medline [] []
[2024-04-08 08:45:13] merlin-logger.DEBUG: Invalid taxonomy. [] []
[2024-04-08 08:45:13] merlin-logger.WARNING: Failed to import product_tag Needle [] []
[2024-04-08 08:45:13] merlin-logger.DEBUG: Invalid taxonomy. [] []
[2024-04-08 08:45:13] merlin-logger.WARNING: Failed to import product_tag Nurse [] []
[2024-04-08 08:45:13] merlin-logger.DEBUG: Invalid taxonomy. [] []
[2024-04-08 08:45:13] merlin-logger.WARNING: Failed to import product_visibility outofstock [] []
[2024-04-08 08:45:13] merlin-logger.DEBUG: Invalid taxonomy. [] []
[2024-04-08 08:45:13] merlin-logger.WARNING: Failed to import elementor_library_type page [] []
[2024-04-08 08:45:13] merlin-logger.DEBUG: Invalid taxonomy. [] []
[2024-04-08 08:45:13] merlin-logger.WARNING: Failed to import yith_product_brand Posey Company [] []
[2024-04-08 08:45:13] merlin-logger.DEBUG: Invalid taxonomy. [] []
[2024-04-08 08:45:13] merlin-logger.WARNING: Failed to import yith_product_brand Protective Industrial [] []
[2024-04-08 08:45:13] merlin-logger.DEBUG: Invalid taxonomy. [] []
[2024-04-08 08:45:13] merlin-logger.WARNING: Failed to import product_visibility rated-1 [] []
[2024-04-08 08:45:13] merlin-logger.DEBUG: Invalid taxonomy. [] []
[2024-04-08 08:45:13] merlin-logger.WARNING: Failed to import product_visibility rated-2 [] []
[2024-04-08 08:45:13] merlin-logger.DEBUG: Invalid taxonomy. [] []
[2024-04-08 08:45:13] merlin-logger.WARNING: Failed to import product_visibility rated-3 [] []
[2024-04-08 08:45:13] merlin-logger.DEBUG: Invalid taxonomy. [] []
[2024-04-08 08:45:13] merlin-logger.WARNING: Failed to import product_visibility rated-4 [] []
[2024-04-08 08:45:13] merlin-logger.DEBUG: Invalid taxonomy. [] []
[2024-04-08 08:45:13] merlin-logger.WARNING: Failed to import product_visibility rated-5 [] []
[2024-04-08 08:45:13] merlin-logger.DEBUG: Invalid taxonomy. [] []
[2024-04-08 08:45:13] merlin-logger.WARNING: Failed to import pa_color Red [] []
[2024-04-08 08:45:13] merlin-logger.DEBUG: Invalid taxonomy. [] []
[2024-04-08 08:45:13] merlin-logger.WARNING: Failed to import pa_size Regular [] []
[2024-04-08 08:45:13] merlin-logger.DEBUG: Invalid taxonomy. [] []
[2024-04-08 08:45:13] merlin-logger.WARNING: Failed to import product_cat Safety Glasses [] []
[2024-04-08 08:45:13] merlin-logger.DEBUG: Invalid taxonomy. [] []
[2024-04-08 08:45:13] merlin-logger.WARNING: Failed to import elementor_library_type section [] []
[2024-04-08 08:45:13] merlin-logger.DEBUG: Invalid taxonomy. [] []
[2024-04-08 08:45:13] merlin-logger.WARNING: Failed to import product_type simple [] []
[2024-04-08 08:45:13] merlin-logger.DEBUG: Invalid taxonomy. [] []
[2024-04-08 08:45:13] merlin-logger.WARNING: Failed to import product_cat Surgical Caps [] []
[2024-04-08 08:45:13] merlin-logger.DEBUG: Invalid taxonomy. [] []
[2024-04-08 08:45:13] merlin-logger.WARNING: Failed to import product_cat Surgical Clothing [] []
[2024-04-08 08:45:13] merlin-logger.DEBUG: Invalid taxonomy. [] []
[2024-04-08 08:45:13] merlin-logger.WARNING: Failed to import product_cat Surgical Masks [] []
[2024-04-08 08:45:13] merlin-logger.DEBUG: Invalid taxonomy. [] []
[2024-04-08 08:45:13] merlin-logger.WARNING: Failed to import product_tag The scissors [] []
[2024-04-08 08:45:13] merlin-logger.DEBUG: Invalid taxonomy. [] []
[2024-04-08 08:45:13] merlin-logger.WARNING: Failed to import product_tag Thermometer [] []
[2024-04-08 08:45:13] merlin-logger.DEBUG: Invalid taxonomy. [] []
[2024-04-08 08:45:13] merlin-logger.WARNING: Failed to import product_type variable [] []
[2024-04-08 08:45:13] merlin-logger.DEBUG: Invalid taxonomy. [] []
[2024-04-08 08:45:13] merlin-logger.WARNING: Failed to import product_tag Vitamin [] []
[2024-04-08 08:45:13] merlin-logger.DEBUG: Invalid taxonomy. [] []
[2024-04-08 08:45:17] merlin-logger.INFO: Imported "product-51" (Media) [] []
[2024-04-08 08:45:17] merlin-logger.DEBUG: Post 1146 remapped to 1146 [] []
[2024-04-08 08:45:19] merlin-logger.INFO: Imported "product-52" (Media) [] []
[2024-04-08 08:45:19] merlin-logger.DEBUG: Post 1147 remapped to 1147 [] []
[2024-04-08 08:45:20] merlin-logger.INFO: Imported "review-01" (Media) [] []
[2024-04-08 08:45:20] merlin-logger.DEBUG: Post 1290 remapped to 1290 [] []
[2024-04-08 08:45:22] merlin-logger.INFO: Imported "review-02" (Media) [] []
[2024-04-08 08:45:22] merlin-logger.DEBUG: Post 1291 remapped to 1291 [] []
[2024-04-08 08:45:24] merlin-logger.INFO: Imported "review-03" (Media) [] []
[2024-04-08 08:45:24] merlin-logger.DEBUG: Post 1292 remapped to 1292 [] []
[2024-04-08 08:45:28] merlin-logger.INFO: Imported "review-04" (Media) [] []
[2024-04-08 08:45:28] merlin-logger.DEBUG: Post 1293 remapped to 1293 [] []
[2024-04-08 08:45:30] merlin-logger.INFO: Imported "review-13" (Media) [] []
[2024-04-08 08:45:30] merlin-logger.DEBUG: Post 1294 remapped to 1294 [] []
[2024-04-08 08:45:32] merlin-logger.INFO: Imported "review-14" (Media) [] []
[2024-04-08 08:45:32] merlin-logger.DEBUG: Post 1295 remapped to 1295 [] []
[2024-04-08 08:45:34] merlin-logger.INFO: Imported "review-15" (Media) [] []
[2024-04-08 08:45:34] merlin-logger.DEBUG: Post 1296 remapped to 1296 [] []
[2024-04-08 08:45:34] merlin-logger.INFO: New AJAX call! [] []
[2024-04-08 08:45:34] merlin-logger.INFO: The content import AJAX call will be executed with this import data {"title":"Content","data":"/home/jassai/public_html/medlama/wp-content/uploads/2024/04/content-2024-04-08__08-41-11.xml"} []
[2024-04-08 08:45:34] merlin-logger.WARNING: Failed to import pa_size 100ml [] []
[2024-04-08 08:45:34] merlin-logger.DEBUG: Invalid taxonomy. [] []
[2024-04-08 08:45:34] merlin-logger.WARNING: Failed to import pa_size 200mg [] []
[2024-04-08 08:45:34] merlin-logger.DEBUG: Invalid taxonomy. [] []
[2024-04-08 08:45:34] merlin-logger.WARNING: Failed to import pa_size 200ml [] []
[2024-04-08 08:45:34] merlin-logger.DEBUG: Invalid taxonomy. [] []
[2024-04-08 08:45:34] merlin-logger.WARNING: Failed to import pa_size 2XLarge [] []
[2024-04-08 08:45:34] merlin-logger.DEBUG: Invalid taxonomy. [] []
[2024-04-08 08:45:34] merlin-logger.WARNING: Failed to import pa_size 300mg [] []
[2024-04-08 08:45:34] merlin-logger.DEBUG: Invalid taxonomy. [] []
[2024-04-08 08:45:34] merlin-logger.WARNING: Failed to import pa_size 300ml [] []
[2024-04-08 08:45:34] merlin-logger.DEBUG: Invalid taxonomy. [] []
[2024-04-08 08:45:34] merlin-logger.WARNING: Failed to import yith_product_brand 3M Healthcare [] []
[2024-04-08 08:45:34] merlin-logger.DEBUG: Invalid taxonomy. [] []
[2024-04-08 08:45:34] merlin-logger.WARNING: Failed to import pa_size 3XLarge [] []
[2024-04-08 08:45:34] merlin-logger.DEBUG: Invalid taxonomy. [] []
[2024-04-08 08:45:34] merlin-logger.WARNING: Failed to import pa_size 400mg [] []
[2024-04-08 08:45:34] merlin-logger.DEBUG: Invalid taxonomy. [] []
[2024-04-08 08:45:34] merlin-logger.WARNING: Failed to import pa_size 4XLarge [] []
[2024-04-08 08:45:34] merlin-logger.DEBUG: Invalid taxonomy. [] []
[2024-04-08 08:45:34] merlin-logger.WARNING: Failed to import pa_size 5.5 [] []
[2024-04-08 08:45:34] merlin-logger.DEBUG: Invalid taxonomy. [] []
[2024-04-08 08:45:34] merlin-logger.WARNING: Failed to import pa_size 6 [] []
[2024-04-08 08:45:34] merlin-logger.DEBUG: Invalid taxonomy. [] []
[2024-04-08 08:45:34] merlin-logger.WARNING: Failed to import pa_size 7 [] []
[2024-04-08 08:45:34] merlin-logger.DEBUG: Invalid taxonomy. [] []
[2024-04-08 08:45:34] merlin-logger.WARNING: Failed to import product_tag Aspirin [] []
[2024-04-08 08:45:34] merlin-logger.DEBUG: Invalid taxonomy. [] []
[2024-04-08 08:45:34] merlin-logger.WARNING: Failed to import product_tag Bandages [] []
[2024-04-08 08:45:34] merlin-logger.DEBUG: Invalid taxonomy. [] []
[2024-04-08 08:45:34] merlin-logger.WARNING: Failed to import yith_product_brand Basic Medical [] []
[2024-04-08 08:45:34] merlin-logger.DEBUG: Invalid taxonomy. [] []
[2024-04-08 08:45:34] merlin-logger.WARNING: Failed to import pa_color Black [] []
[2024-04-08 08:45:34] merlin-logger.DEBUG: Invalid taxonomy. [] []
[2024-04-08 08:45:34] merlin-logger.WARNING: Failed to import pa_color Blue [] []
[2024-04-08 08:45:34] merlin-logger.DEBUG: Invalid taxonomy. [] []
[2024-04-08 08:45:34] merlin-logger.WARNING: Failed to import product_tag chamber [] []
[2024-04-08 08:45:34] merlin-logger.DEBUG: Invalid taxonomy. [] []
[2024-04-08 08:45:34] merlin-logger.WARNING: Failed to import product_tag Clinic [] []
[2024-04-08 08:45:34] merlin-logger.DEBUG: Invalid taxonomy. [] []
[2024-04-08 08:45:34] merlin-logger.WARNING: Failed to import product_tag Corona [] []
[2024-04-08 08:45:34] merlin-logger.DEBUG: Invalid taxonomy. [] []
[2024-04-08 08:45:34] merlin-logger.WARNING: Failed to import yith_product_brand Curad [] []
[2024-04-08 08:45:34] merlin-logger.DEBUG: Invalid taxonomy. [] []
[2024-04-08 08:45:34] merlin-logger.WARNING: Failed to import yith_product_brand Devon Medical [] []
[2024-04-08 08:45:34] merlin-logger.DEBUG: Invalid taxonomy. [] []
[2024-04-08 08:45:34] merlin-logger.WARNING: Failed to import product_tag Doctor [] []
[2024-04-08 08:45:34] merlin-logger.DEBUG: Invalid taxonomy. [] []
[2024-04-08 08:45:34] merlin-logger.WARNING: Failed to import product_tag Ear piece [] []
[2024-04-08 08:45:34] merlin-logger.DEBUG: Invalid taxonomy. [] []
[2024-04-08 08:45:34] merlin-logger.WARNING: Failed to import product_visibility exclude-from-catalog [] []
[2024-04-08 08:45:34] merlin-logger.DEBUG: Invalid taxonomy. [] []
[2024-04-08 08:45:34] merlin-logger.WARNING: Failed to import product_visibility exclude-from-search [] []
[2024-04-08 08:45:34] merlin-logger.DEBUG: Invalid taxonomy. [] []
[2024-04-08 08:45:34] merlin-logger.WARNING: Failed to import product_type external [] []
[2024-04-08 08:45:34] merlin-logger.DEBUG: Invalid taxonomy. [] []
[2024-04-08 08:45:34] merlin-logger.WARNING: Failed to import product_tag Face Mask [] []
[2024-04-08 08:45:34] merlin-logger.DEBUG: Invalid taxonomy. [] []
[2024-04-08 08:45:34] merlin-logger.WARNING: Failed to import product_visibility featured [] []
[2024-04-08 08:45:34] merlin-logger.DEBUG: Invalid taxonomy. [] []
[2024-04-08 08:45:34] merlin-logger.WARNING: Failed to import product_tag Functional foods [] []
[2024-04-08 08:45:34] merlin-logger.DEBUG: Invalid taxonomy. [] []
[2024-04-08 08:45:34] merlin-logger.WARNING: Failed to import product_cat Gloves [] []
[2024-04-08 08:45:34] merlin-logger.DEBUG: Invalid taxonomy. [] []
[2024-04-08 08:45:34] merlin-logger.WARNING: Failed to import product_tag gloves [] []
[2024-04-08 08:45:34] merlin-logger.DEBUG: Invalid taxonomy. [] []
[2024-04-08 08:45:34] merlin-logger.WARNING: Failed to import pa_color Green [] []
[2024-04-08 08:45:34] merlin-logger.DEBUG: Invalid taxonomy. [] []
[2024-04-08 08:45:34] merlin-logger.WARNING: Failed to import pa_color Grey [] []
[2024-04-08 08:45:34] merlin-logger.DEBUG: Invalid taxonomy. [] []
[2024-04-08 08:45:34] merlin-logger.WARNING: Failed to import product_type grouped [] []
[2024-04-08 08:45:34] merlin-logger.DEBUG: Invalid taxonomy. [] []
[2024-04-08 08:45:34] merlin-logger.WARNING: Failed to import product_cat Hand Sanitizers [] []
[2024-04-08 08:45:34] merlin-logger.DEBUG: Invalid taxonomy. [] []
[2024-04-08 08:45:34] merlin-logger.WARNING: Failed to import product_cat Health Care [] []
[2024-04-08 08:45:34] merlin-logger.DEBUG: Invalid taxonomy. [] []
[2024-04-08 08:45:34] merlin-logger.WARNING: Failed to import pa_image img-1 [] []
[2024-04-08 08:45:34] merlin-logger.DEBUG: Invalid taxonomy. [] []
[2024-04-08 08:45:34] merlin-logger.WARNING: Failed to import pa_image img-2 [] []
[2024-04-08 08:45:34] merlin-logger.DEBUG: Invalid taxonomy. [] []
[2024-04-08 08:45:34] merlin-logger.WARNING: Failed to import pa_image img-3 [] []
[2024-04-08 08:45:34] merlin-logger.DEBUG: Invalid taxonomy. [] []
[2024-04-08 08:45:34] merlin-logger.WARNING: Failed to import product_cat Infection Prevention [] []
[2024-04-08 08:45:34] merlin-logger.DEBUG: Invalid taxonomy. [] []
[2024-04-08 08:45:34] merlin-logger.WARNING: Failed to import pa_size Large [] []
[2024-04-08 08:45:34] merlin-logger.DEBUG: Invalid taxonomy. [] []
[2024-04-08 08:45:34] merlin-logger.WARNING: Failed to import product_tag Medical Instruments [] []
[2024-04-08 08:45:34] merlin-logger.DEBUG: Invalid taxonomy. [] []
[2024-04-08 08:45:34] merlin-logger.WARNING: Failed to import product_tag Medicine [] []
[2024-04-08 08:45:34] merlin-logger.DEBUG: Invalid taxonomy. [] []
[2024-04-08 08:45:34] merlin-logger.WARNING: Failed to import pa_size Medium [] []
[2024-04-08 08:45:34] merlin-logger.DEBUG: Invalid taxonomy. [] []
[2024-04-08 08:45:34] merlin-logger.WARNING: Failed to import yith_product_brand Medline [] []
[2024-04-08 08:45:34] merlin-logger.DEBUG: Invalid taxonomy. [] []
[2024-04-08 08:45:34] merlin-logger.WARNING: Failed to import product_tag Needle [] []
[2024-04-08 08:45:34] merlin-logger.DEBUG: Invalid taxonomy. [] []
[2024-04-08 08:45:34] merlin-logger.WARNING: Failed to import product_tag Nurse [] []
[2024-04-08 08:45:34] merlin-logger.DEBUG: Invalid taxonomy. [] []
[2024-04-08 08:45:34] merlin-logger.WARNING: Failed to import product_visibility outofstock [] []
[2024-04-08 08:45:34] merlin-logger.DEBUG: Invalid taxonomy. [] []
[2024-04-08 08:45:34] merlin-logger.WARNING: Failed to import elementor_library_type page [] []
[2024-04-08 08:45:34] merlin-logger.DEBUG: Invalid taxonomy. [] []
[2024-04-08 08:45:34] merlin-logger.WARNING: Failed to import yith_product_brand Posey Company [] []
[2024-04-08 08:45:34] merlin-logger.DEBUG: Invalid taxonomy. [] []
[2024-04-08 08:45:34] merlin-logger.WARNING: Failed to import yith_product_brand Protective Industrial [] []
[2024-04-08 08:45:34] merlin-logger.DEBUG: Invalid taxonomy. [] []
[2024-04-08 08:45:34] merlin-logger.WARNING: Failed to import product_visibility rated-1 [] []
[2024-04-08 08:45:34] merlin-logger.DEBUG: Invalid taxonomy. [] []
[2024-04-08 08:45:34] merlin-logger.WARNING: Failed to import product_visibility rated-2 [] []
[2024-04-08 08:45:34] merlin-logger.DEBUG: Invalid taxonomy. [] []
[2024-04-08 08:45:34] merlin-logger.WARNING: Failed to import product_visibility rated-3 [] []
[2024-04-08 08:45:34] merlin-logger.DEBUG: Invalid taxonomy. [] []
[2024-04-08 08:45:34] merlin-logger.WARNING: Failed to import product_visibility rated-4 [] []
[2024-04-08 08:45:34] merlin-logger.DEBUG: Invalid taxonomy. [] []
[2024-04-08 08:45:34] merlin-logger.WARNING: Failed to import product_visibility rated-5 [] []
[2024-04-08 08:45:34] merlin-logger.DEBUG: Invalid taxonomy. [] []
[2024-04-08 08:45:34] merlin-logger.WARNING: Failed to import pa_color Red [] []
[2024-04-08 08:45:34] merlin-logger.DEBUG: Invalid taxonomy. [] []
[2024-04-08 08:45:34] merlin-logger.WARNING: Failed to import pa_size Regular [] []
[2024-04-08 08:45:34] merlin-logger.DEBUG: Invalid taxonomy. [] []
[2024-04-08 08:45:34] merlin-logger.WARNING: Failed to import product_cat Safety Glasses [] []
[2024-04-08 08:45:34] merlin-logger.DEBUG: Invalid taxonomy. [] []
[2024-04-08 08:45:34] merlin-logger.WARNING: Failed to import elementor_library_type section [] []
[2024-04-08 08:45:34] merlin-logger.DEBUG: Invalid taxonomy. [] []
[2024-04-08 08:45:34] merlin-logger.WARNING: Failed to import product_type simple [] []
[2024-04-08 08:45:34] merlin-logger.DEBUG: Invalid taxonomy. [] []
[2024-04-08 08:45:34] merlin-logger.WARNING: Failed to import product_cat Surgical Caps [] []
[2024-04-08 08:45:34] merlin-logger.DEBUG: Invalid taxonomy. [] []
[2024-04-08 08:45:34] merlin-logger.WARNING: Failed to import product_cat Surgical Clothing [] []
[2024-04-08 08:45:34] merlin-logger.DEBUG: Invalid taxonomy. [] []
[2024-04-08 08:45:34] merlin-logger.WARNING: Failed to import product_cat Surgical Masks [] []
[2024-04-08 08:45:34] merlin-logger.DEBUG: Invalid taxonomy. [] []
[2024-04-08 08:45:34] merlin-logger.WARNING: Failed to import product_tag The scissors [] []
[2024-04-08 08:45:34] merlin-logger.DEBUG: Invalid taxonomy. [] []
[2024-04-08 08:45:34] merlin-logger.WARNING: Failed to import product_tag Thermometer [] []
[2024-04-08 08:45:34] merlin-logger.DEBUG: Invalid taxonomy. [] []
[2024-04-08 08:45:34] merlin-logger.WARNING: Failed to import product_type variable [] []
[2024-04-08 08:45:34] merlin-logger.DEBUG: Invalid taxonomy. [] []
[2024-04-08 08:45:34] merlin-logger.WARNING: Failed to import product_tag Vitamin [] []
[2024-04-08 08:45:34] merlin-logger.DEBUG: Invalid taxonomy. [] []
[2024-04-08 08:45:36] merlin-logger.INFO: Imported "review-16" (Media) [] []
[2024-04-08 08:45:36] merlin-logger.DEBUG: Post 1297 remapped to 1297 [] []
[2024-04-08 08:45:38] merlin-logger.INFO: Imported "review-09" (Media) [] []
[2024-04-08 08:45:38] merlin-logger.DEBUG: Post 1298 remapped to 1298 [] []
[2024-04-08 08:45:40] merlin-logger.INFO: Imported "review-10" (Media) [] []
[2024-04-08 08:45:40] merlin-logger.DEBUG: Post 1299 remapped to 1299 [] []
[2024-04-08 08:45:42] merlin-logger.INFO: Imported "review-11" (Media) [] []
[2024-04-08 08:45:42] merlin-logger.DEBUG: Post 1300 remapped to 1300 [] []
[2024-04-08 08:45:44] merlin-logger.INFO: Imported "review-12" (Media) [] []
[2024-04-08 08:45:44] merlin-logger.DEBUG: Post 1301 remapped to 1301 [] []
[2024-04-08 08:45:45] merlin-logger.INFO: Imported "review-17" (Media) [] []
[2024-04-08 08:45:45] merlin-logger.DEBUG: Post 1302 remapped to 1302 [] []
[2024-04-08 08:45:47] merlin-logger.INFO: Imported "review-18" (Media) [] []
[2024-04-08 08:45:47] merlin-logger.DEBUG: Post 1303 remapped to 1303 [] []
[2024-04-08 08:45:49] merlin-logger.INFO: Imported "review-19" (Media) [] []
[2024-04-08 08:45:49] merlin-logger.DEBUG: Post 1304 remapped to 1304 [] []
[2024-04-08 08:45:51] merlin-logger.INFO: Imported "review-20" (Media) [] []
[2024-04-08 08:45:51] merlin-logger.DEBUG: Post 1305 remapped to 1305 [] []
[2024-04-08 08:45:53] merlin-logger.INFO: Imported "review-05" (Media) [] []
[2024-04-08 08:45:53] merlin-logger.DEBUG: Post 1306 remapped to 1306 [] []
[2024-04-08 08:45:55] merlin-logger.INFO: Imported "review-06" (Media) [] []
[2024-04-08 08:45:55] merlin-logger.DEBUG: Post 1307 remapped to 1307 [] []
[2024-04-08 08:45:55] merlin-logger.INFO: New AJAX call! [] []
[2024-04-08 08:45:55] merlin-logger.INFO: The content import AJAX call will be executed with this import data {"title":"Content","data":"/home/jassai/public_html/medlama/wp-content/uploads/2024/04/content-2024-04-08__08-41-11.xml"} []
[2024-04-08 08:45:55] merlin-logger.WARNING: Failed to import pa_size 100ml [] []
[2024-04-08 08:45:55] merlin-logger.DEBUG: Invalid taxonomy. [] []
[2024-04-08 08:45:55] merlin-logger.WARNING: Failed to import pa_size 200mg [] []
[2024-04-08 08:45:55] merlin-logger.DEBUG: Invalid taxonomy. [] []
[2024-04-08 08:45:55] merlin-logger.WARNING: Failed to import pa_size 200ml [] []
[2024-04-08 08:45:55] merlin-logger.DEBUG: Invalid taxonomy. [] []
[2024-04-08 08:45:55] merlin-logger.WARNING: Failed to import pa_size 2XLarge [] []
[2024-04-08 08:45:55] merlin-logger.DEBUG: Invalid taxonomy. [] []
[2024-04-08 08:45:55] merlin-logger.WARNING: Failed to import pa_size 300mg [] []
[2024-04-08 08:45:55] merlin-logger.DEBUG: Invalid taxonomy. [] []
[2024-04-08 08:45:55] merlin-logger.WARNING: Failed to import pa_size 300ml [] []
[2024-04-08 08:45:55] merlin-logger.DEBUG: Invalid taxonomy. [] []
[2024-04-08 08:45:55] merlin-logger.WARNING: Failed to import yith_product_brand 3M Healthcare [] []
[2024-04-08 08:45:55] merlin-logger.DEBUG: Invalid taxonomy. [] []
[2024-04-08 08:45:55] merlin-logger.WARNING: Failed to import pa_size 3XLarge [] []
[2024-04-08 08:45:55] merlin-logger.DEBUG: Invalid taxonomy. [] []
[2024-04-08 08:45:55] merlin-logger.WARNING: Failed to import pa_size 400mg [] []
[2024-04-08 08:45:55] merlin-logger.DEBUG: Invalid taxonomy. [] []
[2024-04-08 08:45:55] merlin-logger.WARNING: Failed to import pa_size 4XLarge [] []
[2024-04-08 08:45:55] merlin-logger.DEBUG: Invalid taxonomy. [] []
[2024-04-08 08:45:55] merlin-logger.WARNING: Failed to import pa_size 5.5 [] []
[2024-04-08 08:45:55] merlin-logger.DEBUG: Invalid taxonomy. [] []
[2024-04-08 08:45:55] merlin-logger.WARNING: Failed to import pa_size 6 [] []
[2024-04-08 08:45:55] merlin-logger.DEBUG: Invalid taxonomy. [] []
[2024-04-08 08:45:55] merlin-logger.WARNING: Failed to import pa_size 7 [] []
[2024-04-08 08:45:55] merlin-logger.DEBUG: Invalid taxonomy. [] []
[2024-04-08 08:45:55] merlin-logger.WARNING: Failed to import product_tag Aspirin [] []
[2024-04-08 08:45:55] merlin-logger.DEBUG: Invalid taxonomy. [] []
[2024-04-08 08:45:55] merlin-logger.WARNING: Failed to import product_tag Bandages [] []
[2024-04-08 08:45:55] merlin-logger.DEBUG: Invalid taxonomy. [] []
[2024-04-08 08:45:55] merlin-logger.WARNING: Failed to import yith_product_brand Basic Medical [] []
[2024-04-08 08:45:55] merlin-logger.DEBUG: Invalid taxonomy. [] []
[2024-04-08 08:45:55] merlin-logger.WARNING: Failed to import pa_color Black [] []
[2024-04-08 08:45:55] merlin-logger.DEBUG: Invalid taxonomy. [] []
[2024-04-08 08:45:55] merlin-logger.WARNING: Failed to import pa_color Blue [] []
[2024-04-08 08:45:55] merlin-logger.DEBUG: Invalid taxonomy. [] []
[2024-04-08 08:45:55] merlin-logger.WARNING: Failed to import product_tag chamber [] []
[2024-04-08 08:45:55] merlin-logger.DEBUG: Invalid taxonomy. [] []
[2024-04-08 08:45:55] merlin-logger.WARNING: Failed to import product_tag Clinic [] []
[2024-04-08 08:45:55] merlin-logger.DEBUG: Invalid taxonomy. [] []
[2024-04-08 08:45:55] merlin-logger.WARNING: Failed to import product_tag Corona [] []
[2024-04-08 08:45:55] merlin-logger.DEBUG: Invalid taxonomy. [] []
[2024-04-08 08:45:55] merlin-logger.WARNING: Failed to import yith_product_brand Curad [] []
[2024-04-08 08:45:55] merlin-logger.DEBUG: Invalid taxonomy. [] []
[2024-04-08 08:45:55] merlin-logger.WARNING: Failed to import yith_product_brand Devon Medical [] []
[2024-04-08 08:45:55] merlin-logger.DEBUG: Invalid taxonomy. [] []
[2024-04-08 08:45:55] merlin-logger.WARNING: Failed to import product_tag Doctor [] []
[2024-04-08 08:45:55] merlin-logger.DEBUG: Invalid taxonomy. [] []
[2024-04-08 08:45:55] merlin-logger.WARNING: Failed to import product_tag Ear piece [] []
[2024-04-08 08:45:55] merlin-logger.DEBUG: Invalid taxonomy. [] []
[2024-04-08 08:45:55] merlin-logger.WARNING: Failed to import product_visibility exclude-from-catalog [] []
[2024-04-08 08:45:55] merlin-logger.DEBUG: Invalid taxonomy. [] []
[2024-04-08 08:45:55] merlin-logger.WARNING: Failed to import product_visibility exclude-from-search [] []
[2024-04-08 08:45:55] merlin-logger.DEBUG: Invalid taxonomy. [] []
[2024-04-08 08:45:55] merlin-logger.WARNING: Failed to import product_type external [] []
[2024-04-08 08:45:55] merlin-logger.DEBUG: Invalid taxonomy. [] []
[2024-04-08 08:45:55] merlin-logger.WARNING: Failed to import product_tag Face Mask [] []
[2024-04-08 08:45:55] merlin-logger.DEBUG: Invalid taxonomy. [] []
[2024-04-08 08:45:55] merlin-logger.WARNING: Failed to import product_visibility featured [] []
[2024-04-08 08:45:55] merlin-logger.DEBUG: Invalid taxonomy. [] []
[2024-04-08 08:45:55] merlin-logger.WARNING: Failed to import product_tag Functional foods [] []
[2024-04-08 08:45:55] merlin-logger.DEBUG: Invalid taxonomy. [] []
[2024-04-08 08:45:55] merlin-logger.WARNING: Failed to import product_cat Gloves [] []
[2024-04-08 08:45:55] merlin-logger.DEBUG: Invalid taxonomy. [] []
[2024-04-08 08:45:55] merlin-logger.WARNING: Failed to import product_tag gloves [] []
[2024-04-08 08:45:55] merlin-logger.DEBUG: Invalid taxonomy. [] []
[2024-04-08 08:45:55] merlin-logger.WARNING: Failed to import pa_color Green [] []
[2024-04-08 08:45:55] merlin-logger.DEBUG: Invalid taxonomy. [] []
[2024-04-08 08:45:55] merlin-logger.WARNING: Failed to import pa_color Grey [] []
[2024-04-08 08:45:55] merlin-logger.DEBUG: Invalid taxonomy. [] []
[2024-04-08 08:45:55] merlin-logger.WARNING: Failed to import product_type grouped [] []
[2024-04-08 08:45:55] merlin-logger.DEBUG: Invalid taxonomy. [] []
[2024-04-08 08:45:55] merlin-logger.WARNING: Failed to import product_cat Hand Sanitizers [] []
[2024-04-08 08:45:55] merlin-logger.DEBUG: Invalid taxonomy. [] []
[2024-04-08 08:45:55] merlin-logger.WARNING: Failed to import product_cat Health Care [] []
[2024-04-08 08:45:55] merlin-logger.DEBUG: Invalid taxonomy. [] []
[2024-04-08 08:45:55] merlin-logger.WARNING: Failed to import pa_image img-1 [] []
[2024-04-08 08:45:55] merlin-logger.DEBUG: Invalid taxonomy. [] []
[2024-04-08 08:45:55] merlin-logger.WARNING: Failed to import pa_image img-2 [] []
[2024-04-08 08:45:55] merlin-logger.DEBUG: Invalid taxonomy. [] []
[2024-04-08 08:45:55] merlin-logger.WARNING: Failed to import pa_image img-3 [] []
[2024-04-08 08:45:55] merlin-logger.DEBUG: Invalid taxonomy. [] []
[2024-04-08 08:45:55] merlin-logger.WARNING: Failed to import product_cat Infection Prevention [] []
[2024-04-08 08:45:55] merlin-logger.DEBUG: Invalid taxonomy. [] []
[2024-04-08 08:45:55] merlin-logger.WARNING: Failed to import pa_size Large [] []
[2024-04-08 08:45:55] merlin-logger.DEBUG: Invalid taxonomy. [] []
[2024-04-08 08:45:55] merlin-logger.WARNING: Failed to import product_tag Medical Instruments [] []
[2024-04-08 08:45:55] merlin-logger.DEBUG: Invalid taxonomy. [] []
[2024-04-08 08:45:55] merlin-logger.WARNING: Failed to import product_tag Medicine [] []
[2024-04-08 08:45:55] merlin-logger.DEBUG: Invalid taxonomy. [] []
[2024-04-08 08:45:55] merlin-logger.WARNING: Failed to import pa_size Medium [] []
[2024-04-08 08:45:55] merlin-logger.DEBUG: Invalid taxonomy. [] []
[2024-04-08 08:45:55] merlin-logger.WARNING: Failed to import yith_product_brand Medline [] []
[2024-04-08 08:45:55] merlin-logger.DEBUG: Invalid taxonomy. [] []
[2024-04-08 08:45:55] merlin-logger.WARNING: Failed to import product_tag Needle [] []
[2024-04-08 08:45:55] merlin-logger.DEBUG: Invalid taxonomy. [] []
[2024-04-08 08:45:55] merlin-logger.WARNING: Failed to import product_tag Nurse [] []
[2024-04-08 08:45:55] merlin-logger.DEBUG: Invalid taxonomy. [] []
[2024-04-08 08:45:55] merlin-logger.WARNING: Failed to import product_visibility outofstock [] []
[2024-04-08 08:45:55] merlin-logger.DEBUG: Invalid taxonomy. [] []
[2024-04-08 08:45:55] merlin-logger.WARNING: Failed to import elementor_library_type page [] []
[2024-04-08 08:45:55] merlin-logger.DEBUG: Invalid taxonomy. [] []
[2024-04-08 08:45:55] merlin-logger.WARNING: Failed to import yith_product_brand Posey Company [] []
[2024-04-08 08:45:55] merlin-logger.DEBUG: Invalid taxonomy. [] []
[2024-04-08 08:45:55] merlin-logger.WARNING: Failed to import yith_product_brand Protective Industrial [] []
[2024-04-08 08:45:55] merlin-logger.DEBUG: Invalid taxonomy. [] []
[2024-04-08 08:45:55] merlin-logger.WARNING: Failed to import product_visibility rated-1 [] []
[2024-04-08 08:45:55] merlin-logger.DEBUG: Invalid taxonomy. [] []
[2024-04-08 08:45:55] merlin-logger.WARNING: Failed to import product_visibility rated-2 [] []
[2024-04-08 08:45:55] merlin-logger.DEBUG: Invalid taxonomy. [] []
[2024-04-08 08:45:55] merlin-logger.WARNING: Failed to import product_visibility rated-3 [] []
[2024-04-08 08:45:55] merlin-logger.DEBUG: Invalid taxonomy. [] []
[2024-04-08 08:45:55] merlin-logger.WARNING: Failed to import product_visibility rated-4 [] []
[2024-04-08 08:45:55] merlin-logger.DEBUG: Invalid taxonomy. [] []
[2024-04-08 08:45:55] merlin-logger.WARNING: Failed to import product_visibility rated-5 [] []
[2024-04-08 08:45:55] merlin-logger.DEBUG: Invalid taxonomy. [] []
[2024-04-08 08:45:55] merlin-logger.WARNING: Failed to import pa_color Red [] []
[2024-04-08 08:45:55] merlin-logger.DEBUG: Invalid taxonomy. [] []
[2024-04-08 08:45:55] merlin-logger.WARNING: Failed to import pa_size Regular [] []
[2024-04-08 08:45:55] merlin-logger.DEBUG: Invalid taxonomy. [] []
[2024-04-08 08:45:55] merlin-logger.WARNING: Failed to import product_cat Safety Glasses [] []
[2024-04-08 08:45:55] merlin-logger.DEBUG: Invalid taxonomy. [] []
[2024-04-08 08:45:55] merlin-logger.WARNING: Failed to import elementor_library_type section [] []
[2024-04-08 08:45:55] merlin-logger.DEBUG: Invalid taxonomy. [] []
[2024-04-08 08:45:55] merlin-logger.WARNING: Failed to import product_type simple [] []
[2024-04-08 08:45:55] merlin-logger.DEBUG: Invalid taxonomy. [] []
[2024-04-08 08:45:55] merlin-logger.WARNING: Failed to import product_cat Surgical Caps [] []
[2024-04-08 08:45:55] merlin-logger.DEBUG: Invalid taxonomy. [] []
[2024-04-08 08:45:55] merlin-logger.WARNING: Failed to import product_cat Surgical Clothing [] []
[2024-04-08 08:45:55] merlin-logger.DEBUG: Invalid taxonomy. [] []
[2024-04-08 08:45:55] merlin-logger.WARNING: Failed to import product_cat Surgical Masks [] []
[2024-04-08 08:45:55] merlin-logger.DEBUG: Invalid taxonomy. [] []
[2024-04-08 08:45:55] merlin-logger.WARNING: Failed to import product_tag The scissors [] []
[2024-04-08 08:45:55] merlin-logger.DEBUG: Invalid taxonomy. [] []
[2024-04-08 08:45:55] merlin-logger.WARNING: Failed to import product_tag Thermometer [] []
[2024-04-08 08:45:55] merlin-logger.DEBUG: Invalid taxonomy. [] []
[2024-04-08 08:45:55] merlin-logger.WARNING: Failed to import product_type variable [] []
[2024-04-08 08:45:55] merlin-logger.DEBUG: Invalid taxonomy. [] []
[2024-04-08 08:45:55] merlin-logger.WARNING: Failed to import product_tag Vitamin [] []
[2024-04-08 08:45:55] merlin-logger.DEBUG: Invalid taxonomy. [] []
[2024-04-08 08:45:57] merlin-logger.INFO: Imported "review-07" (Media) [] []
[2024-04-08 08:45:57] merlin-logger.DEBUG: Post 1308 remapped to 1308 [] []
[2024-04-08 08:45:59] merlin-logger.INFO: Imported "review-08" (Media) [] []
[2024-04-08 08:45:59] merlin-logger.DEBUG: Post 1309 remapped to 1309 [] []
[2024-04-08 08:45:59] merlin-logger.ERROR: Failed to import "logo" (Media) [] []
[2024-04-08 08:45:59] merlin-logger.DEBUG: Sorry, you are not allowed to upload this file type. [] []
[2024-04-08 08:46:00] merlin-logger.INFO: Imported "image-background-woo" (Media) [] []
[2024-04-08 08:46:00] merlin-logger.DEBUG: Post 1348 remapped to 1348 [] []
[2024-04-08 08:46:01] merlin-logger.INFO: Imported "pxeJ8IqbuNw" (Media) [] []
[2024-04-08 08:46:01] merlin-logger.DEBUG: Post 1351 remapped to 1351 [] []
[2024-04-08 08:46:03] merlin-logger.INFO: Imported "adB8RW4I3o4" (Media) [] []
[2024-04-08 08:46:03] merlin-logger.DEBUG: Post 1352 remapped to 1352 [] []
[2024-04-08 08:46:03] merlin-logger.WARNING: Failed to import "Newsletter": Invalid post type mc4wp-form [] []
[2024-04-08 08:46:03] merlin-logger.INFO: Imported "Search Terms" (Navigation Menu Item) [] []
[2024-04-08 08:46:03] merlin-logger.DEBUG: Post 457 remapped to 457 [] []
[2024-04-08 08:46:03] merlin-logger.DEBUG: Processing menu item custom [] []
[2024-04-08 08:46:03] merlin-logger.DEBUG: Menu item 457 mapped to 457 [] []
[2024-04-08 08:46:03] merlin-logger.INFO: Imported "Advanced Search" (Navigation Menu Item) [] []
[2024-04-08 08:46:03] merlin-logger.DEBUG: Post 458 remapped to 458 [] []
[2024-04-08 08:46:03] merlin-logger.DEBUG: Processing menu item custom [] []
[2024-04-08 08:46:03] merlin-logger.DEBUG: Menu item 458 mapped to 458 [] []
[2024-04-08 08:46:03] merlin-logger.INFO: Imported "Store Location" (Navigation Menu Item) [] []
[2024-04-08 08:46:03] merlin-logger.DEBUG: Post 460 remapped to 460 [] []
[2024-04-08 08:46:03] merlin-logger.DEBUG: Processing menu item custom [] []
[2024-04-08 08:46:03] merlin-logger.DEBUG: Menu item 460 mapped to 460 [] []
[2024-04-08 08:46:03] merlin-logger.INFO: Imported "Orders & Returns" (Navigation Menu Item) [] []
[2024-04-08 08:46:03] merlin-logger.DEBUG: Post 461 remapped to 461 [] []
[2024-04-08 08:46:03] merlin-logger.DEBUG: Processing menu item custom [] []
[2024-04-08 08:46:03] merlin-logger.DEBUG: Menu item 461 mapped to 461 [] []
[2024-04-08 08:46:03] merlin-logger.INFO: Imported "Search" (Navigation Menu Item) [] []
[2024-04-08 08:46:03] merlin-logger.DEBUG: Post 462 remapped to 462 [] []
[2024-04-08 08:46:03] merlin-logger.DEBUG: Processing menu item custom [] []
[2024-04-08 08:46:03] merlin-logger.DEBUG: Menu item 462 mapped to 462 [] []
[2024-04-08 08:46:03] merlin-logger.INFO: Imported "Help" (Navigation Menu Item) [] []
[2024-04-08 08:46:03] merlin-logger.DEBUG: Post 463 remapped to 463 [] []
[2024-04-08 08:46:03] merlin-logger.DEBUG: Processing menu item custom [] []
[2024-04-08 08:46:03] merlin-logger.DEBUG: Menu item 463 mapped to 463 [] []
[2024-04-08 08:46:03] merlin-logger.INFO: Imported "Information" (Navigation Menu Item) [] []
[2024-04-08 08:46:03] merlin-logger.DEBUG: Post 464 remapped to 464 [] []
[2024-04-08 08:46:03] merlin-logger.DEBUG: Processing menu item custom [] []
[2024-04-08 08:46:03] merlin-logger.DEBUG: Menu item 464 mapped to 464 [] []
[2024-04-08 08:46:03] merlin-logger.INFO: Imported "Privacy Policy" (Navigation Menu Item) [] []
[2024-04-08 08:46:03] merlin-logger.DEBUG: Post 465 remapped to 465 [] []
[2024-04-08 08:46:03] merlin-logger.DEBUG: Processing menu item custom [] []
[2024-04-08 08:46:03] merlin-logger.DEBUG: Menu item 465 mapped to 465 [] []
[2024-04-08 08:46:03] merlin-logger.INFO: Imported "Shipping Details" (Navigation Menu Item) [] []
[2024-04-08 08:46:03] merlin-logger.DEBUG: Post 466 remapped to 466 [] []
[2024-04-08 08:46:03] merlin-logger.DEBUG: Processing menu item custom [] []
[2024-04-08 08:46:03] merlin-logger.DEBUG: Menu item 466 mapped to 466 [] []
[2024-04-08 08:46:03] merlin-logger.INFO: Imported "Careers" (Navigation Menu Item) [] []
[2024-04-08 08:46:03] merlin-logger.DEBUG: Post 469 remapped to 469 [] []
[2024-04-08 08:46:03] merlin-logger.DEBUG: Processing menu item custom [] []
[2024-04-08 08:46:03] merlin-logger.DEBUG: Menu item 469 mapped to 469 [] []
[2024-04-08 08:46:03] merlin-logger.INFO: Imported "Refunds & Returns" (Navigation Menu Item) [] []
[2024-04-08 08:46:03] merlin-logger.DEBUG: Post 470 remapped to 470 [] []
[2024-04-08 08:46:03] merlin-logger.DEBUG: Processing menu item custom [] []
[2024-04-08 08:46:03] merlin-logger.DEBUG: Menu item 470 mapped to 470 [] []
[2024-04-08 08:46:07] merlin-logger.INFO: Imported "adB8RW4I3o4-1" (Media) [] []
[2024-04-08 08:46:07] merlin-logger.DEBUG: Post 1359 remapped to 1359 [] []
[2024-04-08 08:46:08] merlin-logger.INFO: Imported "placeholder.png" (Media) [] []
[2024-04-08 08:46:08] merlin-logger.DEBUG: Post 1553 remapped to 1553 [] []
[2024-04-08 08:46:10] merlin-logger.INFO: Imported "product-08" (Media) [] []
[2024-04-08 08:46:10] merlin-logger.DEBUG: Post 1633 remapped to 1633 [] []
[2024-04-08 08:46:12] merlin-logger.INFO: Imported "product-53" (Media) [] []
[2024-04-08 08:46:12] merlin-logger.DEBUG: Post 1646 remapped to 1646 [] []
[2024-04-08 08:46:12] merlin-logger.WARNING: Failed to import "Default Kit": Invalid post type elementor_library [] []
[2024-04-08 08:46:13] merlin-logger.INFO: Imported "banner-home-03-1" (Media) [] []
[2024-04-08 08:46:13] merlin-logger.DEBUG: Post 1739 remapped to 1739 [] []
[2024-04-08 08:46:14] merlin-logger.INFO: Imported "banner-home-04-1" (Media) [] []
[2024-04-08 08:46:14] merlin-logger.DEBUG: Post 1740 remapped to 1740 [] []
[2024-04-08 08:46:16] merlin-logger.ERROR: Failed to import "untitled" (Media) [] []
[2024-04-08 08:46:16] merlin-logger.DEBUG: Remote server returned 404 Not Found for https://elementor4.thembay.com/diza/wp-content/uploads/2020/06/untitled.png [] []
[2024-04-08 08:46:16] merlin-logger.INFO: New AJAX call! [] []
[2024-04-08 08:46:16] merlin-logger.INFO: The content import AJAX call will be executed with this import data {"title":"Content","data":"/home/jassai/public_html/medlama/wp-content/uploads/2024/04/content-2024-04-08__08-41-11.xml"} []
[2024-04-08 08:46:16] merlin-logger.WARNING: Failed to import pa_size 100ml [] []
[2024-04-08 08:46:16] merlin-logger.DEBUG: Invalid taxonomy. [] []
[2024-04-08 08:46:16] merlin-logger.WARNING: Failed to import pa_size 200mg [] []
[2024-04-08 08:46:16] merlin-logger.DEBUG: Invalid taxonomy. [] []
[2024-04-08 08:46:16] merlin-logger.WARNING: Failed to import pa_size 200ml [] []
[2024-04-08 08:46:16] merlin-logger.DEBUG: Invalid taxonomy. [] []
[2024-04-08 08:46:16] merlin-logger.WARNING: Failed to import pa_size 2XLarge [] []
[2024-04-08 08:46:16] merlin-logger.DEBUG: Invalid taxonomy. [] []
[2024-04-08 08:46:16] merlin-logger.WARNING: Failed to import pa_size 300mg [] []
[2024-04-08 08:46:16] merlin-logger.DEBUG: Invalid taxonomy. [] []
[2024-04-08 08:46:16] merlin-logger.WARNING: Failed to import pa_size 300ml [] []
[2024-04-08 08:46:16] merlin-logger.DEBUG: Invalid taxonomy. [] []
[2024-04-08 08:46:16] merlin-logger.WARNING: Failed to import yith_product_brand 3M Healthcare [] []
[2024-04-08 08:46:16] merlin-logger.DEBUG: Invalid taxonomy. [] []
[2024-04-08 08:46:16] merlin-logger.WARNING: Failed to import pa_size 3XLarge [] []
[2024-04-08 08:46:16] merlin-logger.DEBUG: Invalid taxonomy. [] []
[2024-04-08 08:46:16] merlin-logger.WARNING: Failed to import pa_size 400mg [] []
[2024-04-08 08:46:16] merlin-logger.DEBUG: Invalid taxonomy. [] []
[2024-04-08 08:46:16] merlin-logger.WARNING: Failed to import pa_size 4XLarge [] []
[2024-04-08 08:46:16] merlin-logger.DEBUG: Invalid taxonomy. [] []
[2024-04-08 08:46:16] merlin-logger.WARNING: Failed to import pa_size 5.5 [] []
[2024-04-08 08:46:16] merlin-logger.DEBUG: Invalid taxonomy. [] []
[2024-04-08 08:46:16] merlin-logger.WARNING: Failed to import pa_size 6 [] []
[2024-04-08 08:46:16] merlin-logger.DEBUG: Invalid taxonomy. [] []
[2024-04-08 08:46:16] merlin-logger.WARNING: Failed to import pa_size 7 [] []
[2024-04-08 08:46:16] merlin-logger.DEBUG: Invalid taxonomy. [] []
[2024-04-08 08:46:16] merlin-logger.WARNING: Failed to import product_tag Aspirin [] []
[2024-04-08 08:46:16] merlin-logger.DEBUG: Invalid taxonomy. [] []
[2024-04-08 08:46:16] merlin-logger.WARNING: Failed to import product_tag Bandages [] []
[2024-04-08 08:46:16] merlin-logger.DEBUG: Invalid taxonomy. [] []
[2024-04-08 08:46:16] merlin-logger.WARNING: Failed to import yith_product_brand Basic Medical [] []
[2024-04-08 08:46:16] merlin-logger.DEBUG: Invalid taxonomy. [] []
[2024-04-08 08:46:16] merlin-logger.WARNING: Failed to import pa_color Black [] []
[2024-04-08 08:46:16] merlin-logger.DEBUG: Invalid taxonomy. [] []
[2024-04-08 08:46:16] merlin-logger.WARNING: Failed to import pa_color Blue [] []
[2024-04-08 08:46:16] merlin-logger.DEBUG: Invalid taxonomy. [] []
[2024-04-08 08:46:16] merlin-logger.WARNING: Failed to import product_tag chamber [] []
[2024-04-08 08:46:16] merlin-logger.DEBUG: Invalid taxonomy. [] []
[2024-04-08 08:46:16] merlin-logger.WARNING: Failed to import product_tag Clinic [] []
[2024-04-08 08:46:16] merlin-logger.DEBUG: Invalid taxonomy. [] []
[2024-04-08 08:46:16] merlin-logger.WARNING: Failed to import product_tag Corona [] []
[2024-04-08 08:46:16] merlin-logger.DEBUG: Invalid taxonomy. [] []
[2024-04-08 08:46:16] merlin-logger.WARNING: Failed to import yith_product_brand Curad [] []
[2024-04-08 08:46:16] merlin-logger.DEBUG: Invalid taxonomy. [] []
[2024-04-08 08:46:16] merlin-logger.WARNING: Failed to import yith_product_brand Devon Medical [] []
[2024-04-08 08:46:16] merlin-logger.DEBUG: Invalid taxonomy. [] []
[2024-04-08 08:46:16] merlin-logger.WARNING: Failed to import product_tag Doctor [] []
[2024-04-08 08:46:16] merlin-logger.DEBUG: Invalid taxonomy. [] []
[2024-04-08 08:46:16] merlin-logger.WARNING: Failed to import product_tag Ear piece [] []
[2024-04-08 08:46:16] merlin-logger.DEBUG: Invalid taxonomy. [] []
[2024-04-08 08:46:16] merlin-logger.WARNING: Failed to import product_visibility exclude-from-catalog [] []
[2024-04-08 08:46:16] merlin-logger.DEBUG: Invalid taxonomy. [] []
[2024-04-08 08:46:16] merlin-logger.WARNING: Failed to import product_visibility exclude-from-search [] []
[2024-04-08 08:46:16] merlin-logger.DEBUG: Invalid taxonomy. [] []
[2024-04-08 08:46:16] merlin-logger.WARNING: Failed to import product_type external [] []
[2024-04-08 08:46:16] merlin-logger.DEBUG: Invalid taxonomy. [] []
[2024-04-08 08:46:16] merlin-logger.WARNING: Failed to import product_tag Face Mask [] []
[2024-04-08 08:46:16] merlin-logger.DEBUG: Invalid taxonomy. [] []
[2024-04-08 08:46:16] merlin-logger.WARNING: Failed to import product_visibility featured [] []
[2024-04-08 08:46:16] merlin-logger.DEBUG: Invalid taxonomy. [] []
[2024-04-08 08:46:16] merlin-logger.WARNING: Failed to import product_tag Functional foods [] []
[2024-04-08 08:46:16] merlin-logger.DEBUG: Invalid taxonomy. [] []
[2024-04-08 08:46:16] merlin-logger.WARNING: Failed to import product_cat Gloves [] []
[2024-04-08 08:46:16] merlin-logger.DEBUG: Invalid taxonomy. [] []
[2024-04-08 08:46:16] merlin-logger.WARNING: Failed to import product_tag gloves [] []
[2024-04-08 08:46:16] merlin-logger.DEBUG: Invalid taxonomy. [] []
[2024-04-08 08:46:16] merlin-logger.WARNING: Failed to import pa_color Green [] []
[2024-04-08 08:46:16] merlin-logger.DEBUG: Invalid taxonomy. [] []
[2024-04-08 08:46:16] merlin-logger.WARNING: Failed to import pa_color Grey [] []
[2024-04-08 08:46:16] merlin-logger.DEBUG: Invalid taxonomy. [] []
[2024-04-08 08:46:16] merlin-logger.WARNING: Failed to import product_type grouped [] []
[2024-04-08 08:46:16] merlin-logger.DEBUG: Invalid taxonomy. [] []
[2024-04-08 08:46:16] merlin-logger.WARNING: Failed to import product_cat Hand Sanitizers [] []
[2024-04-08 08:46:16] merlin-logger.DEBUG: Invalid taxonomy. [] []
[2024-04-08 08:46:16] merlin-logger.WARNING: Failed to import product_cat Health Care [] []
[2024-04-08 08:46:16] merlin-logger.DEBUG: Invalid taxonomy. [] []
[2024-04-08 08:46:16] merlin-logger.WARNING: Failed to import pa_image img-1 [] []
[2024-04-08 08:46:16] merlin-logger.DEBUG: Invalid taxonomy. [] []
[2024-04-08 08:46:16] merlin-logger.WARNING: Failed to import pa_image img-2 [] []
[2024-04-08 08:46:16] merlin-logger.DEBUG: Invalid taxonomy. [] []
[2024-04-08 08:46:16] merlin-logger.WARNING: Failed to import pa_image img-3 [] []
[2024-04-08 08:46:16] merlin-logger.DEBUG: Invalid taxonomy. [] []
[2024-04-08 08:46:16] merlin-logger.WARNING: Failed to import product_cat Infection Prevention [] []
[2024-04-08 08:46:16] merlin-logger.DEBUG: Invalid taxonomy. [] []
[2024-04-08 08:46:16] merlin-logger.WARNING: Failed to import pa_size Large [] []
[2024-04-08 08:46:16] merlin-logger.DEBUG: Invalid taxonomy. [] []
[2024-04-08 08:46:16] merlin-logger.WARNING: Failed to import product_tag Medical Instruments [] []
[2024-04-08 08:46:16] merlin-logger.DEBUG: Invalid taxonomy. [] []
[2024-04-08 08:46:16] merlin-logger.WARNING: Failed to import product_tag Medicine [] []
[2024-04-08 08:46:16] merlin-logger.DEBUG: Invalid taxonomy. [] []
[2024-04-08 08:46:16] merlin-logger.WARNING: Failed to import pa_size Medium [] []
[2024-04-08 08:46:16] merlin-logger.DEBUG: Invalid taxonomy. [] []
[2024-04-08 08:46:16] merlin-logger.WARNING: Failed to import yith_product_brand Medline [] []
[2024-04-08 08:46:16] merlin-logger.DEBUG: Invalid taxonomy. [] []
[2024-04-08 08:46:16] merlin-logger.WARNING: Failed to import product_tag Needle [] []
[2024-04-08 08:46:16] merlin-logger.DEBUG: Invalid taxonomy. [] []
[2024-04-08 08:46:16] merlin-logger.WARNING: Failed to import product_tag Nurse [] []
[2024-04-08 08:46:16] merlin-logger.DEBUG: Invalid taxonomy. [] []
[2024-04-08 08:46:16] merlin-logger.WARNING: Failed to import product_visibility outofstock [] []
[2024-04-08 08:46:16] merlin-logger.DEBUG: Invalid taxonomy. [] []
[2024-04-08 08:46:16] merlin-logger.WARNING: Failed to import elementor_library_type page [] []
[2024-04-08 08:46:16] merlin-logger.DEBUG: Invalid taxonomy. [] []
[2024-04-08 08:46:16] merlin-logger.WARNING: Failed to import yith_product_brand Posey Company [] []
[2024-04-08 08:46:16] merlin-logger.DEBUG: Invalid taxonomy. [] []
[2024-04-08 08:46:16] merlin-logger.WARNING: Failed to import yith_product_brand Protective Industrial [] []
[2024-04-08 08:46:16] merlin-logger.DEBUG: Invalid taxonomy. [] []
[2024-04-08 08:46:16] merlin-logger.WARNING: Failed to import product_visibility rated-1 [] []
[2024-04-08 08:46:16] merlin-logger.DEBUG: Invalid taxonomy. [] []
[2024-04-08 08:46:16] merlin-logger.WARNING: Failed to import product_visibility rated-2 [] []
[2024-04-08 08:46:16] merlin-logger.DEBUG: Invalid taxonomy. [] []
[2024-04-08 08:46:16] merlin-logger.WARNING: Failed to import product_visibility rated-3 [] []
[2024-04-08 08:46:16] merlin-logger.DEBUG: Invalid taxonomy. [] []
[2024-04-08 08:46:16] merlin-logger.WARNING: Failed to import product_visibility rated-4 [] []
[2024-04-08 08:46:16] merlin-logger.DEBUG: Invalid taxonomy. [] []
[2024-04-08 08:46:16] merlin-logger.WARNING: Failed to import product_visibility rated-5 [] []
[2024-04-08 08:46:16] merlin-logger.DEBUG: Invalid taxonomy. [] []
[2024-04-08 08:46:16] merlin-logger.WARNING: Failed to import pa_color Red [] []
[2024-04-08 08:46:16] merlin-logger.DEBUG: Invalid taxonomy. [] []
[2024-04-08 08:46:16] merlin-logger.WARNING: Failed to import pa_size Regular [] []
[2024-04-08 08:46:16] merlin-logger.DEBUG: Invalid taxonomy. [] []
[2024-04-08 08:46:16] merlin-logger.WARNING: Failed to import product_cat Safety Glasses [] []
[2024-04-08 08:46:16] merlin-logger.DEBUG: Invalid taxonomy. [] []
[2024-04-08 08:46:16] merlin-logger.WARNING: Failed to import elementor_library_type section [] []
[2024-04-08 08:46:16] merlin-logger.DEBUG: Invalid taxonomy. [] []
[2024-04-08 08:46:16] merlin-logger.WARNING: Failed to import product_type simple [] []
[2024-04-08 08:46:16] merlin-logger.DEBUG: Invalid taxonomy. [] []
[2024-04-08 08:46:16] merlin-logger.WARNING: Failed to import product_cat Surgical Caps [] []
[2024-04-08 08:46:16] merlin-logger.DEBUG: Invalid taxonomy. [] []
[2024-04-08 08:46:16] merlin-logger.WARNING: Failed to import product_cat Surgical Clothing [] []
[2024-04-08 08:46:16] merlin-logger.DEBUG: Invalid taxonomy. [] []
[2024-04-08 08:46:16] merlin-logger.WARNING: Failed to import product_cat Surgical Masks [] []
[2024-04-08 08:46:16] merlin-logger.DEBUG: Invalid taxonomy. [] []
[2024-04-08 08:46:16] merlin-logger.WARNING: Failed to import product_tag The scissors [] []
[2024-04-08 08:46:16] merlin-logger.DEBUG: Invalid taxonomy. [] []
[2024-04-08 08:46:16] merlin-logger.WARNING: Failed to import product_tag Thermometer [] []
[2024-04-08 08:46:16] merlin-logger.DEBUG: Invalid taxonomy. [] []
[2024-04-08 08:46:16] merlin-logger.WARNING: Failed to import product_type variable [] []
[2024-04-08 08:46:16] merlin-logger.DEBUG: Invalid taxonomy. [] []
[2024-04-08 08:46:16] merlin-logger.WARNING: Failed to import product_tag Vitamin [] []
[2024-04-08 08:46:16] merlin-logger.DEBUG: Invalid taxonomy. [] []
[2024-04-08 08:46:16] merlin-logger.ERROR: Failed to import "logo" (Media) [] []
[2024-04-08 08:46:16] merlin-logger.DEBUG: Sorry, you are not allowed to upload this file type. [] []
[2024-04-08 08:46:16] merlin-logger.WARNING: Failed to import "Newsletter": Invalid post type mc4wp-form [] []
[2024-04-08 08:46:16] merlin-logger.WARNING: Failed to import "Default Kit": Invalid post type elementor_library [] []
[2024-04-08 08:46:17] merlin-logger.ERROR: Failed to import "untitled" (Media) [] []
[2024-04-08 08:46:17] merlin-logger.DEBUG: Remote server returned 404 Not Found for https://elementor4.thembay.com/diza/wp-content/uploads/2020/06/untitled.png [] []
[2024-04-08 08:46:17] merlin-logger.INFO: Imported "Deliveries" (Navigation Menu Item) [] []
[2024-04-08 08:46:17] merlin-logger.DEBUG: Post 471 remapped to 471 [] []
[2024-04-08 08:46:17] merlin-logger.DEBUG: Processing menu item custom [] []
[2024-04-08 08:46:17] merlin-logger.DEBUG: Menu item 471 mapped to 471 [] []
[2024-04-08 08:46:17] merlin-logger.INFO: Imported "Logout" (Navigation Menu Item) [] []
[2024-04-08 08:46:17] merlin-logger.DEBUG: Post 497 remapped to 497 [] []
[2024-04-08 08:46:17] merlin-logger.DEBUG: Processing menu item custom [] []
[2024-04-08 08:46:17] merlin-logger.DEBUG: Menu item 497 mapped to 497 [] []
[2024-04-08 08:46:17] merlin-logger.INFO: Imported "New in today" (Navigation Menu Item) [] []
[2024-04-08 08:46:17] merlin-logger.DEBUG: Post 642 remapped to 642 [] []
[2024-04-08 08:46:17] merlin-logger.DEBUG: Processing menu item custom [] []
[2024-04-08 08:46:17] merlin-logger.DEBUG: Menu item 642 mapped to 642 [] []
[2024-04-08 08:46:17] merlin-logger.INFO: Imported "New in this week" (Navigation Menu Item) [] []
[2024-04-08 08:46:17] merlin-logger.DEBUG: Post 643 remapped to 643 [] []
[2024-04-08 08:46:17] merlin-logger.DEBUG: Processing menu item custom [] []
[2024-04-08 08:46:17] merlin-logger.DEBUG: Menu item 643 mapped to 643 [] []
[2024-04-08 08:46:17] merlin-logger.INFO: Imported "Clothing" (Navigation Menu Item) [] []
[2024-04-08 08:46:17] merlin-logger.DEBUG: Post 644 remapped to 644 [] []
[2024-04-08 08:46:17] merlin-logger.DEBUG: Processing menu item custom [] []
[2024-04-08 08:46:17] merlin-logger.DEBUG: Menu item 644 mapped to 644 [] []
[2024-04-08 08:46:17] merlin-logger.INFO: Imported "Accessories" (Navigation Menu Item) [] []
[2024-04-08 08:46:17] merlin-logger.DEBUG: Post 645 remapped to 645 [] []
[2024-04-08 08:46:17] merlin-logger.DEBUG: Processing menu item custom [] []
[2024-04-08 08:46:17] merlin-logger.DEBUG: Menu item 645 mapped to 645 [] []
[2024-04-08 08:46:17] merlin-logger.INFO: Imported "Face Mask" (Navigation Menu Item) [] []
[2024-04-08 08:46:17] merlin-logger.DEBUG: Post 653 remapped to 653 [] []
[2024-04-08 08:46:17] merlin-logger.DEBUG: Processing menu item custom [] []
[2024-04-08 08:46:17] merlin-logger.DEBUG: Menu item 653 mapped to 653 [] []
[2024-04-08 08:46:17] merlin-logger.INFO: Imported "Bandages" (Navigation Menu Item) [] []
[2024-04-08 08:46:17] merlin-logger.DEBUG: Post 654 remapped to 654 [] []
[2024-04-08 08:46:17] merlin-logger.DEBUG: Processing menu item custom [] []
[2024-04-08 08:46:17] merlin-logger.DEBUG: Menu item 654 mapped to 654 [] []
[2024-04-08 08:46:17] merlin-logger.INFO: Imported "Medical Cotton" (Navigation Menu Item) [] []
[2024-04-08 08:46:17] merlin-logger.DEBUG: Post 655 remapped to 655 [] []
[2024-04-08 08:46:17] merlin-logger.DEBUG: Processing menu item custom [] []
[2024-04-08 08:46:17] merlin-logger.DEBUG: Menu item 655 mapped to 655 [] []
[2024-04-08 08:46:17] merlin-logger.INFO: Imported "Medical Headset" (Navigation Menu Item) [] []
[2024-04-08 08:46:17] merlin-logger.DEBUG: Post 656 remapped to 656 [] []
[2024-04-08 08:46:17] merlin-logger.DEBUG: Processing menu item custom [] []
[2024-04-08 08:46:17] merlin-logger.DEBUG: Menu item 656 mapped to 656 [] []
[2024-04-08 08:46:17] merlin-logger.INFO: Imported "Medical Pliers" (Navigation Menu Item) [] []
[2024-04-08 08:46:17] merlin-logger.DEBUG: Post 657 remapped to 657 [] []
[2024-04-08 08:46:17] merlin-logger.DEBUG: Processing menu item custom [] []
[2024-04-08 08:46:17] merlin-logger.DEBUG: Menu item 657 mapped to 657 [] []
[2024-04-08 08:46:17] merlin-logger.INFO: Imported "Medicine box" (Navigation Menu Item) [] []
[2024-04-08 08:46:17] merlin-logger.DEBUG: Post 658 remapped to 658 [] []
[2024-04-08 08:46:17] merlin-logger.DEBUG: Processing menu item custom [] []
[2024-04-08 08:46:17] merlin-logger.DEBUG: Menu item 658 mapped to 658 [] []
[2024-04-08 08:46:17] merlin-logger.INFO: Imported "Thermometer" (Navigation Menu Item) [] []
[2024-04-08 08:46:17] merlin-logger.DEBUG: Post 659 remapped to 659 [] []
[2024-04-08 08:46:17] merlin-logger.DEBUG: Processing menu item custom [] []
[2024-04-08 08:46:17] merlin-logger.DEBUG: Menu item 659 mapped to 659 [] []
[2024-04-08 08:46:17] merlin-logger.INFO: Imported "Product Simple" (Navigation Menu Item) [] []
[2024-04-08 08:46:17] merlin-logger.DEBUG: Post 668 remapped to 668 [] []
[2024-04-08 08:46:17] merlin-logger.DEBUG: Processing menu item custom [] []
[2024-04-08 08:46:17] merlin-logger.DEBUG: Menu item 668 mapped to 668 [] []
[2024-04-08 08:46:17] merlin-logger.INFO: Imported "Product Variation" (Navigation Menu Item) [] []
[2024-04-08 08:46:17] merlin-logger.DEBUG: Post 669 remapped to 669 [] []
[2024-04-08 08:46:17] merlin-logger.DEBUG: Processing menu item custom [] []
[2024-04-08 08:46:17] merlin-logger.DEBUG: Menu item 669 mapped to 669 [] []
[2024-04-08 08:46:17] merlin-logger.INFO: Imported "Product Variable Color" (Navigation Menu Item) [] []
[2024-04-08 08:46:17] merlin-logger.DEBUG: Post 670 remapped to 670 [] []
[2024-04-08 08:46:17] merlin-logger.DEBUG: Processing menu item custom [] []
[2024-04-08 08:46:17] merlin-logger.DEBUG: Menu item 670 mapped to 670 [] []
[2024-04-08 08:46:17] merlin-logger.INFO: Imported "Product Affiliate" (Navigation Menu Item) [] []
[2024-04-08 08:46:17] merlin-logger.DEBUG: Post 672 remapped to 672 [] []
[2024-04-08 08:46:17] merlin-logger.DEBUG: Processing menu item custom [] []
[2024-04-08 08:46:17] merlin-logger.DEBUG: Menu item 672 mapped to 672 [] []
[2024-04-08 08:46:17] merlin-logger.INFO: Imported "Product With Video" (Navigation Menu Item) [] []
[2024-04-08 08:46:17] merlin-logger.DEBUG: Post 673 remapped to 673 [] []
[2024-04-08 08:46:17] merlin-logger.DEBUG: Processing menu item custom [] []
[2024-04-08 08:46:17] merlin-logger.DEBUG: Menu item 673 mapped to 673 [] []
[2024-04-08 08:46:17] merlin-logger.INFO: Imported "Product Countdown" (Navigation Menu Item) [] []
[2024-04-08 08:46:17] merlin-logger.DEBUG: Post 674 remapped to 674 [] []
[2024-04-08 08:46:17] merlin-logger.DEBUG: Processing menu item custom [] []
[2024-04-08 08:46:17] merlin-logger.DEBUG: Menu item 674 mapped to 674 [] []
[2024-04-08 08:46:17] merlin-logger.INFO: Imported "Product Out of Stock" (Navigation Menu Item) [] []
[2024-04-08 08:46:17] merlin-logger.DEBUG: Post 675 remapped to 675 [] []
[2024-04-08 08:46:17] merlin-logger.DEBUG: Processing menu item custom [] []
[2024-04-08 08:46:17] merlin-logger.DEBUG: Menu item 675 mapped to 675 [] []
[2024-04-08 08:46:17] merlin-logger.INFO: Imported "Product Image Review Thumbnail" (Navigation Menu Item) [] []
[2024-04-08 08:46:17] merlin-logger.DEBUG: Post 676 remapped to 676 [] []
[2024-04-08 08:46:18] merlin-logger.DEBUG: Processing menu item custom [] []
[2024-04-08 08:46:18] merlin-logger.DEBUG: Menu item 676 mapped to 676 [] []
[2024-04-08 08:46:18] merlin-logger.INFO: Imported "" (Navigation Menu Item) [] []
[2024-04-08 08:46:18] merlin-logger.DEBUG: Post 680 remapped to 680 [] []
[2024-04-08 08:46:18] merlin-logger.DEBUG: Processing menu item post_type [] []
[2024-04-08 08:46:18] merlin-logger.INFO: Imported "" (Navigation Menu Item) [] []
[2024-04-08 08:46:18] merlin-logger.DEBUG: Post 681 remapped to 681 [] []
[2024-04-08 08:46:18] merlin-logger.DEBUG: Processing menu item post_type [] []
[2024-04-08 08:46:18] merlin-logger.INFO: Imported "" (Navigation Menu Item) [] []
[2024-04-08 08:46:18] merlin-logger.DEBUG: Post 682 remapped to 682 [] []
[2024-04-08 08:46:18] merlin-logger.DEBUG: Processing menu item post_type [] []
[2024-04-08 08:46:18] merlin-logger.INFO: Imported "" (Navigation Menu Item) [] []
[2024-04-08 08:46:18] merlin-logger.DEBUG: Post 683 remapped to 683 [] []
[2024-04-08 08:46:18] merlin-logger.DEBUG: Processing menu item post_type [] []
[2024-04-08 08:46:18] merlin-logger.INFO: Imported "" (Navigation Menu Item) [] []
[2024-04-08 08:46:18] merlin-logger.DEBUG: Post 684 remapped to 684 [] []
[2024-04-08 08:46:18] merlin-logger.DEBUG: Processing menu item post_type [] []
[2024-04-08 08:46:18] merlin-logger.INFO: Imported "" (Navigation Menu Item) [] []
[2024-04-08 08:46:18] merlin-logger.DEBUG: Post 685 remapped to 685 [] []
[2024-04-08 08:46:18] merlin-logger.DEBUG: Processing menu item post_type [] []
[2024-04-08 08:46:18] merlin-logger.INFO: Imported "" (Navigation Menu Item) [] []
[2024-04-08 08:46:18] merlin-logger.DEBUG: Post 686 remapped to 686 [] []
[2024-04-08 08:46:18] merlin-logger.DEBUG: Processing menu item post_type [] []
[2024-04-08 08:46:18] merlin-logger.INFO: Imported "" (Navigation Menu Item) [] []
[2024-04-08 08:46:18] merlin-logger.DEBUG: Post 687 remapped to 687 [] []
[2024-04-08 08:46:18] merlin-logger.DEBUG: Processing menu item post_type [] []
[2024-04-08 08:46:18] merlin-logger.INFO: Imported "" (Navigation Menu Item) [] []
[2024-04-08 08:46:18] merlin-logger.DEBUG: Post 688 remapped to 688 [] []
[2024-04-08 08:46:18] merlin-logger.DEBUG: Processing menu item post_type [] []
[2024-04-08 08:46:18] merlin-logger.INFO: Imported "" (Navigation Menu Item) [] []
[2024-04-08 08:46:18] merlin-logger.DEBUG: Post 689 remapped to 689 [] []
[2024-04-08 08:46:18] merlin-logger.DEBUG: Processing menu item post_type [] []
[2024-04-08 08:46:18] merlin-logger.INFO: Imported "" (Navigation Menu Item) [] []
[2024-04-08 08:46:18] merlin-logger.DEBUG: Post 691 remapped to 691 [] []
[2024-04-08 08:46:18] merlin-logger.DEBUG: Processing menu item post_type [] []
[2024-04-08 08:46:18] merlin-logger.INFO: Imported "" (Navigation Menu Item) [] []
[2024-04-08 08:46:18] merlin-logger.DEBUG: Post 692 remapped to 692 [] []
[2024-04-08 08:46:18] merlin-logger.DEBUG: Processing menu item post_type [] []
[2024-04-08 08:46:18] merlin-logger.INFO: Imported "" (Navigation Menu Item) [] []
[2024-04-08 08:46:18] merlin-logger.DEBUG: Post 694 remapped to 694 [] []
[2024-04-08 08:46:18] merlin-logger.DEBUG: Processing menu item post_type [] []
[2024-04-08 08:46:18] merlin-logger.INFO: Imported "" (Navigation Menu Item) [] []
[2024-04-08 08:46:18] merlin-logger.DEBUG: Post 695 remapped to 695 [] []
[2024-04-08 08:46:18] merlin-logger.DEBUG: Processing menu item post_type [] []
[2024-04-08 08:46:18] merlin-logger.INFO: Imported "" (Navigation Menu Item) [] []
[2024-04-08 08:46:18] merlin-logger.DEBUG: Post 696 remapped to 696 [] []
[2024-04-08 08:46:18] merlin-logger.DEBUG: Processing menu item post_type [] []
[2024-04-08 08:46:18] merlin-logger.INFO: Imported "Product Image Vertical" (Navigation Menu Item) [] []
[2024-04-08 08:46:18] merlin-logger.DEBUG: Post 697 remapped to 697 [] []
[2024-04-08 08:46:18] merlin-logger.DEBUG: Processing menu item custom [] []
[2024-04-08 08:46:18] merlin-logger.DEBUG: Menu item 697 mapped to 697 [] []
[2024-04-08 08:46:18] merlin-logger.INFO: Imported "Product Image Horizontal" (Navigation Menu Item) [] []
[2024-04-08 08:46:18] merlin-logger.DEBUG: Post 698 remapped to 698 [] []
[2024-04-08 08:46:18] merlin-logger.DEBUG: Processing menu item custom [] []
[2024-04-08 08:46:18] merlin-logger.DEBUG: Menu item 698 mapped to 698 [] []
[2024-04-08 08:46:18] merlin-logger.INFO: Imported "Product Left – Main Sidebar" (Navigation Menu Item) [] []
[2024-04-08 08:46:18] merlin-logger.DEBUG: Post 699 remapped to 699 [] []
[2024-04-08 08:46:18] merlin-logger.DEBUG: Processing menu item custom [] []
[2024-04-08 08:46:18] merlin-logger.DEBUG: Menu item 699 mapped to 699 [] []
[2024-04-08 08:46:18] merlin-logger.INFO: Imported "Product Right – Main Sidebar" (Navigation Menu Item) [] []
[2024-04-08 08:46:18] merlin-logger.DEBUG: Post 700 remapped to 700 [] []
[2024-04-08 08:46:18] merlin-logger.DEBUG: Processing menu item custom [] []
[2024-04-08 08:46:18] merlin-logger.DEBUG: Menu item 700 mapped to 700 [] []
[2024-04-08 08:46:18] merlin-logger.INFO: Imported "Product Accordion Tabs" (Navigation Menu Item) [] []
[2024-04-08 08:46:18] merlin-logger.DEBUG: Post 701 remapped to 701 [] []
[2024-04-08 08:46:18] merlin-logger.DEBUG: Processing menu item custom [] []
[2024-04-08 08:46:18] merlin-logger.DEBUG: Menu item 701 mapped to 701 [] []
[2024-04-08 08:46:18] merlin-logger.INFO: Imported "Product Tabs Normal" (Navigation Menu Item) [] []
[2024-04-08 08:46:18] merlin-logger.DEBUG: Post 702 remapped to 702 [] []
[2024-04-08 08:46:18] merlin-logger.DEBUG: Processing menu item custom [] []
[2024-04-08 08:46:18] merlin-logger.DEBUG: Menu item 702 mapped to 702 [] []
[2024-04-08 08:46:18] merlin-logger.INFO: Imported "Product Tabs Full Text" (Navigation Menu Item) [] []
[2024-04-08 08:46:18] merlin-logger.DEBUG: Post 703 remapped to 703 [] []
[2024-04-08 08:46:18] merlin-logger.DEBUG: Processing menu item custom [] []
[2024-04-08 08:46:18] merlin-logger.DEBUG: Menu item 703 mapped to 703 [] []
[2024-04-08 08:46:18] merlin-logger.INFO: Imported "Product Sticky Menu Bar" (Navigation Menu Item) [] []
[2024-04-08 08:46:18] merlin-logger.DEBUG: Post 704 remapped to 704 [] []
[2024-04-08 08:46:18] merlin-logger.DEBUG: Processing menu item custom [] []
[2024-04-08 08:46:18] merlin-logger.DEBUG: Menu item 704 mapped to 704 [] []
[2024-04-08 08:46:18] merlin-logger.INFO: Imported "" (Navigation Menu Item) [] []
[2024-04-08 08:46:18] merlin-logger.DEBUG: Post 774 remapped to 774 [] []
[2024-04-08 08:46:18] merlin-logger.DEBUG: Processing menu item post_type [] []
[2024-04-08 08:46:18] merlin-logger.INFO: Imported "" (Navigation Menu Item) [] []
[2024-04-08 08:46:18] merlin-logger.DEBUG: Post 1389 remapped to 1389 [] []
[2024-04-08 08:46:18] merlin-logger.DEBUG: Processing menu item post_type [] []
[2024-04-08 08:46:18] merlin-logger.INFO: Imported "" (Navigation Menu Item) [] []
[2024-04-08 08:46:18] merlin-logger.DEBUG: Post 1390 remapped to 1390 [] []
[2024-04-08 08:46:18] merlin-logger.DEBUG: Processing menu item post_type [] []
[2024-04-08 08:46:18] merlin-logger.INFO: Imported "Shop Default" (Navigation Menu Item) [] []
[2024-04-08 08:46:18] merlin-logger.DEBUG: Post 1406 remapped to 1406 [] []
[2024-04-08 08:46:18] merlin-logger.DEBUG: Processing menu item custom [] []
[2024-04-08 08:46:18] merlin-logger.DEBUG: Menu item 1406 mapped to 1406 [] []
[2024-04-08 08:46:18] merlin-logger.INFO: Imported "" (Navigation Menu Item) [] []
[2024-04-08 08:46:18] merlin-logger.DEBUG: Post 1414 remapped to 1414 [] []
[2024-04-08 08:46:18] merlin-logger.DEBUG: Processing menu item post_type [] []
[2024-04-08 08:46:18] merlin-logger.INFO: Imported "" (Navigation Menu Item) [] []
[2024-04-08 08:46:18] merlin-logger.DEBUG: Post 1437 remapped to 1437 [] []
[2024-04-08 08:46:18] merlin-logger.DEBUG: Processing menu item post_type [] []
[2024-04-08 08:46:18] merlin-logger.INFO: Imported "" (Navigation Menu Item) [] []
[2024-04-08 08:46:18] merlin-logger.DEBUG: Post 1438 remapped to 1438 [] []
[2024-04-08 08:46:18] merlin-logger.DEBUG: Processing menu item post_type [] []
[2024-04-08 08:46:18] merlin-logger.INFO: Imported "" (Navigation Menu Item) [] []
[2024-04-08 08:46:18] merlin-logger.DEBUG: Post 1440 remapped to 1440 [] []
[2024-04-08 08:46:18] merlin-logger.DEBUG: Processing menu item post_type [] []
[2024-04-08 08:46:18] merlin-logger.INFO: Imported "" (Navigation Menu Item) [] []
[2024-04-08 08:46:18] merlin-logger.DEBUG: Post 1441 remapped to 1441 [] []
[2024-04-08 08:46:18] merlin-logger.DEBUG: Processing menu item post_type [] []
[2024-04-08 08:46:18] merlin-logger.INFO: Imported "" (Navigation Menu Item) [] []
[2024-04-08 08:46:18] merlin-logger.DEBUG: Post 1442 remapped to 1442 [] []
[2024-04-08 08:46:18] merlin-logger.DEBUG: Processing menu item post_type [] []
[2024-04-08 08:46:18] merlin-logger.INFO: Imported "" (Navigation Menu Item) [] []
[2024-04-08 08:46:18] merlin-logger.DEBUG: Post 1444 remapped to 1444 [] []
[2024-04-08 08:46:18] merlin-logger.DEBUG: Processing menu item post_type [] []
[2024-04-08 08:46:18] merlin-logger.INFO: Imported "" (Navigation Menu Item) [] []
[2024-04-08 08:46:18] merlin-logger.DEBUG: Post 1445 remapped to 1445 [] []
[2024-04-08 08:46:18] merlin-logger.DEBUG: Processing menu item post_type [] []
[2024-04-08 08:46:19] merlin-logger.INFO: Imported "" (Navigation Menu Item) [] []
[2024-04-08 08:46:19] merlin-logger.DEBUG: Post 1446 remapped to 1446 [] []
[2024-04-08 08:46:19] merlin-logger.DEBUG: Processing menu item post_type [] []
[2024-04-08 08:46:19] merlin-logger.INFO: Imported "" (Navigation Menu Item) [] []
[2024-04-08 08:46:19] merlin-logger.DEBUG: Post 1447 remapped to 1447 [] []
[2024-04-08 08:46:19] merlin-logger.DEBUG: Processing menu item post_type [] []
[2024-04-08 08:46:19] merlin-logger.INFO: Imported "" (Navigation Menu Item) [] []
[2024-04-08 08:46:19] merlin-logger.DEBUG: Post 1448 remapped to 1448 [] []
[2024-04-08 08:46:19] merlin-logger.DEBUG: Processing menu item post_type [] []
[2024-04-08 08:46:19] merlin-logger.INFO: Imported "" (Navigation Menu Item) [] []
[2024-04-08 08:46:19] merlin-logger.DEBUG: Post 1449 remapped to 1449 [] []
[2024-04-08 08:46:19] merlin-logger.DEBUG: Processing menu item post_type [] []
[2024-04-08 08:46:19] merlin-logger.INFO: Imported "" (Navigation Menu Item) [] []
[2024-04-08 08:46:19] merlin-logger.DEBUG: Post 1450 remapped to 1450 [] []
[2024-04-08 08:46:19] merlin-logger.DEBUG: Processing menu item post_type [] []
[2024-04-08 08:46:19] merlin-logger.INFO: Imported "" (Navigation Menu Item) [] []
[2024-04-08 08:46:19] merlin-logger.DEBUG: Post 1451 remapped to 1451 [] []
[2024-04-08 08:46:19] merlin-logger.DEBUG: Processing menu item post_type [] []
[2024-04-08 08:46:19] merlin-logger.INFO: Imported "" (Navigation Menu Item) [] []
[2024-04-08 08:46:19] merlin-logger.DEBUG: Post 1452 remapped to 1452 [] []
[2024-04-08 08:46:19] merlin-logger.DEBUG: Processing menu item post_type [] []
[2024-04-08 08:46:19] merlin-logger.INFO: Imported "" (Navigation Menu Item) [] []
[2024-04-08 08:46:19] merlin-logger.DEBUG: Post 1453 remapped to 1453 [] []
[2024-04-08 08:46:19] merlin-logger.DEBUG: Processing menu item post_type [] []
[2024-04-08 08:46:19] merlin-logger.INFO: Imported "Blog Side Bar Right" (Navigation Menu Item) [] []
[2024-04-08 08:46:19] merlin-logger.DEBUG: Post 1454 remapped to 1454 [] []
[2024-04-08 08:46:19] merlin-logger.DEBUG: Processing menu item custom [] []
[2024-04-08 08:46:19] merlin-logger.DEBUG: Menu item 1454 mapped to 1454 [] []
[2024-04-08 08:46:19] merlin-logger.INFO: Imported "Blog Side Bar Left" (Navigation Menu Item) [] []
[2024-04-08 08:46:19] merlin-logger.DEBUG: Post 1455 remapped to 1455 [] []
[2024-04-08 08:46:19] merlin-logger.DEBUG: Processing menu item custom [] []
[2024-04-08 08:46:19] merlin-logger.DEBUG: Menu item 1455 mapped to 1455 [] []
[2024-04-08 08:46:19] merlin-logger.INFO: Imported "Blog No Side Bar" (Navigation Menu Item) [] []
[2024-04-08 08:46:19] merlin-logger.DEBUG: Post 1456 remapped to 1456 [] []
[2024-04-08 08:46:19] merlin-logger.DEBUG: Processing menu item custom [] []
[2024-04-08 08:46:19] merlin-logger.DEBUG: Menu item 1456 mapped to 1456 [] []
[2024-04-08 08:46:19] merlin-logger.INFO: Imported "Blog Grid" (Navigation Menu Item) [] []
[2024-04-08 08:46:19] merlin-logger.DEBUG: Post 1457 remapped to 1457 [] []
[2024-04-08 08:46:19] merlin-logger.DEBUG: Processing menu item custom [] []
[2024-04-08 08:46:19] merlin-logger.DEBUG: Menu item 1457 mapped to 1457 [] []
[2024-04-08 08:46:19] merlin-logger.INFO: Imported "Blog List" (Navigation Menu Item) [] []
[2024-04-08 08:46:19] merlin-logger.DEBUG: Post 1458 remapped to 1458 [] []
[2024-04-08 08:46:19] merlin-logger.DEBUG: Processing menu item custom [] []
[2024-04-08 08:46:19] merlin-logger.DEBUG: Menu item 1458 mapped to 1458 [] []
[2024-04-08 08:46:19] merlin-logger.INFO: Imported "Blog Single" (Navigation Menu Item) [] []
[2024-04-08 08:46:19] merlin-logger.DEBUG: Post 1459 remapped to 1459 [] []
[2024-04-08 08:46:19] merlin-logger.DEBUG: Processing menu item post_type [] []
[2024-04-08 08:46:19] merlin-logger.INFO: Imported "Standard Post" (Navigation Menu Item) [] []
[2024-04-08 08:46:19] merlin-logger.DEBUG: Post 1460 remapped to 1460 [] []
[2024-04-08 08:46:19] merlin-logger.DEBUG: Processing menu item post_type [] []
[2024-04-08 08:46:19] merlin-logger.INFO: Imported "Image Post" (Navigation Menu Item) [] []
[2024-04-08 08:46:19] merlin-logger.DEBUG: Post 1463 remapped to 1463 [] []
[2024-04-08 08:46:19] merlin-logger.DEBUG: Processing menu item post_type [] []
[2024-04-08 08:46:19] merlin-logger.INFO: Imported "Video Post" (Navigation Menu Item) [] []
[2024-04-08 08:46:19] merlin-logger.DEBUG: Post 1500 remapped to 1500 [] []
[2024-04-08 08:46:19] merlin-logger.DEBUG: Processing menu item post_type [] []
[2024-04-08 08:46:19] merlin-logger.INFO: Imported "Audio Post" (Navigation Menu Item) [] []
[2024-04-08 08:46:19] merlin-logger.DEBUG: Post 1501 remapped to 1501 [] []
[2024-04-08 08:46:19] merlin-logger.DEBUG: Processing menu item post_type [] []
[2024-04-08 08:46:19] merlin-logger.INFO: Imported "Gallery Post" (Navigation Menu Item) [] []
[2024-04-08 08:46:19] merlin-logger.DEBUG: Post 1503 remapped to 1503 [] []
[2024-04-08 08:46:19] merlin-logger.DEBUG: Processing menu item post_type [] []
[2024-04-08 08:46:19] merlin-logger.INFO: Imported "" (Navigation Menu Item) [] []
[2024-04-08 08:46:19] merlin-logger.DEBUG: Post 1507 remapped to 1507 [] []
[2024-04-08 08:46:19] merlin-logger.DEBUG: Processing menu item taxonomy [] []
[2024-04-08 08:46:19] merlin-logger.INFO: Imported "" (Navigation Menu Item) [] []
[2024-04-08 08:46:19] merlin-logger.DEBUG: Post 1510 remapped to 1510 [] []
[2024-04-08 08:46:19] merlin-logger.DEBUG: Processing menu item taxonomy [] []
[2024-04-08 08:46:19] merlin-logger.INFO: Imported "" (Navigation Menu Item) [] []
[2024-04-08 08:46:19] merlin-logger.DEBUG: Post 1532 remapped to 1532 [] []
[2024-04-08 08:46:19] merlin-logger.DEBUG: Processing menu item post_type [] []
[2024-04-08 08:46:19] merlin-logger.INFO: Imported "" (Navigation Menu Item) [] []
[2024-04-08 08:46:19] merlin-logger.DEBUG: Post 1533 remapped to 1533 [] []
[2024-04-08 08:46:19] merlin-logger.DEBUG: Processing menu item post_type [] []
[2024-04-08 08:46:19] merlin-logger.INFO: Imported "Home" (Navigation Menu Item) [] []
[2024-04-08 08:46:19] merlin-logger.DEBUG: Post 1591 remapped to 1591 [] []
[2024-04-08 08:46:19] merlin-logger.DEBUG: Processing menu item post_type [] []
[2024-04-08 08:46:19] merlin-logger.INFO: Imported "Shop No Side bar" (Navigation Menu Item) [] []
[2024-04-08 08:46:19] merlin-logger.DEBUG: Post 1596 remapped to 1596 [] []
[2024-04-08 08:46:19] merlin-logger.DEBUG: Processing menu item custom [] []
[2024-04-08 08:46:19] merlin-logger.DEBUG: Menu item 1596 mapped to 1596 [] []
[2024-04-08 08:46:19] merlin-logger.INFO: Imported "" (Navigation Menu Item) [] []
[2024-04-08 08:46:19] merlin-logger.DEBUG: Post 1606 remapped to 1606 [] []
[2024-04-08 08:46:19] merlin-logger.DEBUG: Processing menu item post_type [] []
[2024-04-08 08:46:19] merlin-logger.INFO: Imported "" (Navigation Menu Item) [] []
[2024-04-08 08:46:19] merlin-logger.DEBUG: Post 1607 remapped to 1607 [] []
[2024-04-08 08:46:19] merlin-logger.DEBUG: Processing menu item post_type [] []
[2024-04-08 08:46:19] merlin-logger.INFO: Imported "Help & Faq's" (Navigation Menu Item) [] []
[2024-04-08 08:46:19] merlin-logger.DEBUG: Post 1608 remapped to 1608 [] []
[2024-04-08 08:46:19] merlin-logger.DEBUG: Processing menu item post_type [] []
[2024-04-08 08:46:19] merlin-logger.INFO: Imported "Covid-19" (Navigation Menu Item) [] []
[2024-04-08 08:46:19] merlin-logger.DEBUG: Post 1672 remapped to 1672 [] []
[2024-04-08 08:46:19] merlin-logger.DEBUG: Processing menu item custom [] []
[2024-04-08 08:46:19] merlin-logger.DEBUG: Menu item 1672 mapped to 1672 [] []
[2024-04-08 08:46:19] merlin-logger.INFO: Imported "Face Masks" (Navigation Menu Item) [] []
[2024-04-08 08:46:19] merlin-logger.DEBUG: Post 1673 remapped to 1673 [] []
[2024-04-08 08:46:19] merlin-logger.DEBUG: Processing menu item custom [] []
[2024-04-08 08:46:19] merlin-logger.DEBUG: Menu item 1673 mapped to 1673 [] []
[2024-04-08 08:46:19] merlin-logger.INFO: Imported "" (Navigation Menu Item) [] []
[2024-04-08 08:46:19] merlin-logger.DEBUG: Post 1674 remapped to 1674 [] []
[2024-04-08 08:46:19] merlin-logger.DEBUG: Processing menu item taxonomy [] []
[2024-04-08 08:46:19] merlin-logger.INFO: Imported "" (Navigation Menu Item) [] []
[2024-04-08 08:46:19] merlin-logger.DEBUG: Post 1675 remapped to 1675 [] []
[2024-04-08 08:46:19] merlin-logger.DEBUG: Processing menu item taxonomy [] []
[2024-04-08 08:46:19] merlin-logger.INFO: Imported "" (Navigation Menu Item) [] []
[2024-04-08 08:46:19] merlin-logger.DEBUG: Post 1676 remapped to 1676 [] []
[2024-04-08 08:46:19] merlin-logger.DEBUG: Processing menu item taxonomy [] []
[2024-04-08 08:46:19] merlin-logger.INFO: Imported "" (Navigation Menu Item) [] []
[2024-04-08 08:46:19] merlin-logger.DEBUG: Post 1677 remapped to 1677 [] []
[2024-04-08 08:46:19] merlin-logger.DEBUG: Processing menu item taxonomy [] []
[2024-04-08 08:46:19] merlin-logger.INFO: Imported "Medical" (Navigation Menu Item) [] []
[2024-04-08 08:46:19] merlin-logger.DEBUG: Post 1680 remapped to 1680 [] []
[2024-04-08 08:46:19] merlin-logger.DEBUG: Processing menu item custom [] []
[2024-04-08 08:46:19] merlin-logger.DEBUG: Menu item 1680 mapped to 1680 [] []
[2024-04-08 08:46:19] merlin-logger.INFO: Imported "Community health" (Navigation Menu Item) [] []
[2024-04-08 08:46:19] merlin-logger.DEBUG: Post 1681 remapped to 1681 [] []
[2024-04-08 08:46:19] merlin-logger.DEBUG: Processing menu item custom [] []
[2024-04-08 08:46:19] merlin-logger.DEBUG: Menu item 1681 mapped to 1681 [] []
[2024-04-08 08:46:19] merlin-logger.INFO: Imported "" (Navigation Menu Item) [] []
[2024-04-08 08:46:19] merlin-logger.DEBUG: Post 1682 remapped to 1682 [] []
[2024-04-08 08:46:19] merlin-logger.DEBUG: Processing menu item taxonomy [] []
[2024-04-08 08:46:19] merlin-logger.INFO: Imported "" (Navigation Menu Item) [] []
[2024-04-08 08:46:19] merlin-logger.DEBUG: Post 1683 remapped to 1683 [] []
[2024-04-08 08:46:19] merlin-logger.DEBUG: Processing menu item taxonomy [] []
[2024-04-08 08:46:19] merlin-logger.INFO: Imported "Blog" (Navigation Menu Item) [] []
[2024-04-08 08:46:19] merlin-logger.DEBUG: Post 1719 remapped to 1719 [] []
[2024-04-08 08:46:19] merlin-logger.DEBUG: Processing menu item taxonomy [] []
[2024-04-08 08:46:19] merlin-logger.DEBUG: Menu item 32 mapped to 3 [] []
[2024-04-08 08:46:19] merlin-logger.INFO: Imported "Product" (Navigation Menu Item) [] []
[2024-04-08 08:46:19] merlin-logger.DEBUG: Post 1735 remapped to 1735 [] []
[2024-04-08 08:46:19] merlin-logger.DEBUG: Processing menu item post_type [] []
[2024-04-08 08:46:19] merlin-logger.INFO: Imported "Home Care" (Navigation Menu Item) [] []
[2024-04-08 08:46:19] merlin-logger.DEBUG: Post 1751 remapped to 1751 [] []
[2024-04-08 08:46:19] merlin-logger.DEBUG: Processing menu item custom [] []
[2024-04-08 08:46:19] merlin-logger.DEBUG: Menu item 1751 mapped to 1751 [] []
[2024-04-08 08:46:20] merlin-logger.INFO: Imported "Home Medicine" (Navigation Menu Item) [] []
[2024-04-08 08:46:20] merlin-logger.DEBUG: Post 1752 remapped to 1752 [] []
[2024-04-08 08:46:20] merlin-logger.DEBUG: Processing menu item custom [] []
[2024-04-08 08:46:20] merlin-logger.DEBUG: Menu item 1752 mapped to 1752 [] []
[2024-04-08 08:46:20] merlin-logger.INFO: Imported "Home Protective" (Navigation Menu Item) [] []
[2024-04-08 08:46:20] merlin-logger.DEBUG: Post 1753 remapped to 1753 [] []
[2024-04-08 08:46:20] merlin-logger.DEBUG: Processing menu item post_type [] []
[2024-04-08 08:46:20] merlin-logger.INFO: Imported "Collections" (Navigation Menu Item) [] []
[2024-04-08 08:46:20] merlin-logger.DEBUG: Post 1754 remapped to 1754 [] []
[2024-04-08 08:46:20] merlin-logger.DEBUG: Processing menu item custom [] []
[2024-04-08 08:46:20] merlin-logger.DEBUG: Menu item 1754 mapped to 1754 [] []
[2024-04-08 08:46:20] merlin-logger.INFO: Imported "Privacy Policy" (Page) [] []
[2024-04-08 08:46:20] merlin-logger.DEBUG: Post 3 remapped to 1755 [] []
[2024-04-08 08:46:20] merlin-logger.INFO: Imported "Wishlist" (Page) [] []
[2024-04-08 08:46:20] merlin-logger.DEBUG: Post 7 remapped to 1756 [] []
[2024-04-08 08:46:20] merlin-logger.INFO: Imported "Shop" (Page) [] []
[2024-04-08 08:46:20] merlin-logger.DEBUG: Post 10 remapped to 10 [] []
[2024-04-08 08:46:20] merlin-logger.INFO: Imported "Cart" (Page) [] []
[2024-04-08 08:46:20] merlin-logger.DEBUG: Post 11 remapped to 11 [] []
[2024-04-08 08:46:20] merlin-logger.INFO: Imported "Checkout" (Page) [] []
[2024-04-08 08:46:20] merlin-logger.DEBUG: Post 12 remapped to 12 [] []
[2024-04-08 08:46:20] merlin-logger.INFO: Imported "My account" (Page) [] []
[2024-04-08 08:46:20] merlin-logger.DEBUG: Post 13 remapped to 13 [] []
[2024-04-08 08:46:20] merlin-logger.INFO: Imported "Home" (Page) [] []
[2024-04-08 08:46:20] merlin-logger.DEBUG: Post 16 remapped to 16 [] []
[2024-04-08 08:46:20] merlin-logger.INFO: Imported "About Us" (Page) [] []
[2024-04-08 08:46:20] merlin-logger.DEBUG: Post 512 remapped to 512 [] []
[2024-04-08 08:46:20] merlin-logger.INFO: Imported "Contact Us" (Page) [] []
[2024-04-08 08:46:20] merlin-logger.DEBUG: Post 584 remapped to 584 [] []
[2024-04-08 08:46:20] merlin-logger.INFO: Imported "Error Page" (Page) [] []
[2024-04-08 08:46:20] merlin-logger.DEBUG: Post 590 remapped to 590 [] []
[2024-04-08 08:46:20] merlin-logger.INFO: Imported "Elements" (Navigation Menu Item) [] []
[2024-04-08 08:46:20] merlin-logger.DEBUG: Post 1755 remapped to 1757 [] []
[2024-04-08 08:46:20] merlin-logger.DEBUG: Processing menu item custom [] []
[2024-04-08 08:46:20] merlin-logger.DEBUG: Menu item 1755 mapped to 1757 [] []
[2024-04-08 08:46:20] merlin-logger.INFO: Imported "Shop Default Listing" (Navigation Menu Item) [] []
[2024-04-08 08:46:20] merlin-logger.DEBUG: Post 1756 remapped to 1758 [] []
[2024-04-08 08:46:20] merlin-logger.DEBUG: Processing menu item custom [] []
[2024-04-08 08:46:20] merlin-logger.DEBUG: Menu item 1756 mapped to 1758 [] []
[2024-04-08 08:46:20] merlin-logger.INFO: Imported "Ajax + Cart at Left" (Navigation Menu Item) [] []
[2024-04-08 08:46:20] merlin-logger.DEBUG: Post 1757 remapped to 1759 [] []
[2024-04-08 08:46:20] merlin-logger.DEBUG: Processing menu item custom [] []
[2024-04-08 08:46:20] merlin-logger.DEBUG: Menu item 1757 mapped to 1759 [] []
[2024-04-08 08:46:20] merlin-logger.INFO: Imported "Ajax + Cart at Right" (Navigation Menu Item) [] []
[2024-04-08 08:46:20] merlin-logger.DEBUG: Post 1758 remapped to 1760 [] []
[2024-04-08 08:46:20] merlin-logger.DEBUG: Processing menu item custom [] []
[2024-04-08 08:46:20] merlin-logger.DEBUG: Menu item 1758 mapped to 1760 [] []
[2024-04-08 08:46:20] merlin-logger.INFO: Imported "Ajax + Cart Popup" (Navigation Menu Item) [] []
[2024-04-08 08:46:20] merlin-logger.DEBUG: Post 1759 remapped to 1761 [] []
[2024-04-08 08:46:20] merlin-logger.DEBUG: Processing menu item custom [] []
[2024-04-08 08:46:20] merlin-logger.DEBUG: Menu item 1759 mapped to 1761 [] []
[2024-04-08 08:46:20] merlin-logger.INFO: Imported "Page" (Navigation Menu Item) [] []
[2024-04-08 08:46:20] merlin-logger.DEBUG: Post 1760 remapped to 1762 [] []
[2024-04-08 08:46:20] merlin-logger.DEBUG: Processing menu item custom [] []
[2024-04-08 08:46:20] merlin-logger.DEBUG: Menu item 1760 mapped to 1762 [] []
[2024-04-08 08:46:20] merlin-logger.INFO: Imported "" (Navigation Menu Item) [] []
[2024-04-08 08:46:20] merlin-logger.DEBUG: Post 1761 remapped to 1763 [] []
[2024-04-08 08:46:20] merlin-logger.DEBUG: Processing menu item post_type [] []
[2024-04-08 08:46:20] merlin-logger.DEBUG: Menu item 512 mapped to 512 [] []
[2024-04-08 08:46:20] merlin-logger.INFO: Imported "" (Navigation Menu Item) [] []
[2024-04-08 08:46:20] merlin-logger.DEBUG: Post 1762 remapped to 1764 [] []
[2024-04-08 08:46:20] merlin-logger.DEBUG: Processing menu item post_type [] []
[2024-04-08 08:46:20] merlin-logger.INFO: Imported "" (Navigation Menu Item) [] []
[2024-04-08 08:46:20] merlin-logger.DEBUG: Post 1763 remapped to 1765 [] []
[2024-04-08 08:46:20] merlin-logger.DEBUG: Processing menu item post_type [] []
[2024-04-08 08:46:20] merlin-logger.DEBUG: Menu item 584 mapped to 584 [] []
[2024-04-08 08:46:20] merlin-logger.INFO: Imported "" (Navigation Menu Item) [] []
[2024-04-08 08:46:20] merlin-logger.DEBUG: Post 1764 remapped to 1766 [] []
[2024-04-08 08:46:20] merlin-logger.DEBUG: Processing menu item post_type [] []
[2024-04-08 08:46:20] merlin-logger.INFO: Imported "Addon image" (Page) [] []
[2024-04-08 08:46:20] merlin-logger.DEBUG: Post 592 remapped to 592 [] []
[2024-04-08 08:46:20] merlin-logger.INFO: Imported "Addon Text" (Page) [] []
[2024-04-08 08:46:20] merlin-logger.DEBUG: Post 596 remapped to 596 [] []
[2024-04-08 08:46:20] merlin-logger.INFO: Imported "Addon Video" (Page) [] []
[2024-04-08 08:46:20] merlin-logger.DEBUG: Post 598 remapped to 598 [] []
[2024-04-08 08:46:20] merlin-logger.INFO: Imported "Brand" (Page) [] []
[2024-04-08 08:46:20] merlin-logger.DEBUG: Post 601 remapped to 601 [] []
[2024-04-08 08:46:20] merlin-logger.INFO: Imported "FAQs" (Page) [] []
[2024-04-08 08:46:20] merlin-logger.DEBUG: Post 603 remapped to 603 [] []
[2024-04-08 08:46:20] merlin-logger.INFO: Imported "Features" (Page) [] []
[2024-04-08 08:46:20] merlin-logger.DEBUG: Post 605 remapped to 605 [] []
[2024-04-08 08:46:20] merlin-logger.INFO: Imported "Flash Sale" (Page) [] []
[2024-04-08 08:46:20] merlin-logger.DEBUG: Post 607 remapped to 607 [] []
[2024-04-08 08:46:20] merlin-logger.INFO: Imported "Newsletter" (Page) [] []
[2024-04-08 08:46:20] merlin-logger.DEBUG: Post 615 remapped to 615 [] []
[2024-04-08 08:46:20] merlin-logger.INFO: Imported "On Sale Product" (Page) [] []
[2024-04-08 08:46:20] merlin-logger.DEBUG: Post 617 remapped to 617 [] []
[2024-04-08 08:46:20] merlin-logger.INFO: Imported "Post Elements" (Page) [] []
[2024-04-08 08:46:20] merlin-logger.DEBUG: Post 619 remapped to 619 [] []
[2024-04-08 08:46:20] merlin-logger.INFO: Imported "Product Attribute" (Page) [] []
[2024-04-08 08:46:20] merlin-logger.DEBUG: Post 621 remapped to 621 [] []
[2024-04-08 08:46:21] merlin-logger.INFO: Imported "Product Categories Elements" (Page) [] []
[2024-04-08 08:46:21] merlin-logger.DEBUG: Post 623 remapped to 623 [] []
[2024-04-08 08:46:21] merlin-logger.INFO: Imported "Product Elements" (Page) [] []
[2024-04-08 08:46:21] merlin-logger.DEBUG: Post 625 remapped to 625 [] []
[2024-04-08 08:46:21] merlin-logger.INFO: Imported "Recently Viewed Products" (Page) [] []
[2024-04-08 08:46:21] merlin-logger.DEBUG: Post 627 remapped to 627 [] []
[2024-04-08 08:46:21] merlin-logger.INFO: Imported "Social Share" (Page) [] []
[2024-04-08 08:46:21] merlin-logger.DEBUG: Post 629 remapped to 629 [] []
[2024-04-08 08:46:21] merlin-logger.INFO: Imported "Team Member" (Page) [] []
[2024-04-08 08:46:21] merlin-logger.DEBUG: Post 631 remapped to 631 [] []
[2024-04-08 08:46:21] merlin-logger.INFO: Imported "Terms Of Use" (Page) [] []
[2024-04-08 08:46:21] merlin-logger.DEBUG: Post 633 remapped to 633 [] []
[2024-04-08 08:46:21] merlin-logger.INFO: Imported "Top Rated Products" (Page) [] []
[2024-04-08 08:46:21] merlin-logger.DEBUG: Post 635 remapped to 635 [] []
[2024-04-08 08:46:21] merlin-logger.INFO: Imported "Track My Order" (Page) [] []
[2024-04-08 08:46:21] merlin-logger.DEBUG: Post 637 remapped to 637 [] []
[2024-04-08 08:46:21] merlin-logger.INFO: Imported "Best Selling Product" (Page) [] []
[2024-04-08 08:46:21] merlin-logger.DEBUG: Post 640 remapped to 640 [] []
[2024-04-08 08:46:21] merlin-logger.INFO: Imported "Mindfulness and Meditation" (Post) [] []
[2024-04-08 08:46:21] merlin-logger.DEBUG: Post 104 remapped to 104 [] []
[2024-04-08 08:46:21] merlin-logger.INFO: Imported "Wound Care Glossary of Terms" (Post) [] []
[2024-04-08 08:46:21] merlin-logger.DEBUG: Post 106 remapped to 106 [] []
[2024-04-08 08:46:21] merlin-logger.INFO: Imported "Garlic - "Antibiotics" versatile" (Post) [] []
[2024-04-08 08:46:21] merlin-logger.DEBUG: Post 109 remapped to 109 [] []
[2024-04-08 08:46:21] merlin-logger.INFO: Imported "Kitchen Blends Recipes: Easter Salmon" (Post) [] []
[2024-04-08 08:46:21] merlin-logger.DEBUG: Post 111 remapped to 111 [] []
[2024-04-08 08:46:21] merlin-logger.INFO: Imported "Doctor Is Scanning" (Post) [] []
[2024-04-08 08:46:21] merlin-logger.DEBUG: Post 114 remapped to 114 [] []
[2024-04-08 08:46:21] merlin-logger.INFO: Imported "Natural Treatments For High Blood Pressure" (Post) [] []
[2024-04-08 08:46:21] merlin-logger.DEBUG: Post 115 remapped to 115 [] []
[2024-04-08 08:46:21] merlin-logger.INFO: Imported "Things to keep in mind when choosing" (Post) [] []
[2024-04-08 08:46:21] merlin-logger.DEBUG: Post 116 remapped to 116 [] []
[2024-04-08 08:46:21] merlin-logger.INFO: Imported "What Should I Do With Stomach Pain?" (Post) [] []
[2024-04-08 08:46:21] merlin-logger.DEBUG: Post 127 remapped to 127 [] []
[2024-04-08 08:46:21] merlin-logger.INFO: Imported "The Blood Sample" (Post) [] []
[2024-04-08 08:46:21] merlin-logger.DEBUG: Post 128 remapped to 128 [] []
[2024-04-08 08:46:21] merlin-logger.INFO: Imported "Nutrients needed for bones and joints" (Post) [] []
[2024-04-08 08:46:21] merlin-logger.DEBUG: Post 129 remapped to 129 [] []
[2024-04-08 08:46:22] merlin-logger.INFO: Imported "Heartburn, what medication?" (Post) [] []
[2024-04-08 08:46:22] merlin-logger.DEBUG: Post 133 remapped to 133 [] []
[2024-04-08 08:46:22] merlin-logger.INFO: Imported "Natural remedies for quick bruising" (Post) [] []
[2024-04-08 08:46:22] merlin-logger.DEBUG: Post 134 remapped to 134 [] []
[2024-04-08 08:46:22] merlin-logger.INFO: Imported "Should Not Be Subjective When Nose Stuffy" (Post) [] []
[2024-04-08 08:46:22] merlin-logger.DEBUG: Post 138 remapped to 138 [] []
[2024-04-08 08:46:22] merlin-logger.INFO: Imported "Signs of potassium deficiency" (Post) [] []
[2024-04-08 08:46:22] merlin-logger.DEBUG: Post 139 remapped to 139 [] []
[2024-04-08 08:46:22] merlin-logger.INFO: Imported "How to protect the body from ultraviolet?" (Post) [] []
[2024-04-08 08:46:22] merlin-logger.DEBUG: Post 140 remapped to 140 [] []
[2024-04-08 08:46:22] merlin-logger.INFO: Imported "Addon Tag" (Page) [] []
[2024-04-08 08:46:22] merlin-logger.DEBUG: Post 594 remapped to 594 [] []
[2024-04-08 08:46:22] merlin-logger.INFO: Imported "Instagram" (Page) [] []
[2024-04-08 08:46:22] merlin-logger.DEBUG: Post 609 remapped to 609 [] []
[2024-04-08 08:46:22] merlin-logger.INFO: Imported "My Account" (Page) [] []
[2024-04-08 08:46:22] merlin-logger.DEBUG: Post 611 remapped to 611 [] []
[2024-04-08 08:46:22] merlin-logger.INFO: Imported "My Wishlist" (Page) [] []
[2024-04-08 08:46:22] merlin-logger.DEBUG: Post 613 remapped to 613 [] []
[2024-04-08 08:46:22] merlin-logger.INFO: Imported "Test" (Page) [] []
[2024-04-08 08:46:22] merlin-logger.DEBUG: Post 1842 remapped to 1842 [] []
[2024-04-08 08:46:22] merlin-logger.WARNING: Failed to import "Stat Unisex Reversible": Invalid post type product [] []
[2024-04-08 08:46:22] merlin-logger.WARNING: Failed to import "Bladder Control Pads": Invalid post type product [] []
[2024-04-08 08:46:22] merlin-logger.WARNING: Failed to import "ContourPlus Bladder": Invalid post type product [] []
[2024-04-08 08:46:22] merlin-logger.WARNING: Failed to import "Chamber-Style Surgical": Invalid post type product [] []
[2024-04-08 08:46:22] merlin-logger.WARNING: Failed to import "Double-Tread Toddler": Invalid post type product [] []
[2024-04-08 08:46:22] merlin-logger.WARNING: Failed to import "Eye Mask and Ear Plugs": Invalid post type product [] []
[2024-04-08 08:46:22] merlin-logger.WARNING: Failed to import "Remedy No-Rinse Foam": Invalid post type product [] []
[2024-04-08 08:46:22] merlin-logger.WARNING: Failed to import "Chemotherapy Isolation": Invalid post type product [] []
[2024-04-08 08:46:22] merlin-logger.WARNING: Failed to import "Polypropylene Cap": Invalid post type product [] []
[2024-04-08 08:46:22] merlin-logger.WARNING: Failed to import "Safety Frames & Lenses": Invalid post type product [] []
[2024-04-08 08:46:22] merlin-logger.INFO: Imported "Choose headache medicine" (Post) [] []
[2024-04-08 08:46:22] merlin-logger.DEBUG: Post 144 remapped to 144 [] []
[2024-04-08 08:46:22] merlin-logger.WARNING: Failed to import "Xitrina digestive drugs": Invalid post type product [] []
[2024-04-08 08:46:22] merlin-logger.WARNING: Failed to import "Deodorizing Nabifar": Invalid post type product [] []
[2024-04-08 08:46:22] merlin-logger.WARNING: Failed to import "Constipation medication": Invalid post type product [] []
[2024-04-08 08:46:22] merlin-logger.WARNING: Failed to import "Support liver, bile and diuretic": Invalid post type product [] []
[2024-04-08 08:46:22] merlin-logger.WARNING: Failed to import "Prosense For Men": Invalid post type product [] []
[2024-04-08 08:46:22] merlin-logger.WARNING: Failed to import "HT Strokend Tab.30": Invalid post type product [] []
[2024-04-08 08:46:22] merlin-logger.WARNING: Failed to import "Cumar Gold Fast": Invalid post type product [] []
[2024-04-08 08:46:22] merlin-logger.WARNING: Failed to import "Tebexerol Immunoxel": Invalid post type product [] []
[2024-04-08 08:46:22] merlin-logger.WARNING: Failed to import "Pricefil": Invalid post type product [] []
[2024-04-08 08:46:22] merlin-logger.WARNING: Failed to import "Doctor Gout Box.12": Invalid post type product [] []
[2024-04-08 08:46:22] merlin-logger.WARNING: Failed to import "Lungsupport": Invalid post type product [] []
[2024-04-08 08:46:22] merlin-logger.WARNING: Failed to import "Livbilnic": Invalid post type product [] []
[2024-04-08 08:46:22] merlin-logger.WARNING: Failed to import "Carbo TS": Invalid post type product [] []
[2024-04-08 08:46:22] merlin-logger.WARNING: Failed to import "Ceteco Collagen Extra": Invalid post type product [] []
[2024-04-08 08:46:22] merlin-logger.WARNING: Failed to import "Coveram Tab.5/10": Invalid post type product [] []
[2024-04-08 08:46:22] merlin-logger.WARNING: Failed to import "Demoferidon": Invalid post type product [] []
[2024-04-08 08:46:22] merlin-logger.WARNING: Failed to import "Gabarica 400": Invalid post type product [] []
[2024-04-08 08:46:22] merlin-logger.WARNING: Failed to import "Trionstrep Medication": Invalid post type product [] []
[2024-04-08 08:46:22] merlin-logger.WARNING: Failed to import "Fortamox": Invalid post type product [] []
[2024-04-08 08:46:22] merlin-logger.WARNING: Failed to import "Supvizyn": Invalid post type product [] []
[2024-04-08 08:46:22] merlin-logger.WARNING: Failed to import "Ringerfundin": Invalid post type product [] []
[2024-04-08 08:46:22] merlin-logger.WARNING: Failed to import "Record B Medlac": Invalid post type product [] []
[2024-04-08 08:46:22] merlin-logger.WARNING: Failed to import "Albunorm": Invalid post type product [] []
[2024-04-08 08:46:22] merlin-logger.WARNING: Failed to import "Paraiv": Invalid post type product [] []
[2024-04-08 08:46:22] merlin-logger.WARNING: Failed to import "Glucose Kabi 30%": Invalid post type product [] []
[2024-04-08 08:46:22] merlin-logger.WARNING: Failed to import "Potassium Chlorid": Invalid post type product [] []
[2024-04-08 08:46:22] merlin-logger.WARNING: Failed to import "Macdin 600 Medicine": Invalid post type product [] []
[2024-04-08 08:46:22] merlin-logger.WARNING: Failed to import "Suwelin": Invalid post type product [] []
[2024-04-08 08:46:22] merlin-logger.WARNING: Failed to import "Protovan Injection": Invalid post type product [] []
[2024-04-08 08:46:22] merlin-logger.WARNING: Failed to import "Chamber-Style Surgical - 2XLarge": Invalid post type product_variation [] []
[2024-04-08 08:46:22] merlin-logger.WARNING: Failed to import "Chamber-Style Surgical - 3XLarge": Invalid post type product_variation [] []
[2024-04-08 08:46:22] merlin-logger.WARNING: Failed to import "Chamber-Style Surgical - 4XLarge": Invalid post type product_variation [] []
[2024-04-08 08:46:22] merlin-logger.WARNING: Failed to import "Chamber-Style Surgical - 5.5": Invalid post type product_variation [] []
[2024-04-08 08:46:22] merlin-logger.WARNING: Failed to import "Chamber-Style Surgical - 6": Invalid post type product_variation [] []
[2024-04-08 08:46:22] merlin-logger.WARNING: Failed to import "Chamber-Style Surgical - 7": Invalid post type product_variation [] []
[2024-04-08 08:46:22] merlin-logger.WARNING: Failed to import "Adant Meiji": Invalid post type product [] []
[2024-04-08 08:46:22] merlin-logger.WARNING: Failed to import "Potassium Chlorid - 2XLarge": Invalid post type product_variation [] []
[2024-04-08 08:46:22] merlin-logger.WARNING: Failed to import "Potassium Chlorid - 3XLarge": Invalid post type product_variation [] []
[2024-04-08 08:46:22] merlin-logger.WARNING: Failed to import "Potassium Chlorid - 4XLarge": Invalid post type product_variation [] []
[2024-04-08 08:46:22] merlin-logger.WARNING: Failed to import "Ringerfundin - 5.5": Invalid post type product_variation [] []
[2024-04-08 08:46:22] merlin-logger.WARNING: Failed to import "Ringerfundin - 6": Invalid post type product_variation [] []
[2024-04-08 08:46:22] merlin-logger.WARNING: Failed to import "Standard Surgical Gown": Invalid post type product [] []
[2024-04-08 08:46:22] merlin-logger.WARNING: Failed to import "Easy-Care Medical Uniforms": Invalid post type product [] []
[2024-04-08 08:46:22] merlin-logger.WARNING: Failed to import "Teqler Theatre Scrubs": Invalid post type product [] []
[2024-04-08 08:46:22] merlin-logger.WARNING: Failed to import "Sentinex Scrub Suit": Invalid post type product [] []
[2024-04-08 08:46:22] merlin-logger.WARNING: Failed to import "Foliodress Gown Protect Basic": Invalid post type product [] []
[2024-04-08 08:46:22] merlin-logger.WARNING: Failed to import "Sterile Surgical Gown": Invalid post type product [] []
[2024-04-08 08:46:22] merlin-logger.WARNING: Failed to import "Chemical Resistant Gloves": Invalid post type product [] []
[2024-04-08 08:46:22] merlin-logger.WARNING: Failed to import "Heat Resistant Gloves": Invalid post type product [] []
[2024-04-08 08:46:22] merlin-logger.WARNING: Failed to import "Ringerfundin - 7": Invalid post type product_variation [] []
[2024-04-08 08:46:22] merlin-logger.WARNING: Failed to import "Trionstrep Medication - 2XLarge": Invalid post type product_variation [] []
[2024-04-08 08:46:22] merlin-logger.WARNING: Failed to import "Trionstrep Medication - 4XLarge": Invalid post type product_variation [] []
[2024-04-08 08:46:22] merlin-logger.WARNING: Failed to import "Trionstrep Medication - 6": Invalid post type product_variation [] []
[2024-04-08 08:46:22] merlin-logger.WARNING: Failed to import "Ceteco Collagen Extra - 2XLarge": Invalid post type product_variation [] []
[2024-04-08 08:46:22] merlin-logger.WARNING: Failed to import "Ceteco Collagen Extra - 3XLarge": Invalid post type product_variation [] []
[2024-04-08 08:46:22] merlin-logger.WARNING: Failed to import "Ceteco Collagen Extra - 5.5": Invalid post type product_variation [] []
[2024-04-08 08:46:22] merlin-logger.WARNING: Failed to import "Doctor Gout Box.12 - Black": Invalid post type product_variation [] []
[2024-04-08 08:46:22] merlin-logger.WARNING: Failed to import "Support liver, bile and diuretic - 5.5": Invalid post type product_variation [] []
[2024-04-08 08:46:22] merlin-logger.WARNING: Failed to import "Support liver, bile and diuretic - 6": Invalid post type product_variation [] []
[2024-04-08 08:46:22] merlin-logger.WARNING: Failed to import "Support liver, bile and diuretic - 7": Invalid post type product_variation [] []
[2024-04-08 08:46:22] merlin-logger.WARNING: Failed to import "Deodorizing Nabifar - Large": Invalid post type product_variation [] []
[2024-04-08 08:46:22] merlin-logger.WARNING: Failed to import "Deodorizing Nabifar - Medium": Invalid post type product_variation [] []
[2024-04-08 08:46:22] merlin-logger.WARNING: Failed to import "Deodorizing Nabifar - Regular": Invalid post type product_variation [] []
[2024-04-08 08:46:22] merlin-logger.WARNING: Failed to import "Safety Frames & Lenses - 100ml": Invalid post type product_variation [] []
[2024-04-08 08:46:22] merlin-logger.WARNING: Failed to import "Safety Frames & Lenses - 200ml": Invalid post type product_variation [] []
[2024-04-08 08:46:22] merlin-logger.WARNING: Failed to import "Safety Frames & Lenses - 300ml": Invalid post type product_variation [] []
[2024-04-08 08:46:22] merlin-logger.WARNING: Failed to import "Chemotherapy Isolation - 2XLarge": Invalid post type product_variation [] []
[2024-04-08 08:46:22] merlin-logger.WARNING: Failed to import "Chemotherapy Isolation - 3XLarge": Invalid post type product_variation [] []
[2024-04-08 08:46:22] merlin-logger.WARNING: Failed to import "Chemotherapy Isolation - 4XLarge": Invalid post type product_variation [] []
[2024-04-08 08:46:22] merlin-logger.WARNING: Failed to import "Doctor Gout Box.12 - Blue": Invalid post type product_variation [] []
[2024-04-08 08:46:22] merlin-logger.WARNING: Failed to import "Doctor Gout Box.12 - Grey": Invalid post type product_variation [] []
[2024-04-08 08:46:22] merlin-logger.WARNING: Failed to import "Tebexerol Immunoxel - 5.5": Invalid post type product_variation [] []
[2024-04-08 08:46:22] merlin-logger.WARNING: Failed to import "Tebexerol Immunoxel - 6": Invalid post type product_variation [] []
[2024-04-08 08:46:22] merlin-logger.WARNING: Failed to import "Tebexerol Immunoxel - 7": Invalid post type product_variation [] []
[2024-04-08 08:46:22] merlin-logger.WARNING: Failed to import "Carbo TS - img-1": Invalid post type product_variation [] []
[2024-04-08 08:46:22] merlin-logger.WARNING: Failed to import "Carbo TS - img-2": Invalid post type product_variation [] []
[2024-04-08 08:46:22] merlin-logger.WARNING: Failed to import "Carbo TS - img-3": Invalid post type product_variation [] []
[2024-04-08 08:46:22] merlin-logger.WARNING: Failed to import "Fortamox - Blue": Invalid post type product_variation [] []
[2024-04-08 08:46:22] merlin-logger.WARNING: Failed to import "Fortamox - Green": Invalid post type product_variation [] []
[2024-04-08 08:46:22] merlin-logger.WARNING: Failed to import "Fortamox - Grey": Invalid post type product_variation [] []
[2024-04-08 08:46:22] merlin-logger.WARNING: Failed to import "Sentinex Scrub Suit - 2XLarge": Invalid post type product_variation [] []
[2024-04-08 08:46:22] merlin-logger.WARNING: Failed to import "Sentinex Scrub Suit - 4XLarge": Invalid post type product_variation [] []
[2024-04-08 08:46:22] merlin-logger.WARNING: Failed to import "Sentinex Scrub Suit - 6": Invalid post type product_variation [] []
[2024-04-08 08:46:22] merlin-logger.WARNING: Failed to import "Foliodress Gown Protect Basic - 2XLarge": Invalid post type product_variation [] []
[2024-04-08 08:46:22] merlin-logger.WARNING: Failed to import "Foliodress Gown Protect Basic - 4XLarge": Invalid post type product_variation [] []
[2024-04-08 08:46:22] merlin-logger.WARNING: Failed to import "Foliodress Gown Protect Basic - 6": Invalid post type product_variation [] []
[2024-04-08 08:46:22] merlin-logger.WARNING: Failed to import "Sterile Surgical Gown - 2XLarge": Invalid post type product_variation [] []
[2024-04-08 08:46:22] merlin-logger.WARNING: Failed to import "Sterile Surgical Gown - 4XLarge": Invalid post type product_variation [] []
[2024-04-08 08:46:22] merlin-logger.WARNING: Failed to import "Sterile Surgical Gown - 6": Invalid post type product_variation [] []
[2024-04-08 08:46:22] merlin-logger.WARNING: Failed to import "97ns9k": Invalid post type shop_coupon [] []
[2024-04-08 08:46:22] merlin-logger.WARNING: Failed to import "yd3d6e": Invalid post type shop_coupon [] []
[2024-04-08 08:46:22] merlin-logger.WARNING: Failed to import "ha4qug": Invalid post type shop_coupon [] []
[2024-04-08 08:46:22] merlin-logger.WARNING: Failed to import "xh5140": Invalid post type shop_coupon [] []
[2024-04-08 08:46:22] merlin-logger.WARNING: Failed to import "r6nvkw": Invalid post type shop_coupon [] []
[2024-04-08 08:46:22] merlin-logger.WARNING: Failed to import "evymhv": Invalid post type shop_coupon [] []
[2024-04-08 08:46:22] merlin-logger.WARNING: Failed to import "9oz2bw": Invalid post type shop_coupon [] []
[2024-04-08 08:46:22] merlin-logger.WARNING: Failed to import "w3myi4": Invalid post type shop_coupon [] []
[2024-04-08 08:46:22] merlin-logger.WARNING: Failed to import "h5fgki": Invalid post type shop_coupon [] []
[2024-04-08 08:46:22] merlin-logger.WARNING: Failed to import "n8473q": Invalid post type shop_coupon [] []
[2024-04-08 08:46:22] merlin-logger.WARNING: Failed to import "379176": Invalid post type shop_coupon [] []
[2024-04-08 08:46:22] merlin-logger.WARNING: Failed to import "u5sfm9": Invalid post type shop_coupon [] []
[2024-04-08 08:46:22] merlin-logger.WARNING: Failed to import "xk44v5": Invalid post type shop_coupon [] []
[2024-04-08 08:46:22] merlin-logger.WARNING: Failed to import "gqvv3r": Invalid post type shop_coupon [] []
[2024-04-08 08:46:22] merlin-logger.WARNING: Failed to import "mlx483": Invalid post type shop_coupon [] []
[2024-04-08 08:46:22] merlin-logger.WARNING: Failed to import "qnxj2r": Invalid post type shop_coupon [] []
[2024-04-08 08:46:22] merlin-logger.WARNING: Failed to import "x5kld4": Invalid post type shop_coupon [] []
[2024-04-08 08:46:22] merlin-logger.WARNING: Failed to import "p4ssz0": Invalid post type shop_coupon [] []
[2024-04-08 08:46:22] merlin-logger.WARNING: Failed to import "e7ttsm": Invalid post type shop_coupon [] []
[2024-04-08 08:46:22] merlin-logger.WARNING: Failed to import "068g7g": Invalid post type shop_coupon [] []
[2024-04-08 08:46:22] merlin-logger.WARNING: Failed to import "Order – June 15, 2020 @ 11:06 PM": Invalid post type shop_order [] []
[2024-04-08 08:46:22] merlin-logger.WARNING: Failed to import "Order – June 15, 2020 @ 11:08 PM": Invalid post type shop_order [] []
[2024-04-08 08:46:22] merlin-logger.WARNING: Failed to import "Order – June 15, 2020 @ 11:09 PM": Invalid post type shop_order [] []
[2024-04-08 08:46:22] merlin-logger.WARNING: Failed to import "Order – June 15, 2020 @ 11:09 PM": Invalid post type shop_order [] []
[2024-04-08 08:46:22] merlin-logger.WARNING: Failed to import "Order – June 19, 2020 @ 04:05 PM": Invalid post type shop_order [] []
[2024-04-08 08:46:22] merlin-logger.WARNING: Failed to import "Order – June 20, 2020 @ 05:13 PM": Invalid post type shop_order [] []
[2024-04-08 08:46:22] merlin-logger.WARNING: Failed to import "Order – June 24, 2020 @ 04:39 PM": Invalid post type shop_order [] []
[2024-04-08 08:46:22] merlin-logger.WARNING: Failed to import "Order – June 26, 2020 @ 09:09 PM": Invalid post type shop_order [] []
[2024-04-08 08:46:22] merlin-logger.WARNING: Failed to import "Order – September 10, 2020 @ 03:39 AM": Invalid post type shop_order [] []
[2024-04-08 08:46:22] merlin-logger.WARNING: Failed to import "Order – September 24, 2020 @ 03:06 PM": Invalid post type shop_order [] []
[2024-04-08 08:46:22] merlin-logger.WARNING: Failed to import "Order – October 2, 2020 @ 09:31 AM": Invalid post type shop_order [] []
[2024-04-08 08:46:22] merlin-logger.WARNING: Failed to import "Order – October 5, 2020 @ 11:41 AM": Invalid post type shop_order [] []
[2024-04-08 08:46:22] merlin-logger.WARNING: Failed to import "Order – October 29, 2020 @ 04:34 AM": Invalid post type shop_order [] []
[2024-04-08 08:46:22] merlin-logger.WARNING: Failed to import "Order – October 31, 2020 @ 05:59 PM": Invalid post type shop_order [] []
[2024-04-08 08:46:22] merlin-logger.WARNING: Failed to import "Order – November 10, 2020 @ 10:01 AM": Invalid post type shop_order [] []
[2024-04-08 08:46:22] merlin-logger.WARNING: Failed to import "Order – December 5, 2020 @ 06:20 AM": Invalid post type shop_order [] []
[2024-04-08 08:46:22] merlin-logger.WARNING: Failed to import "Order – December 31, 2020 @ 05:13 AM": Invalid post type shop_order [] []
[2024-04-08 08:46:22] merlin-logger.WARNING: Failed to import "uuoxr5": Invalid post type shop_coupon [] []
[2024-04-08 08:46:22] merlin-logger.WARNING: Failed to import "k9jb35": Invalid post type shop_coupon [] []
[2024-04-08 08:46:22] merlin-logger.WARNING: Failed to import "ucihzd": Invalid post type shop_coupon [] []
[2024-04-08 08:46:22] merlin-logger.WARNING: Failed to import "Order – September 26, 2020 @ 06:36 PM": Invalid post type shop_order [] []
[2024-04-08 08:46:22] merlin-logger.WARNING: Failed to import "Order – October 1, 2020 @ 02:22 PM": Invalid post type shop_order [] []
[2024-04-08 08:46:22] merlin-logger.WARNING: Failed to import "Order – October 2, 2020 @ 12:13 PM": Invalid post type shop_order [] []
[2024-04-08 08:46:22] merlin-logger.WARNING: Failed to import "Order – October 4, 2020 @ 09:17 AM": Invalid post type shop_order [] []
[2024-04-08 08:46:22] merlin-logger.WARNING: Failed to import "Order – October 4, 2020 @ 11:47 AM": Invalid post type shop_order [] []
[2024-04-08 08:46:22] merlin-logger.WARNING: Failed to import "Order – October 4, 2020 @ 07:12 PM": Invalid post type shop_order [] []
[2024-04-08 08:46:22] merlin-logger.WARNING: Failed to import "Order – October 6, 2020 @ 01:34 AM": Invalid post type shop_order [] []
[2024-04-08 08:46:22] merlin-logger.WARNING: Failed to import "Order – October 7, 2020 @ 03:00 PM": Invalid post type shop_order [] []
[2024-04-08 08:46:22] merlin-logger.WARNING: Failed to import "Order – October 9, 2020 @ 02:58 AM": Invalid post type shop_order [] []
[2024-04-08 08:46:22] merlin-logger.WARNING: Failed to import "Order – October 9, 2020 @ 11:32 AM": Invalid post type shop_order [] []
[2024-04-08 08:46:22] merlin-logger.WARNING: Failed to import "Order – October 9, 2020 @ 03:53 PM": Invalid post type shop_order [] []
[2024-04-08 08:46:22] merlin-logger.WARNING: Failed to import "Order – October 10, 2020 @ 06:47 AM": Invalid post type shop_order [] []
[2024-04-08 08:46:22] merlin-logger.WARNING: Failed to import "Order – October 14, 2020 @ 08:13 PM": Invalid post type shop_order [] []
[2024-04-08 08:46:22] merlin-logger.WARNING: Failed to import "Order – October 20, 2020 @ 04:36 PM": Invalid post type shop_order [] []
[2024-04-08 08:46:22] merlin-logger.WARNING: Failed to import "Order – October 23, 2020 @ 01:29 PM": Invalid post type shop_order [] []
[2024-04-08 08:46:22] merlin-logger.WARNING: Failed to import "Order – October 25, 2020 @ 10:29 PM": Invalid post type shop_order [] []
[2024-04-08 08:46:22] merlin-logger.WARNING: Failed to import "Order – October 29, 2020 @ 05:26 PM": Invalid post type shop_order [] []
[2024-04-08 08:46:22] merlin-logger.WARNING: Failed to import "Order – November 1, 2020 @ 06:47 AM": Invalid post type shop_order [] []
[2024-04-08 08:46:22] merlin-logger.WARNING: Failed to import "Order – November 1, 2020 @ 09:20 AM": Invalid post type shop_order [] []
[2024-04-08 08:46:22] merlin-logger.WARNING: Failed to import "Order – November 5, 2020 @ 03:49 PM": Invalid post type shop_order [] []
[2024-04-08 08:46:22] merlin-logger.WARNING: Failed to import "Order – September 5, 2020 @ 12:15 PM": Invalid post type shop_order [] []
[2024-04-08 08:46:22] merlin-logger.WARNING: Failed to import "Order – September 5, 2020 @ 12:20 PM": Invalid post type shop_order [] []
[2024-04-08 08:46:22] merlin-logger.WARNING: Failed to import "Order – September 20, 2020 @ 04:35 AM": Invalid post type shop_order [] []
[2024-04-08 08:46:22] merlin-logger.WARNING: Failed to import "Order – September 29, 2020 @ 10:12 AM": Invalid post type shop_order [] []
[2024-04-08 08:46:22] merlin-logger.WARNING: Failed to import "Order – October 1, 2020 @ 07:06 PM": Invalid post type shop_order [] []
[2024-04-08 08:46:22] merlin-logger.WARNING: Failed to import "Order – October 3, 2020 @ 12:05 PM": Invalid post type shop_order [] []
[2024-04-08 08:46:22] merlin-logger.WARNING: Failed to import "Order – October 8, 2020 @ 02:29 PM": Invalid post type shop_order [] []
[2024-04-08 08:46:22] merlin-logger.WARNING: Failed to import "Order – October 9, 2020 @ 01:12 AM": Invalid post type shop_order [] []
[2024-04-08 08:46:22] merlin-logger.WARNING: Failed to import "Order – November 5, 2020 @ 04:32 PM": Invalid post type shop_order [] []
[2024-04-08 08:46:22] merlin-logger.WARNING: Failed to import "Order – November 23, 2020 @ 07:28 AM": Invalid post type shop_order [] []
[2024-04-08 08:46:22] merlin-logger.WARNING: Failed to import "Order – November 23, 2020 @ 03:02 PM": Invalid post type shop_order [] []
[2024-04-08 08:46:22] merlin-logger.WARNING: Failed to import "Order – December 11, 2020 @ 09:16 PM": Invalid post type shop_order [] []
[2024-04-08 08:46:22] merlin-logger.WARNING: Failed to import "Order – December 12, 2020 @ 07:38 PM": Invalid post type shop_order [] []
[2024-04-08 08:46:22] merlin-logger.WARNING: Failed to import "Order – December 15, 2020 @ 07:55 AM": Invalid post type shop_order [] []
[2024-04-08 08:46:22] merlin-logger.WARNING: Failed to import "Order – December 18, 2020 @ 01:37 AM": Invalid post type shop_order [] []
[2024-04-08 08:46:22] merlin-logger.WARNING: Failed to import "Order – January 9, 2021 @ 02:18 AM": Invalid post type shop_order [] []
[2024-04-08 08:46:22] merlin-logger.WARNING: Failed to import "Order – January 26, 2021 @ 08:00 PM": Invalid post type shop_order [] []
[2024-04-08 08:46:22] merlin-logger.WARNING: Failed to import "Order – January 28, 2021 @ 03:42 AM": Invalid post type shop_order [] []
[2024-04-08 08:46:22] merlin-logger.WARNING: Failed to import "Order – February 4, 2021 @ 06:59 AM": Invalid post type shop_order [] []
[2024-04-08 08:46:22] merlin-logger.WARNING: Failed to import "Order – February 4, 2021 @ 03:54 PM": Invalid post type shop_order [] []
[2024-04-08 08:46:22] merlin-logger.WARNING: Failed to import "Order – October 9, 2020 @ 02:12 PM": Invalid post type shop_order [] []
[2024-04-08 08:46:22] merlin-logger.WARNING: Failed to import "Order – October 13, 2020 @ 01:54 PM": Invalid post type shop_order [] []
[2024-04-08 08:46:22] merlin-logger.WARNING: Failed to import "Order – October 14, 2020 @ 09:12 AM": Invalid post type shop_order [] []
[2024-04-08 08:46:22] merlin-logger.WARNING: Failed to import "Order – October 14, 2020 @ 10:16 AM": Invalid post type shop_order [] []
[2024-04-08 08:46:22] merlin-logger.WARNING: Failed to import "Order – October 15, 2020 @ 12:52 AM": Invalid post type shop_order [] []
[2024-04-08 08:46:22] merlin-logger.WARNING: Failed to import "Order – October 24, 2020 @ 08:48 AM": Invalid post type shop_order [] []
[2024-04-08 08:46:22] merlin-logger.WARNING: Failed to import "Order – November 1, 2020 @ 06:44 AM": Invalid post type shop_order [] []
[2024-04-08 08:46:22] merlin-logger.WARNING: Failed to import "Order – November 4, 2020 @ 12:01 AM": Invalid post type shop_order [] []
[2024-04-08 08:46:22] merlin-logger.WARNING: Failed to import "Order – November 4, 2020 @ 11:04 AM": Invalid post type shop_order [] []
[2024-04-08 08:46:22] merlin-logger.WARNING: Failed to import "Order – November 7, 2020 @ 11:09 AM": Invalid post type shop_order [] []
[2024-04-08 08:46:22] merlin-logger.WARNING: Failed to import "Order – November 10, 2020 @ 01:32 AM": Invalid post type shop_order [] []
[2024-04-08 08:46:22] merlin-logger.WARNING: Failed to import "Order – November 11, 2020 @ 06:43 PM": Invalid post type shop_order [] []
[2024-04-08 08:46:22] merlin-logger.WARNING: Failed to import "Order – November 15, 2020 @ 02:19 AM": Invalid post type shop_order [] []
[2024-04-08 08:46:22] merlin-logger.WARNING: Failed to import "Order – November 15, 2020 @ 02:25 AM": Invalid post type shop_order [] []
[2024-04-08 08:46:22] merlin-logger.WARNING: Failed to import "Order – November 20, 2020 @ 12:58 PM": Invalid post type shop_order [] []
[2024-04-08 08:46:22] merlin-logger.WARNING: Failed to import "Order – November 27, 2020 @ 02:33 PM": Invalid post type shop_order [] []
[2024-04-08 08:46:22] merlin-logger.WARNING: Failed to import "Order – December 3, 2020 @ 09:09 AM": Invalid post type shop_order [] []
[2024-04-08 08:46:22] merlin-logger.WARNING: Failed to import "Order – December 4, 2020 @ 06:51 PM": Invalid post type shop_order [] []
[2024-04-08 08:46:22] merlin-logger.WARNING: Failed to import "Order – December 19, 2020 @ 03:18 AM": Invalid post type shop_order [] []
[2024-04-08 08:46:22] merlin-logger.WARNING: Failed to import "Order – December 24, 2020 @ 07:20 PM": Invalid post type shop_order [] []
[2024-04-08 08:46:22] merlin-logger.WARNING: Failed to import "Contact form 1": Invalid post type wpcf7_contact_form [] []
[2024-04-08 08:46:22] merlin-logger.WARNING: Failed to import "Header-v1": Invalid post type tbay_header [] []
[2024-04-08 08:46:22] merlin-logger.WARNING: Failed to import "Collection": Invalid post type tbay_megamenu [] []
[2024-04-08 08:46:22] merlin-logger.WARNING: Failed to import "Footer-1": Invalid post type tbay_footer [] []
[2024-04-08 08:46:22] merlin-logger.WARNING: Failed to import "Product": Invalid post type tbay_megamenu [] []
[2024-04-08 08:46:22] merlin-logger.WARNING: Failed to import "Elements": Invalid post type tbay_megamenu [] []
[2024-04-08 08:46:22] merlin-logger.WARNING: Failed to import "Blog": Invalid post type tbay_megamenu [] []
[2024-04-08 08:46:22] merlin-logger.WARNING: Failed to import "test": Invalid post type tbay_header [] []
[2024-04-08 08:46:22] merlin-logger.WARNING: Failed to import "Order – January 19, 2021 @ 11:38 AM": Invalid post type shop_order [] []
[2024-04-08 08:46:22] merlin-logger.WARNING: Failed to import "Order – January 20, 2021 @ 04:49 PM": Invalid post type shop_order [] []
[2024-04-08 08:46:22] merlin-logger.WARNING: Failed to import "Order – January 26, 2021 @ 08:31 AM": Invalid post type shop_order [] []
[2024-04-08 08:46:22] merlin-logger.WARNING: Failed to import "Order – January 26, 2021 @ 08:47 AM": Invalid post type shop_order [] []
[2024-04-08 08:46:22] merlin-logger.WARNING: Failed to import "Order – January 28, 2021 @ 03:46 AM": Invalid post type shop_order [] []
[2024-04-08 08:46:22] merlin-logger.WARNING: Failed to import "Order – February 3, 2021 @ 07:22 PM": Invalid post type shop_order [] []
[2024-04-08 08:46:22] merlin-logger.WARNING: Failed to import "Order – February 5, 2021 @ 06:11 PM": Invalid post type shop_order [] []
[2024-04-08 08:46:22] merlin-logger.WARNING: Failed to import "Order – February 15, 2021 @ 10:12 AM": Invalid post type shop_order [] []
[2024-04-08 08:46:22] merlin-logger.WARNING: Failed to import "Order – March 1, 2021 @ 08:44 AM": Invalid post type shop_order [] []
[2024-04-08 08:46:22] merlin-logger.WARNING: Failed to import "Order – March 2, 2021 @ 06:44 PM": Invalid post type shop_order [] []
[2024-04-08 08:46:22] merlin-logger.DEBUG: Running post-processing for post 7 [] []
[2024-04-08 08:46:22] merlin-logger.WARNING: Could not find the author for "woocommerce-placeholder" (post #7) [] []
[2024-04-08 08:46:22] merlin-logger.DEBUG: Post 7 was imported with author "bpadmin", but could not be found [] []
[2024-04-08 08:46:22] merlin-logger.DEBUG: Post 7 was marked for post-processing, but none was required. [] []
[2024-04-08 08:46:22] merlin-logger.DEBUG: Running post-processing for post 22 [] []
[2024-04-08 08:46:22] merlin-logger.WARNING: Could not find the author for "logo" (post #22) [] []
[2024-04-08 08:46:22] merlin-logger.DEBUG: Post 22 was imported with author "bpadmin", but could not be found [] []
[2024-04-08 08:46:22] merlin-logger.DEBUG: Post 22 was marked for post-processing, but none was required. [] []
[2024-04-08 08:46:22] merlin-logger.DEBUG: Running post-processing for post 25 [] []
[2024-04-08 08:46:22] merlin-logger.WARNING: Could not find the author for "slider-banner-03" (post #25) [] []
[2024-04-08 08:46:22] merlin-logger.DEBUG: Post 25 was imported with author "bpadmin", but could not be found [] []
[2024-04-08 08:46:22] merlin-logger.DEBUG: Post 25 was marked for post-processing, but none was required. [] []
[2024-04-08 08:46:22] merlin-logger.DEBUG: Running post-processing for post 28 [] []
[2024-04-08 08:46:22] merlin-logger.WARNING: Could not find the author for "banner-05" (post #28) [] []
[2024-04-08 08:46:22] merlin-logger.DEBUG: Post 28 was imported with author "bpadmin", but could not be found [] []
[2024-04-08 08:46:22] merlin-logger.DEBUG: Post 28 was marked for post-processing, but none was required. [] []
[2024-04-08 08:46:22] merlin-logger.DEBUG: Running post-processing for post 29 [] []
[2024-04-08 08:46:22] merlin-logger.WARNING: Could not find the author for "banner-01" (post #29) [] []
[2024-04-08 08:46:22] merlin-logger.DEBUG: Post 29 was imported with author "bpadmin", but could not be found [] []
[2024-04-08 08:46:22] merlin-logger.DEBUG: Post 29 was marked for post-processing, but none was required. [] []
[2024-04-08 08:46:22] merlin-logger.DEBUG: Running post-processing for post 30 [] []
[2024-04-08 08:46:22] merlin-logger.WARNING: Could not find the author for "banner-02" (post #30) [] []
[2024-04-08 08:46:22] merlin-logger.DEBUG: Post 30 was imported with author "bpadmin", but could not be found [] []
[2024-04-08 08:46:22] merlin-logger.DEBUG: Post 30 was marked for post-processing, but none was required. [] []
[2024-04-08 08:46:22] merlin-logger.DEBUG: Running post-processing for post 79 [] []
[2024-04-08 08:46:22] merlin-logger.WARNING: Could not find the author for "slider-bg-banner-01" (post #79) [] []
[2024-04-08 08:46:22] merlin-logger.DEBUG: Post 79 was imported with author "bpadmin", but could not be found [] []
[2024-04-08 08:46:22] merlin-logger.DEBUG: Post 79 was marked for post-processing, but none was required. [] []
[2024-04-08 08:46:22] merlin-logger.DEBUG: Running post-processing for post 80 [] []
[2024-04-08 08:46:22] merlin-logger.WARNING: Could not find the author for "slider-banner-01" (post #80) [] []
[2024-04-08 08:46:22] merlin-logger.DEBUG: Post 80 was imported with author "bpadmin", but could not be found [] []
[2024-04-08 08:46:22] merlin-logger.DEBUG: Post 80 was marked for post-processing, but none was required. [] []
[2024-04-08 08:46:22] merlin-logger.DEBUG: Running post-processing for post 81 [] []
[2024-04-08 08:46:22] merlin-logger.WARNING: Could not find the author for "slider-banner-02" (post #81) [] []
[2024-04-08 08:46:22] merlin-logger.DEBUG: Post 81 was imported with author "bpadmin", but could not be found [] []
[2024-04-08 08:46:22] merlin-logger.DEBUG: Post 81 was marked for post-processing, but none was required. [] []
[2024-04-08 08:46:22] merlin-logger.DEBUG: Running post-processing for post 83 [] []
[2024-04-08 08:46:22] merlin-logger.WARNING: Could not find the author for "blog_3" (post #83) [] []
[2024-04-08 08:46:22] merlin-logger.DEBUG: Post 83 was imported with author "bpadmin", but could not be found [] []
[2024-04-08 08:46:22] merlin-logger.DEBUG: Post 83 was marked for post-processing, but none was required. [] []
[2024-04-08 08:46:22] merlin-logger.DEBUG: Running post-processing for post 84 [] []
[2024-04-08 08:46:22] merlin-logger.WARNING: Could not find the author for "blog_4" (post #84) [] []
[2024-04-08 08:46:22] merlin-logger.DEBUG: Post 84 was imported with author "bpadmin", but could not be found [] []
[2024-04-08 08:46:22] merlin-logger.DEBUG: Post 84 was marked for post-processing, but none was required. [] []
[2024-04-08 08:46:22] merlin-logger.DEBUG: Running post-processing for post 85 [] []
[2024-04-08 08:46:22] merlin-logger.WARNING: Could not find the author for "blog_5" (post #85) [] []
[2024-04-08 08:46:22] merlin-logger.DEBUG: Post 85 was imported with author "bpadmin", but could not be found [] []
[2024-04-08 08:46:22] merlin-logger.DEBUG: Post 85 was marked for post-processing, but none was required. [] []
[2024-04-08 08:46:22] merlin-logger.DEBUG: Running post-processing for post 86 [] []
[2024-04-08 08:46:22] merlin-logger.WARNING: Could not find the author for "blog_6" (post #86) [] []
[2024-04-08 08:46:22] merlin-logger.DEBUG: Post 86 was imported with author "bpadmin", but could not be found [] []
[2024-04-08 08:46:22] merlin-logger.DEBUG: Post 86 was marked for post-processing, but none was required. [] []
[2024-04-08 08:46:22] merlin-logger.DEBUG: Running post-processing for post 87 [] []
[2024-04-08 08:46:22] merlin-logger.WARNING: Could not find the author for "blog_7" (post #87) [] []
[2024-04-08 08:46:22] merlin-logger.DEBUG: Post 87 was imported with author "bpadmin", but could not be found [] []
[2024-04-08 08:46:22] merlin-logger.DEBUG: Post 87 was marked for post-processing, but none was required. [] []
[2024-04-08 08:46:22] merlin-logger.DEBUG: Running post-processing for post 88 [] []
[2024-04-08 08:46:22] merlin-logger.WARNING: Could not find the author for "blog_8" (post #88) [] []
[2024-04-08 08:46:22] merlin-logger.DEBUG: Post 88 was imported with author "bpadmin", but could not be found [] []
[2024-04-08 08:46:22] merlin-logger.DEBUG: Post 88 was marked for post-processing, but none was required. [] []
[2024-04-08 08:46:22] merlin-logger.DEBUG: Running post-processing for post 89 [] []
[2024-04-08 08:46:22] merlin-logger.WARNING: Could not find the author for "blog_9" (post #89) [] []
[2024-04-08 08:46:22] merlin-logger.DEBUG: Post 89 was imported with author "bpadmin", but could not be found [] []
[2024-04-08 08:46:22] merlin-logger.DEBUG: Post 89 was marked for post-processing, but none was required. [] []
[2024-04-08 08:46:22] merlin-logger.DEBUG: Running post-processing for post 90 [] []
[2024-04-08 08:46:22] merlin-logger.WARNING: Could not find the author for "blog_10" (post #90) [] []
[2024-04-08 08:46:22] merlin-logger.DEBUG: Post 90 was imported with author "bpadmin", but could not be found [] []
[2024-04-08 08:46:22] merlin-logger.DEBUG: Post 90 was marked for post-processing, but none was required. [] []
[2024-04-08 08:46:22] merlin-logger.DEBUG: Running post-processing for post 91 [] []
[2024-04-08 08:46:22] merlin-logger.WARNING: Could not find the author for "blog_11" (post #91) [] []
[2024-04-08 08:46:22] merlin-logger.DEBUG: Post 91 was imported with author "bpadmin", but could not be found [] []
[2024-04-08 08:46:22] merlin-logger.DEBUG: Post 91 was marked for post-processing, but none was required. [] []
[2024-04-08 08:46:22] merlin-logger.DEBUG: Running post-processing for post 92 [] []
[2024-04-08 08:46:22] merlin-logger.WARNING: Could not find the author for "blog_12" (post #92) [] []
[2024-04-08 08:46:22] merlin-logger.DEBUG: Post 92 was imported with author "bpadmin", but could not be found [] []
[2024-04-08 08:46:22] merlin-logger.DEBUG: Post 92 was marked for post-processing, but none was required. [] []
[2024-04-08 08:46:22] merlin-logger.DEBUG: Running post-processing for post 93 [] []
[2024-04-08 08:46:22] merlin-logger.WARNING: Could not find the author for "blog_13" (post #93) [] []
[2024-04-08 08:46:22] merlin-logger.DEBUG: Post 93 was imported with author "bpadmin", but could not be found [] []
[2024-04-08 08:46:22] merlin-logger.DEBUG: Post 93 was marked for post-processing, but none was required. [] []
[2024-04-08 08:46:22] merlin-logger.DEBUG: Running post-processing for post 94 [] []
[2024-04-08 08:46:22] merlin-logger.WARNING: Could not find the author for "blog_14" (post #94) [] []
[2024-04-08 08:46:22] merlin-logger.DEBUG: Post 94 was imported with author "bpadmin", but could not be found [] []
[2024-04-08 08:46:22] merlin-logger.DEBUG: Post 94 was marked for post-processing, but none was required. [] []
[2024-04-08 08:46:22] merlin-logger.DEBUG: Running post-processing for post 95 [] []
[2024-04-08 08:46:22] merlin-logger.WARNING: Could not find the author for "blog_15" (post #95) [] []
[2024-04-08 08:46:22] merlin-logger.DEBUG: Post 95 was imported with author "bpadmin", but could not be found [] []
[2024-04-08 08:46:22] merlin-logger.DEBUG: Post 95 was marked for post-processing, but none was required. [] []
[2024-04-08 08:46:22] merlin-logger.DEBUG: Running post-processing for post 96 [] []
[2024-04-08 08:46:22] merlin-logger.WARNING: Could not find the author for "blog_16" (post #96) [] []
[2024-04-08 08:46:22] merlin-logger.DEBUG: Post 96 was imported with author "bpadmin", but could not be found [] []
[2024-04-08 08:46:22] merlin-logger.DEBUG: Post 96 was marked for post-processing, but none was required. [] []
[2024-04-08 08:46:22] merlin-logger.DEBUG: Running post-processing for post 97 [] []
[2024-04-08 08:46:22] merlin-logger.WARNING: Could not find the author for "blog_17" (post #97) [] []
[2024-04-08 08:46:22] merlin-logger.DEBUG: Post 97 was imported with author "bpadmin", but could not be found [] []
[2024-04-08 08:46:22] merlin-logger.DEBUG: Post 97 was marked for post-processing, but none was required. [] []
[2024-04-08 08:46:22] merlin-logger.DEBUG: Running post-processing for post 98 [] []
[2024-04-08 08:46:22] merlin-logger.WARNING: Could not find the author for "blog_18" (post #98) [] []
[2024-04-08 08:46:22] merlin-logger.DEBUG: Post 98 was imported with author "bpadmin", but could not be found [] []
[2024-04-08 08:46:22] merlin-logger.DEBUG: Post 98 was marked for post-processing, but none was required. [] []
[2024-04-08 08:46:22] merlin-logger.DEBUG: Running post-processing for post 99 [] []
[2024-04-08 08:46:22] merlin-logger.WARNING: Could not find the author for "blog_1" (post #99) [] []
[2024-04-08 08:46:22] merlin-logger.DEBUG: Post 99 was imported with author "bpadmin", but could not be found [] []
[2024-04-08 08:46:22] merlin-logger.DEBUG: Post 99 was marked for post-processing, but none was required. [] []
[2024-04-08 08:46:22] merlin-logger.DEBUG: Running post-processing for post 100 [] []
[2024-04-08 08:46:22] merlin-logger.WARNING: Could not find the author for "blog_2" (post #100) [] []
[2024-04-08 08:46:22] merlin-logger.DEBUG: Post 100 was imported with author "bpadmin", but could not be found [] []
[2024-04-08 08:46:22] merlin-logger.DEBUG: Post 100 was marked for post-processing, but none was required. [] []
[2024-04-08 08:46:22] merlin-logger.DEBUG: Running post-processing for post 176 [] []
[2024-04-08 08:46:22] merlin-logger.WARNING: Could not find the author for "singer-blog_1" (post #176) [] []
[2024-04-08 08:46:22] merlin-logger.DEBUG: Post 176 was imported with author "bpadmin", but could not be found [] []
[2024-04-08 08:46:22] merlin-logger.DEBUG: Post 176 was marked for post-processing, but none was required. [] []
[2024-04-08 08:46:22] merlin-logger.DEBUG: Running post-processing for post 177 [] []
[2024-04-08 08:46:22] merlin-logger.WARNING: Could not find the author for "singer-blog_2" (post #177) [] []
[2024-04-08 08:46:22] merlin-logger.DEBUG: Post 177 was imported with author "bpadmin", but could not be found [] []
[2024-04-08 08:46:22] merlin-logger.DEBUG: Post 177 was marked for post-processing, but none was required. [] []
[2024-04-08 08:46:22] merlin-logger.DEBUG: Running post-processing for post 246 [] []
[2024-04-08 08:46:22] merlin-logger.WARNING: Could not find the author for "favicon" (post #246) [] []
[2024-04-08 08:46:22] merlin-logger.DEBUG: Post 246 was imported with author "bpadmin", but could not be found [] []
[2024-04-08 08:46:22] merlin-logger.DEBUG: Post 246 was marked for post-processing, but none was required. [] []
[2024-04-08 08:46:22] merlin-logger.DEBUG: Running post-processing for post 254 [] []
[2024-04-08 08:46:22] merlin-logger.WARNING: Could not find the author for "home3_bg_slider" (post #254) [] []
[2024-04-08 08:46:22] merlin-logger.DEBUG: Post 254 was imported with author "bpadmin", but could not be found [] []
[2024-04-08 08:46:22] merlin-logger.DEBUG: Post 254 was marked for post-processing, but none was required. [] []
[2024-04-08 08:46:22] merlin-logger.DEBUG: Running post-processing for post 257 [] []
[2024-04-08 08:46:22] merlin-logger.WARNING: Could not find the author for "home3_slider_03" (post #257) [] []
[2024-04-08 08:46:22] merlin-logger.DEBUG: Post 257 was imported with author "bpadmin", but could not be found [] []
[2024-04-08 08:46:22] merlin-logger.DEBUG: Post 257 was marked for post-processing, but none was required. [] []
[2024-04-08 08:46:22] merlin-logger.DEBUG: Running post-processing for post 263 [] []
[2024-04-08 08:46:22] merlin-logger.WARNING: Could not find the author for "home3_slider_05" (post #263) [] []
[2024-04-08 08:46:22] merlin-logger.DEBUG: Post 263 was imported with author "bpadmin", but could not be found [] []
[2024-04-08 08:46:22] merlin-logger.DEBUG: Post 263 was marked for post-processing, but none was required. [] []
[2024-04-08 08:46:22] merlin-logger.DEBUG: Running post-processing for post 264 [] []
[2024-04-08 08:46:22] merlin-logger.WARNING: Could not find the author for "home3_slider_06" (post #264) [] []
[2024-04-08 08:46:22] merlin-logger.DEBUG: Post 264 was imported with author "bpadmin", but could not be found [] []
[2024-04-08 08:46:22] merlin-logger.DEBUG: Post 264 was marked for post-processing, but none was required. [] []
[2024-04-08 08:46:22] merlin-logger.DEBUG: Running post-processing for post 266 [] []
[2024-04-08 08:46:22] merlin-logger.WARNING: Could not find the author for "slider_home2_bg" (post #266) [] []
[2024-04-08 08:46:22] merlin-logger.DEBUG: Post 266 was imported with author "bpadmin", but could not be found [] []
[2024-04-08 08:46:22] merlin-logger.DEBUG: Post 266 was marked for post-processing, but none was required. [] []
[2024-04-08 08:46:22] merlin-logger.DEBUG: Running post-processing for post 372 [] []
[2024-04-08 08:46:22] merlin-logger.WARNING: Could not find the author for "banner-#3" (post #372) [] []
[2024-04-08 08:46:22] merlin-logger.DEBUG: Post 372 was imported with author "bpadmin", but could not be found [] []
[2024-04-08 08:46:22] merlin-logger.DEBUG: Post 372 was marked for post-processing, but none was required. [] []
[2024-04-08 08:46:22] merlin-logger.DEBUG: Running post-processing for post 374 [] []
[2024-04-08 08:46:22] merlin-logger.WARNING: Could not find the author for "slider-banner-03" (post #374) [] []
[2024-04-08 08:46:22] merlin-logger.DEBUG: Post 374 was imported with author "bpadmin", but could not be found [] []
[2024-04-08 08:46:22] merlin-logger.DEBUG: Post 374 was marked for post-processing, but none was required. [] []
[2024-04-08 08:46:22] merlin-logger.DEBUG: Running post-processing for post 396 [] []
[2024-04-08 08:46:22] merlin-logger.WARNING: Could not find the author for "product-img-03.jpg" (post #396) [] []
[2024-04-08 08:46:22] merlin-logger.DEBUG: Post 396 was imported with author "bpadmin", but could not be found [] []
[2024-04-08 08:46:22] merlin-logger.DEBUG: Post 396 was marked for post-processing, but none was required. [] []
[2024-04-08 08:46:22] merlin-logger.DEBUG: Running post-processing for post 397 [] []
[2024-04-08 08:46:22] merlin-logger.WARNING: Could not find the author for "product-img-04.jpg" (post #397) [] []
[2024-04-08 08:46:22] merlin-logger.DEBUG: Post 397 was imported with author "bpadmin", but could not be found [] []
[2024-04-08 08:46:22] merlin-logger.DEBUG: Post 397 was marked for post-processing, but none was required. [] []
[2024-04-08 08:46:22] merlin-logger.DEBUG: Running post-processing for post 488 [] []
[2024-04-08 08:46:22] merlin-logger.WARNING: Could not find the post parent for "payment" (post #488) [] []
[2024-04-08 08:46:22] merlin-logger.DEBUG: Post 488 was imported with parent 437, but could not be found [] []
[2024-04-08 08:46:22] merlin-logger.WARNING: Could not find the author for "payment" (post #488) [] []
[2024-04-08 08:46:22] merlin-logger.DEBUG: Post 488 was imported with author "bpadmin", but could not be found [] []
[2024-04-08 08:46:22] merlin-logger.DEBUG: Post 488 was marked for post-processing, but none was required. [] []
[2024-04-08 08:46:22] merlin-logger.DEBUG: Running post-processing for post 515 [] []
[2024-04-08 08:46:22] merlin-logger.WARNING: Could not find the author for "img-about-us-01" (post #515) [] []
[2024-04-08 08:46:22] merlin-logger.DEBUG: Post 515 was imported with author "bpadmin", but could not be found [] []
[2024-04-08 08:46:22] merlin-logger.DEBUG: Running post-processing for post 516 [] []
[2024-04-08 08:46:22] merlin-logger.WARNING: Could not find the author for "img-about-us-02" (post #516) [] []
[2024-04-08 08:46:22] merlin-logger.DEBUG: Post 516 was imported with author "bpadmin", but could not be found [] []
[2024-04-08 08:46:22] merlin-logger.DEBUG: Running post-processing for post 519 [] []
[2024-04-08 08:46:22] merlin-logger.WARNING: Could not find the author for "brand-01" (post #519) [] []
[2024-04-08 08:46:22] merlin-logger.DEBUG: Post 519 was imported with author "bpadmin", but could not be found [] []
[2024-04-08 08:46:22] merlin-logger.DEBUG: Running post-processing for post 520 [] []
[2024-04-08 08:46:22] merlin-logger.WARNING: Could not find the author for "brand-02" (post #520) [] []
[2024-04-08 08:46:22] merlin-logger.DEBUG: Post 520 was imported with author "bpadmin", but could not be found [] []
[2024-04-08 08:46:22] merlin-logger.DEBUG: Running post-processing for post 521 [] []
[2024-04-08 08:46:22] merlin-logger.WARNING: Could not find the author for "brand-03" (post #521) [] []
[2024-04-08 08:46:22] merlin-logger.DEBUG: Post 521 was imported with author "bpadmin", but could not be found [] []
[2024-04-08 08:46:22] merlin-logger.DEBUG: Running post-processing for post 522 [] []
[2024-04-08 08:46:22] merlin-logger.WARNING: Could not find the author for "brand-04" (post #522) [] []
[2024-04-08 08:46:22] merlin-logger.DEBUG: Post 522 was imported with author "bpadmin", but could not be found [] []
[2024-04-08 08:46:22] merlin-logger.DEBUG: Running post-processing for post 523 [] []
[2024-04-08 08:46:22] merlin-logger.WARNING: Could not find the author for "brand-05" (post #523) [] []
[2024-04-08 08:46:22] merlin-logger.DEBUG: Post 523 was imported with author "bpadmin", but could not be found [] []
[2024-04-08 08:46:22] merlin-logger.DEBUG: Running post-processing for post 524 [] []
[2024-04-08 08:46:22] merlin-logger.WARNING: Could not find the author for "brand-06" (post #524) [] []
[2024-04-08 08:46:22] merlin-logger.DEBUG: Post 524 was imported with author "bpadmin", but could not be found [] []
[2024-04-08 08:46:22] merlin-logger.DEBUG: Running post-processing for post 526 [] []
[2024-04-08 08:46:22] merlin-logger.WARNING: Could not find the author for "video-about-us" (post #526) [] []
[2024-04-08 08:46:22] merlin-logger.DEBUG: Post 526 was imported with author "bpadmin", but could not be found [] []
[2024-04-08 08:46:22] merlin-logger.DEBUG: Running post-processing for post 528 [] []
[2024-04-08 08:46:22] merlin-logger.WARNING: Could not find the author for "test-1" (post #528) [] []
[2024-04-08 08:46:22] merlin-logger.DEBUG: Post 528 was imported with author "bpadmin", but could not be found [] []
[2024-04-08 08:46:22] merlin-logger.DEBUG: Running post-processing for post 529 [] []
[2024-04-08 08:46:22] merlin-logger.WARNING: Could not find the author for "test-2" (post #529) [] []
[2024-04-08 08:46:22] merlin-logger.DEBUG: Post 529 was imported with author "bpadmin", but could not be found [] []
[2024-04-08 08:46:22] merlin-logger.DEBUG: Running post-processing for post 530 [] []
[2024-04-08 08:46:22] merlin-logger.WARNING: Could not find the author for "test-3" (post #530) [] []
[2024-04-08 08:46:22] merlin-logger.DEBUG: Post 530 was imported with author "bpadmin", but could not be found [] []
[2024-04-08 08:46:22] merlin-logger.DEBUG: Running post-processing for post 532 [] []
[2024-04-08 08:46:22] merlin-logger.WARNING: Could not find the author for "term-01" (post #532) [] []
[2024-04-08 08:46:22] merlin-logger.DEBUG: Post 532 was imported with author "bpadmin", but could not be found [] []
[2024-04-08 08:46:22] merlin-logger.DEBUG: Running post-processing for post 533 [] []
[2024-04-08 08:46:22] merlin-logger.WARNING: Could not find the author for "term-02" (post #533) [] []
[2024-04-08 08:46:22] merlin-logger.DEBUG: Post 533 was imported with author "bpadmin", but could not be found [] []
[2024-04-08 08:46:22] merlin-logger.DEBUG: Running post-processing for post 534 [] []
[2024-04-08 08:46:22] merlin-logger.WARNING: Could not find the author for "term-03" (post #534) [] []
[2024-04-08 08:46:22] merlin-logger.DEBUG: Post 534 was imported with author "bpadmin", but could not be found [] []
[2024-04-08 08:46:22] merlin-logger.DEBUG: Running post-processing for post 535 [] []
[2024-04-08 08:46:22] merlin-logger.WARNING: Could not find the author for "term-04" (post #535) [] []
[2024-04-08 08:46:22] merlin-logger.DEBUG: Post 535 was imported with author "bpadmin", but could not be found [] []
[2024-04-08 08:46:22] merlin-logger.DEBUG: Running post-processing for post 536 [] []
[2024-04-08 08:46:22] merlin-logger.WARNING: Could not find the author for "term-05" (post #536) [] []
[2024-04-08 08:46:22] merlin-logger.DEBUG: Post 536 was imported with author "bpadmin", but could not be found [] []
[2024-04-08 08:46:22] merlin-logger.DEBUG: Running post-processing for post 537 [] []
[2024-04-08 08:46:22] merlin-logger.WARNING: Could not find the author for "term-06" (post #537) [] []
[2024-04-08 08:46:22] merlin-logger.DEBUG: Post 537 was imported with author "bpadmin", but could not be found [] []
[2024-04-08 08:46:22] merlin-logger.DEBUG: Running post-processing for post 987 [] []
[2024-04-08 08:46:22] merlin-logger.WARNING: Could not find the author for "img-404" (post #987) [] []
[2024-04-08 08:46:22] merlin-logger.DEBUG: Post 987 was imported with author "bpadmin", but could not be found [] []
[2024-04-08 08:46:22] merlin-logger.DEBUG: Running post-processing for post 1030 [] []
[2024-04-08 08:46:22] merlin-logger.WARNING: Could not find the author for "image-breadcrumb" (post #1030) [] []
[2024-04-08 08:46:22] merlin-logger.DEBUG: Post 1030 was imported with author "bpadmin", but could not be found [] []
[2024-04-08 08:46:22] merlin-logger.DEBUG: Running post-processing for post 1051 [] []
[2024-04-08 08:46:22] merlin-logger.WARNING: Could not find the author for "img-contact-01" (post #1051) [] []
[2024-04-08 08:46:22] merlin-logger.DEBUG: Post 1051 was imported with author "bpadmin", but could not be found [] []
[2024-04-08 08:46:22] merlin-logger.DEBUG: Running post-processing for post 1052 [] []
[2024-04-08 08:46:22] merlin-logger.WARNING: Could not find the author for "img-contact-02" (post #1052) [] []
[2024-04-08 08:46:22] merlin-logger.DEBUG: Post 1052 was imported with author "bpadmin", but could not be found [] []
[2024-04-08 08:46:22] merlin-logger.DEBUG: Running post-processing for post 1053 [] []
[2024-04-08 08:46:22] merlin-logger.WARNING: Could not find the author for "img-contact-03" (post #1053) [] []
[2024-04-08 08:46:22] merlin-logger.DEBUG: Post 1053 was imported with author "bpadmin", but could not be found [] []
[2024-04-08 08:46:22] merlin-logger.DEBUG: Running post-processing for post 1054 [] []
[2024-04-08 08:46:22] merlin-logger.WARNING: Could not find the author for "img-contact-04" (post #1054) [] []
[2024-04-08 08:46:22] merlin-logger.DEBUG: Post 1054 was imported with author "bpadmin", but could not be found [] []
[2024-04-08 08:46:22] merlin-logger.DEBUG: Running post-processing for post 1061 [] []
[2024-04-08 08:46:22] merlin-logger.WARNING: Could not find the author for "img-faq" (post #1061) [] []
[2024-04-08 08:46:22] merlin-logger.DEBUG: Post 1061 was imported with author "bpadmin", but could not be found [] []
[2024-04-08 08:46:22] merlin-logger.DEBUG: Running post-processing for post 1075 [] []
[2024-04-08 08:46:22] merlin-logger.WARNING: Could not find the post parent for "product-01" (post #1075) [] []
[2024-04-08 08:46:22] merlin-logger.DEBUG: Post 1075 was imported with parent 767, but could not be found [] []
[2024-04-08 08:46:22] merlin-logger.WARNING: Could not find the author for "product-01" (post #1075) [] []
[2024-04-08 08:46:22] merlin-logger.DEBUG: Post 1075 was imported with author "bpadmin", but could not be found [] []
[2024-04-08 08:46:22] merlin-logger.DEBUG: Post 1075 was marked for post-processing, but none was required. [] []
[2024-04-08 08:46:22] merlin-logger.DEBUG: Running post-processing for post 1076 [] []
[2024-04-08 08:46:22] merlin-logger.WARNING: Could not find the post parent for "product-02" (post #1076) [] []
[2024-04-08 08:46:22] merlin-logger.DEBUG: Post 1076 was imported with parent 767, but could not be found [] []
[2024-04-08 08:46:22] merlin-logger.WARNING: Could not find the author for "product-02" (post #1076) [] []
[2024-04-08 08:46:22] merlin-logger.DEBUG: Post 1076 was imported with author "bpadmin", but could not be found [] []
[2024-04-08 08:46:22] merlin-logger.DEBUG: Post 1076 was marked for post-processing, but none was required. [] []
[2024-04-08 08:46:22] merlin-logger.DEBUG: Running post-processing for post 1077 [] []
[2024-04-08 08:46:22] merlin-logger.WARNING: Could not find the post parent for "product-03" (post #1077) [] []
[2024-04-08 08:46:22] merlin-logger.DEBUG: Post 1077 was imported with parent 767, but could not be found [] []
[2024-04-08 08:46:22] merlin-logger.WARNING: Could not find the author for "product-03" (post #1077) [] []
[2024-04-08 08:46:22] merlin-logger.DEBUG: Post 1077 was imported with author "bpadmin", but could not be found [] []
[2024-04-08 08:46:22] merlin-logger.DEBUG: Post 1077 was marked for post-processing, but none was required. [] []
[2024-04-08 08:46:22] merlin-logger.DEBUG: Running post-processing for post 1078 [] []
[2024-04-08 08:46:22] merlin-logger.WARNING: Could not find the post parent for "product-04" (post #1078) [] []
[2024-04-08 08:46:22] merlin-logger.DEBUG: Post 1078 was imported with parent 767, but could not be found [] []
[2024-04-08 08:46:22] merlin-logger.WARNING: Could not find the author for "product-04" (post #1078) [] []
[2024-04-08 08:46:22] merlin-logger.DEBUG: Post 1078 was imported with author "bpadmin", but could not be found [] []
[2024-04-08 08:46:22] merlin-logger.DEBUG: Post 1078 was marked for post-processing, but none was required. [] []
[2024-04-08 08:46:22] merlin-logger.DEBUG: Running post-processing for post 1079 [] []
[2024-04-08 08:46:22] merlin-logger.WARNING: Could not find the post parent for "product-05" (post #1079) [] []
[2024-04-08 08:46:22] merlin-logger.DEBUG: Post 1079 was imported with parent 766, but could not be found [] []
[2024-04-08 08:46:22] merlin-logger.WARNING: Could not find the author for "product-05" (post #1079) [] []
[2024-04-08 08:46:22] merlin-logger.DEBUG: Post 1079 was imported with author "bpadmin", but could not be found [] []
[2024-04-08 08:46:22] merlin-logger.DEBUG: Post 1079 was marked for post-processing, but none was required. [] []
[2024-04-08 08:46:22] merlin-logger.DEBUG: Running post-processing for post 1080 [] []
[2024-04-08 08:46:22] merlin-logger.WARNING: Could not find the post parent for "product-06" (post #1080) [] []
[2024-04-08 08:46:22] merlin-logger.DEBUG: Post 1080 was imported with parent 766, but could not be found [] []
[2024-04-08 08:46:22] merlin-logger.WARNING: Could not find the author for "product-06" (post #1080) [] []
[2024-04-08 08:46:22] merlin-logger.DEBUG: Post 1080 was imported with author "bpadmin", but could not be found [] []
[2024-04-08 08:46:22] merlin-logger.DEBUG: Post 1080 was marked for post-processing, but none was required. [] []
[2024-04-08 08:46:22] merlin-logger.DEBUG: Running post-processing for post 1081 [] []
[2024-04-08 08:46:22] merlin-logger.WARNING: Could not find the post parent for "product-07" (post #1081) [] []
[2024-04-08 08:46:22] merlin-logger.DEBUG: Post 1081 was imported with parent 766, but could not be found [] []
[2024-04-08 08:46:22] merlin-logger.WARNING: Could not find the author for "product-07" (post #1081) [] []
[2024-04-08 08:46:22] merlin-logger.DEBUG: Post 1081 was imported with author "bpadmin", but could not be found [] []
[2024-04-08 08:46:22] merlin-logger.DEBUG: Post 1081 was marked for post-processing, but none was required. [] []
[2024-04-08 08:46:22] merlin-logger.DEBUG: Running post-processing for post 1084 [] []
[2024-04-08 08:46:22] merlin-logger.WARNING: Could not find the post parent for "product-09" (post #1084) [] []
[2024-04-08 08:46:22] merlin-logger.DEBUG: Post 1084 was imported with parent 766, but could not be found [] []
[2024-04-08 08:46:22] merlin-logger.WARNING: Could not find the author for "product-09" (post #1084) [] []
[2024-04-08 08:46:22] merlin-logger.DEBUG: Post 1084 was imported with author "bpadmin", but could not be found [] []
[2024-04-08 08:46:22] merlin-logger.DEBUG: Post 1084 was marked for post-processing, but none was required. [] []
[2024-04-08 08:46:22] merlin-logger.DEBUG: Running post-processing for post 1085 [] []
[2024-04-08 08:46:22] merlin-logger.WARNING: Could not find the post parent for "product-10" (post #1085) [] []
[2024-04-08 08:46:22] merlin-logger.DEBUG: Post 1085 was imported with parent 765, but could not be found [] []
[2024-04-08 08:46:22] merlin-logger.WARNING: Could not find the author for "product-10" (post #1085) [] []
[2024-04-08 08:46:22] merlin-logger.DEBUG: Post 1085 was imported with author "bpadmin", but could not be found [] []
[2024-04-08 08:46:22] merlin-logger.DEBUG: Post 1085 was marked for post-processing, but none was required. [] []
[2024-04-08 08:46:22] merlin-logger.DEBUG: Running post-processing for post 1086 [] []
[2024-04-08 08:46:22] merlin-logger.WARNING: Could not find the post parent for "product-11" (post #1086) [] []
[2024-04-08 08:46:22] merlin-logger.DEBUG: Post 1086 was imported with parent 765, but could not be found [] []
[2024-04-08 08:46:22] merlin-logger.WARNING: Could not find the author for "product-11" (post #1086) [] []
[2024-04-08 08:46:22] merlin-logger.DEBUG: Post 1086 was imported with author "bpadmin", but could not be found [] []
[2024-04-08 08:46:22] merlin-logger.DEBUG: Post 1086 was marked for post-processing, but none was required. [] []
[2024-04-08 08:46:22] merlin-logger.DEBUG: Running post-processing for post 1088 [] []
[2024-04-08 08:46:22] merlin-logger.WARNING: Could not find the post parent for "product-12" (post #1088) [] []
[2024-04-08 08:46:22] merlin-logger.DEBUG: Post 1088 was imported with parent 764, but could not be found [] []
[2024-04-08 08:46:22] merlin-logger.WARNING: Could not find the author for "product-12" (post #1088) [] []
[2024-04-08 08:46:22] merlin-logger.DEBUG: Post 1088 was imported with author "bpadmin", but could not be found [] []
[2024-04-08 08:46:22] merlin-logger.DEBUG: Post 1088 was marked for post-processing, but none was required. [] []
[2024-04-08 08:46:22] merlin-logger.DEBUG: Running post-processing for post 1089 [] []
[2024-04-08 08:46:22] merlin-logger.WARNING: Could not find the post parent for "product-13" (post #1089) [] []
[2024-04-08 08:46:22] merlin-logger.DEBUG: Post 1089 was imported with parent 763, but could not be found [] []
[2024-04-08 08:46:22] merlin-logger.WARNING: Could not find the author for "product-13" (post #1089) [] []
[2024-04-08 08:46:22] merlin-logger.DEBUG: Post 1089 was imported with author "bpadmin", but could not be found [] []
[2024-04-08 08:46:22] merlin-logger.DEBUG: Post 1089 was marked for post-processing, but none was required. [] []
[2024-04-08 08:46:22] merlin-logger.DEBUG: Running post-processing for post 1090 [] []
[2024-04-08 08:46:22] merlin-logger.WARNING: Could not find the post parent for "product-14" (post #1090) [] []
[2024-04-08 08:46:22] merlin-logger.DEBUG: Post 1090 was imported with parent 763, but could not be found [] []
[2024-04-08 08:46:22] merlin-logger.WARNING: Could not find the author for "product-14" (post #1090) [] []
[2024-04-08 08:46:22] merlin-logger.DEBUG: Post 1090 was imported with author "bpadmin", but could not be found [] []
[2024-04-08 08:46:22] merlin-logger.DEBUG: Post 1090 was marked for post-processing, but none was required. [] []
[2024-04-08 08:46:22] merlin-logger.DEBUG: Running post-processing for post 1091 [] []
[2024-04-08 08:46:22] merlin-logger.WARNING: Could not find the post parent for "product-15" (post #1091) [] []
[2024-04-08 08:46:22] merlin-logger.DEBUG: Post 1091 was imported with parent 763, but could not be found [] []
[2024-04-08 08:46:22] merlin-logger.WARNING: Could not find the author for "product-15" (post #1091) [] []
[2024-04-08 08:46:22] merlin-logger.DEBUG: Post 1091 was imported with author "bpadmin", but could not be found [] []
[2024-04-08 08:46:22] merlin-logger.DEBUG: Post 1091 was marked for post-processing, but none was required. [] []
[2024-04-08 08:46:22] merlin-logger.DEBUG: Running post-processing for post 1092 [] []
[2024-04-08 08:46:22] merlin-logger.WARNING: Could not find the post parent for "product-16" (post #1092) [] []
[2024-04-08 08:46:22] merlin-logger.DEBUG: Post 1092 was imported with parent 763, but could not be found [] []
[2024-04-08 08:46:22] merlin-logger.WARNING: Could not find the author for "product-16" (post #1092) [] []
[2024-04-08 08:46:22] merlin-logger.DEBUG: Post 1092 was imported with author "bpadmin", but could not be found [] []
[2024-04-08 08:46:22] merlin-logger.DEBUG: Post 1092 was marked for post-processing, but none was required. [] []
[2024-04-08 08:46:22] merlin-logger.DEBUG: Running post-processing for post 1093 [] []
[2024-04-08 08:46:22] merlin-logger.WARNING: Could not find the post parent for "product-17" (post #1093) [] []
[2024-04-08 08:46:22] merlin-logger.DEBUG: Post 1093 was imported with parent 754, but could not be found [] []
[2024-04-08 08:46:22] merlin-logger.WARNING: Could not find the author for "product-17" (post #1093) [] []
[2024-04-08 08:46:22] merlin-logger.DEBUG: Post 1093 was imported with author "bpadmin", but could not be found [] []
[2024-04-08 08:46:22] merlin-logger.DEBUG: Post 1093 was marked for post-processing, but none was required. [] []
[2024-04-08 08:46:22] merlin-logger.DEBUG: Running post-processing for post 1094 [] []
[2024-04-08 08:46:22] merlin-logger.WARNING: Could not find the post parent for "product-18" (post #1094) [] []
[2024-04-08 08:46:22] merlin-logger.DEBUG: Post 1094 was imported with parent 754, but could not be found [] []
[2024-04-08 08:46:22] merlin-logger.WARNING: Could not find the author for "product-18" (post #1094) [] []
[2024-04-08 08:46:22] merlin-logger.DEBUG: Post 1094 was imported with author "bpadmin", but could not be found [] []
[2024-04-08 08:46:22] merlin-logger.DEBUG: Post 1094 was marked for post-processing, but none was required. [] []
[2024-04-08 08:46:22] merlin-logger.DEBUG: Running post-processing for post 1095 [] []
[2024-04-08 08:46:22] merlin-logger.WARNING: Could not find the post parent for "product-19" (post #1095) [] []
[2024-04-08 08:46:22] merlin-logger.DEBUG: Post 1095 was imported with parent 754, but could not be found [] []
[2024-04-08 08:46:22] merlin-logger.WARNING: Could not find the author for "product-19" (post #1095) [] []
[2024-04-08 08:46:22] merlin-logger.DEBUG: Post 1095 was imported with author "bpadmin", but could not be found [] []
[2024-04-08 08:46:22] merlin-logger.DEBUG: Post 1095 was marked for post-processing, but none was required. [] []
[2024-04-08 08:46:22] merlin-logger.DEBUG: Running post-processing for post 1096 [] []
[2024-04-08 08:46:22] merlin-logger.WARNING: Could not find the post parent for "product-20" (post #1096) [] []
[2024-04-08 08:46:22] merlin-logger.DEBUG: Post 1096 was imported with parent 754, but could not be found [] []
[2024-04-08 08:46:22] merlin-logger.WARNING: Could not find the author for "product-20" (post #1096) [] []
[2024-04-08 08:46:22] merlin-logger.DEBUG: Post 1096 was imported with author "bpadmin", but could not be found [] []
[2024-04-08 08:46:22] merlin-logger.DEBUG: Post 1096 was marked for post-processing, but none was required. [] []
[2024-04-08 08:46:22] merlin-logger.DEBUG: Running post-processing for post 1097 [] []
[2024-04-08 08:46:22] merlin-logger.WARNING: Could not find the post parent for "product-21" (post #1097) [] []
[2024-04-08 08:46:22] merlin-logger.DEBUG: Post 1097 was imported with parent 754, but could not be found [] []
[2024-04-08 08:46:22] merlin-logger.WARNING: Could not find the author for "product-21" (post #1097) [] []
[2024-04-08 08:46:22] merlin-logger.DEBUG: Post 1097 was imported with author "bpadmin", but could not be found [] []
[2024-04-08 08:46:22] merlin-logger.DEBUG: Post 1097 was marked for post-processing, but none was required. [] []
[2024-04-08 08:46:22] merlin-logger.DEBUG: Running post-processing for post 1098 [] []
[2024-04-08 08:46:22] merlin-logger.WARNING: Could not find the post parent for "product-22" (post #1098) [] []
[2024-04-08 08:46:22] merlin-logger.DEBUG: Post 1098 was imported with parent 754, but could not be found [] []
[2024-04-08 08:46:22] merlin-logger.WARNING: Could not find the author for "product-22" (post #1098) [] []
[2024-04-08 08:46:22] merlin-logger.DEBUG: Post 1098 was imported with author "bpadmin", but could not be found [] []
[2024-04-08 08:46:22] merlin-logger.DEBUG: Post 1098 was marked for post-processing, but none was required. [] []
[2024-04-08 08:46:22] merlin-logger.DEBUG: Running post-processing for post 1101 [] []
[2024-04-08 08:46:22] merlin-logger.WARNING: Could not find the post parent for "product-23" (post #1101) [] []
[2024-04-08 08:46:22] merlin-logger.DEBUG: Post 1101 was imported with parent 742, but could not be found [] []
[2024-04-08 08:46:22] merlin-logger.WARNING: Could not find the author for "product-23" (post #1101) [] []
[2024-04-08 08:46:22] merlin-logger.DEBUG: Post 1101 was imported with author "bpadmin", but could not be found [] []
[2024-04-08 08:46:22] merlin-logger.DEBUG: Post 1101 was marked for post-processing, but none was required. [] []
[2024-04-08 08:46:22] merlin-logger.DEBUG: Running post-processing for post 1102 [] []
[2024-04-08 08:46:22] merlin-logger.WARNING: Could not find the post parent for "product-24" (post #1102) [] []
[2024-04-08 08:46:22] merlin-logger.DEBUG: Post 1102 was imported with parent 742, but could not be found [] []
[2024-04-08 08:46:22] merlin-logger.WARNING: Could not find the author for "product-24" (post #1102) [] []
[2024-04-08 08:46:22] merlin-logger.DEBUG: Post 1102 was imported with author "bpadmin", but could not be found [] []
[2024-04-08 08:46:22] merlin-logger.DEBUG: Post 1102 was marked for post-processing, but none was required. [] []
[2024-04-08 08:46:22] merlin-logger.DEBUG: Running post-processing for post 1103 [] []
[2024-04-08 08:46:22] merlin-logger.WARNING: Could not find the post parent for "product-25" (post #1103) [] []
[2024-04-08 08:46:22] merlin-logger.DEBUG: Post 1103 was imported with parent 742, but could not be found [] []
[2024-04-08 08:46:22] merlin-logger.WARNING: Could not find the author for "product-25" (post #1103) [] []
[2024-04-08 08:46:22] merlin-logger.DEBUG: Post 1103 was imported with author "bpadmin", but could not be found [] []
[2024-04-08 08:46:22] merlin-logger.DEBUG: Post 1103 was marked for post-processing, but none was required. [] []
[2024-04-08 08:46:22] merlin-logger.DEBUG: Running post-processing for post 1104 [] []
[2024-04-08 08:46:22] merlin-logger.WARNING: Could not find the post parent for "product-26" (post #1104) [] []
[2024-04-08 08:46:22] merlin-logger.DEBUG: Post 1104 was imported with parent 742, but could not be found [] []
[2024-04-08 08:46:22] merlin-logger.WARNING: Could not find the author for "product-26" (post #1104) [] []
[2024-04-08 08:46:22] merlin-logger.DEBUG: Post 1104 was imported with author "bpadmin", but could not be found [] []
[2024-04-08 08:46:22] merlin-logger.DEBUG: Post 1104 was marked for post-processing, but none was required. [] []
[2024-04-08 08:46:22] merlin-logger.DEBUG: Running post-processing for post 1105 [] []
[2024-04-08 08:46:22] merlin-logger.WARNING: Could not find the post parent for "product-27" (post #1105) [] []
[2024-04-08 08:46:22] merlin-logger.DEBUG: Post 1105 was imported with parent 742, but could not be found [] []
[2024-04-08 08:46:22] merlin-logger.WARNING: Could not find the author for "product-27" (post #1105) [] []
[2024-04-08 08:46:22] merlin-logger.DEBUG: Post 1105 was imported with author "bpadmin", but could not be found [] []
[2024-04-08 08:46:22] merlin-logger.DEBUG: Post 1105 was marked for post-processing, but none was required. [] []
[2024-04-08 08:46:22] merlin-logger.DEBUG: Running post-processing for post 1106 [] []
[2024-04-08 08:46:22] merlin-logger.WARNING: Could not find the post parent for "product-28" (post #1106) [] []
[2024-04-08 08:46:22] merlin-logger.DEBUG: Post 1106 was imported with parent 742, but could not be found [] []
[2024-04-08 08:46:22] merlin-logger.WARNING: Could not find the author for "product-28" (post #1106) [] []
[2024-04-08 08:46:22] merlin-logger.DEBUG: Post 1106 was imported with author "bpadmin", but could not be found [] []
[2024-04-08 08:46:22] merlin-logger.DEBUG: Post 1106 was marked for post-processing, but none was required. [] []
[2024-04-08 08:46:22] merlin-logger.DEBUG: Running post-processing for post 1107 [] []
[2024-04-08 08:46:22] merlin-logger.WARNING: Could not find the post parent for "product-29" (post #1107) [] []
[2024-04-08 08:46:22] merlin-logger.DEBUG: Post 1107 was imported with parent 742, but could not be found [] []
[2024-04-08 08:46:22] merlin-logger.WARNING: Could not find the author for "product-29" (post #1107) [] []
[2024-04-08 08:46:22] merlin-logger.DEBUG: Post 1107 was imported with author "bpadmin", but could not be found [] []
[2024-04-08 08:46:22] merlin-logger.DEBUG: Post 1107 was marked for post-processing, but none was required. [] []
[2024-04-08 08:46:22] merlin-logger.DEBUG: Running post-processing for post 1108 [] []
[2024-04-08 08:46:22] merlin-logger.WARNING: Could not find the post parent for "product-30" (post #1108) [] []
[2024-04-08 08:46:22] merlin-logger.DEBUG: Post 1108 was imported with parent 742, but could not be found [] []
[2024-04-08 08:46:22] merlin-logger.WARNING: Could not find the author for "product-30" (post #1108) [] []
[2024-04-08 08:46:22] merlin-logger.DEBUG: Post 1108 was imported with author "bpadmin", but could not be found [] []
[2024-04-08 08:46:22] merlin-logger.DEBUG: Post 1108 was marked for post-processing, but none was required. [] []
[2024-04-08 08:46:22] merlin-logger.DEBUG: Running post-processing for post 1117 [] []
[2024-04-08 08:46:22] merlin-logger.WARNING: Could not find the post parent for "product-31" (post #1117) [] []
[2024-04-08 08:46:22] merlin-logger.DEBUG: Post 1117 was imported with parent 727, but could not be found [] []
[2024-04-08 08:46:22] merlin-logger.WARNING: Could not find the author for "product-31" (post #1117) [] []
[2024-04-08 08:46:22] merlin-logger.DEBUG: Post 1117 was imported with author "bpadmin", but could not be found [] []
[2024-04-08 08:46:22] merlin-logger.DEBUG: Post 1117 was marked for post-processing, but none was required. [] []
[2024-04-08 08:46:22] merlin-logger.DEBUG: Running post-processing for post 1118 [] []
[2024-04-08 08:46:22] merlin-logger.WARNING: Could not find the post parent for "product-32" (post #1118) [] []
[2024-04-08 08:46:22] merlin-logger.DEBUG: Post 1118 was imported with parent 727, but could not be found [] []
[2024-04-08 08:46:22] merlin-logger.WARNING: Could not find the author for "product-32" (post #1118) [] []
[2024-04-08 08:46:22] merlin-logger.DEBUG: Post 1118 was imported with author "bpadmin", but could not be found [] []
[2024-04-08 08:46:22] merlin-logger.DEBUG: Post 1118 was marked for post-processing, but none was required. [] []
[2024-04-08 08:46:22] merlin-logger.DEBUG: Running post-processing for post 1119 [] []
[2024-04-08 08:46:22] merlin-logger.WARNING: Could not find the post parent for "product-33" (post #1119) [] []
[2024-04-08 08:46:22] merlin-logger.DEBUG: Post 1119 was imported with parent 727, but could not be found [] []
[2024-04-08 08:46:22] merlin-logger.WARNING: Could not find the author for "product-33" (post #1119) [] []
[2024-04-08 08:46:22] merlin-logger.DEBUG: Post 1119 was imported with author "bpadmin", but could not be found [] []
[2024-04-08 08:46:22] merlin-logger.DEBUG: Post 1119 was marked for post-processing, but none was required. [] []
[2024-04-08 08:46:22] merlin-logger.DEBUG: Running post-processing for post 1120 [] []
[2024-04-08 08:46:22] merlin-logger.WARNING: Could not find the post parent for "product-34" (post #1120) [] []
[2024-04-08 08:46:22] merlin-logger.DEBUG: Post 1120 was imported with parent 727, but could not be found [] []
[2024-04-08 08:46:22] merlin-logger.WARNING: Could not find the author for "product-34" (post #1120) [] []
[2024-04-08 08:46:22] merlin-logger.DEBUG: Post 1120 was imported with author "bpadmin", but could not be found [] []
[2024-04-08 08:46:22] merlin-logger.DEBUG: Post 1120 was marked for post-processing, but none was required. [] []
[2024-04-08 08:46:22] merlin-logger.DEBUG: Running post-processing for post 1121 [] []
[2024-04-08 08:46:22] merlin-logger.WARNING: Could not find the post parent for "product-35" (post #1121) [] []
[2024-04-08 08:46:22] merlin-logger.DEBUG: Post 1121 was imported with parent 727, but could not be found [] []
[2024-04-08 08:46:22] merlin-logger.WARNING: Could not find the author for "product-35" (post #1121) [] []
[2024-04-08 08:46:22] merlin-logger.DEBUG: Post 1121 was imported with author "bpadmin", but could not be found [] []
[2024-04-08 08:46:22] merlin-logger.DEBUG: Post 1121 was marked for post-processing, but none was required. [] []
[2024-04-08 08:46:22] merlin-logger.DEBUG: Running post-processing for post 1122 [] []
[2024-04-08 08:46:22] merlin-logger.WARNING: Could not find the post parent for "product-36" (post #1122) [] []
[2024-04-08 08:46:22] merlin-logger.DEBUG: Post 1122 was imported with parent 727, but could not be found [] []
[2024-04-08 08:46:22] merlin-logger.WARNING: Could not find the author for "product-36" (post #1122) [] []
[2024-04-08 08:46:22] merlin-logger.DEBUG: Post 1122 was imported with author "bpadmin", but could not be found [] []
[2024-04-08 08:46:22] merlin-logger.DEBUG: Post 1122 was marked for post-processing, but none was required. [] []
[2024-04-08 08:46:22] merlin-logger.DEBUG: Running post-processing for post 1123 [] []
[2024-04-08 08:46:22] merlin-logger.WARNING: Could not find the post parent for "product-37" (post #1123) [] []
[2024-04-08 08:46:22] merlin-logger.DEBUG: Post 1123 was imported with parent 727, but could not be found [] []
[2024-04-08 08:46:22] merlin-logger.WARNING: Could not find the author for "product-37" (post #1123) [] []
[2024-04-08 08:46:22] merlin-logger.DEBUG: Post 1123 was imported with author "bpadmin", but could not be found [] []
[2024-04-08 08:46:22] merlin-logger.DEBUG: Post 1123 was marked for post-processing, but none was required. [] []
[2024-04-08 08:46:22] merlin-logger.DEBUG: Running post-processing for post 1124 [] []
[2024-04-08 08:46:22] merlin-logger.WARNING: Could not find the post parent for "product-38" (post #1124) [] []
[2024-04-08 08:46:22] merlin-logger.DEBUG: Post 1124 was imported with parent 727, but could not be found [] []
[2024-04-08 08:46:22] merlin-logger.WARNING: Could not find the author for "product-38" (post #1124) [] []
[2024-04-08 08:46:22] merlin-logger.DEBUG: Post 1124 was imported with author "bpadmin", but could not be found [] []
[2024-04-08 08:46:22] merlin-logger.DEBUG: Post 1124 was marked for post-processing, but none was required. [] []
[2024-04-08 08:46:22] merlin-logger.DEBUG: Running post-processing for post 1125 [] []
[2024-04-08 08:46:22] merlin-logger.WARNING: Could not find the post parent for "product-39" (post #1125) [] []
[2024-04-08 08:46:22] merlin-logger.DEBUG: Post 1125 was imported with parent 727, but could not be found [] []
[2024-04-08 08:46:22] merlin-logger.WARNING: Could not find the author for "product-39" (post #1125) [] []
[2024-04-08 08:46:22] merlin-logger.DEBUG: Post 1125 was imported with author "bpadmin", but could not be found [] []
[2024-04-08 08:46:22] merlin-logger.DEBUG: Post 1125 was marked for post-processing, but none was required. [] []
[2024-04-08 08:46:22] merlin-logger.DEBUG: Running post-processing for post 1126 [] []
[2024-04-08 08:46:22] merlin-logger.WARNING: Could not find the post parent for "product-40" (post #1126) [] []
[2024-04-08 08:46:22] merlin-logger.DEBUG: Post 1126 was imported with parent 727, but could not be found [] []
[2024-04-08 08:46:22] merlin-logger.WARNING: Could not find the author for "product-40" (post #1126) [] []
[2024-04-08 08:46:22] merlin-logger.DEBUG: Post 1126 was imported with author "bpadmin", but could not be found [] []
[2024-04-08 08:46:22] merlin-logger.DEBUG: Post 1126 was marked for post-processing, but none was required. [] []
[2024-04-08 08:46:22] merlin-logger.DEBUG: Running post-processing for post 1127 [] []
[2024-04-08 08:46:22] merlin-logger.WARNING: Could not find the post parent for "product-41" (post #1127) [] []
[2024-04-08 08:46:22] merlin-logger.DEBUG: Post 1127 was imported with parent 727, but could not be found [] []
[2024-04-08 08:46:22] merlin-logger.WARNING: Could not find the author for "product-41" (post #1127) [] []
[2024-04-08 08:46:22] merlin-logger.DEBUG: Post 1127 was imported with author "bpadmin", but could not be found [] []
[2024-04-08 08:46:22] merlin-logger.DEBUG: Post 1127 was marked for post-processing, but none was required. [] []
[2024-04-08 08:46:22] merlin-logger.DEBUG: Running post-processing for post 1128 [] []
[2024-04-08 08:46:22] merlin-logger.WARNING: Could not find the post parent for "product-42" (post #1128) [] []
[2024-04-08 08:46:22] merlin-logger.DEBUG: Post 1128 was imported with parent 727, but could not be found [] []
[2024-04-08 08:46:22] merlin-logger.WARNING: Could not find the author for "product-42" (post #1128) [] []
[2024-04-08 08:46:22] merlin-logger.DEBUG: Post 1128 was imported with author "bpadmin", but could not be found [] []
[2024-04-08 08:46:22] merlin-logger.DEBUG: Post 1128 was marked for post-processing, but none was required. [] []
[2024-04-08 08:46:22] merlin-logger.DEBUG: Running post-processing for post 1129 [] []
[2024-04-08 08:46:22] merlin-logger.WARNING: Could not find the post parent for "product-43" (post #1129) [] []
[2024-04-08 08:46:22] merlin-logger.DEBUG: Post 1129 was imported with parent 727, but could not be found [] []
[2024-04-08 08:46:22] merlin-logger.WARNING: Could not find the author for "product-43" (post #1129) [] []
[2024-04-08 08:46:22] merlin-logger.DEBUG: Post 1129 was imported with author "bpadmin", but could not be found [] []
[2024-04-08 08:46:22] merlin-logger.DEBUG: Post 1129 was marked for post-processing, but none was required. [] []
[2024-04-08 08:46:22] merlin-logger.DEBUG: Running post-processing for post 1130 [] []
[2024-04-08 08:46:22] merlin-logger.WARNING: Could not find the post parent for "product-44" (post #1130) [] []
[2024-04-08 08:46:22] merlin-logger.DEBUG: Post 1130 was imported with parent 727, but could not be found [] []
[2024-04-08 08:46:22] merlin-logger.WARNING: Could not find the author for "product-44" (post #1130) [] []
[2024-04-08 08:46:22] merlin-logger.DEBUG: Post 1130 was imported with author "bpadmin", but could not be found [] []
[2024-04-08 08:46:22] merlin-logger.DEBUG: Post 1130 was marked for post-processing, but none was required. [] []
[2024-04-08 08:46:22] merlin-logger.DEBUG: Running post-processing for post 1140 [] []
[2024-04-08 08:46:22] merlin-logger.WARNING: Could not find the post parent for "product-45" (post #1140) [] []
[2024-04-08 08:46:22] merlin-logger.DEBUG: Post 1140 was imported with parent 714, but could not be found [] []
[2024-04-08 08:46:22] merlin-logger.WARNING: Could not find the author for "product-45" (post #1140) [] []
[2024-04-08 08:46:22] merlin-logger.DEBUG: Post 1140 was imported with author "bpadmin", but could not be found [] []
[2024-04-08 08:46:22] merlin-logger.DEBUG: Post 1140 was marked for post-processing, but none was required. [] []
[2024-04-08 08:46:22] merlin-logger.DEBUG: Running post-processing for post 1141 [] []
[2024-04-08 08:46:22] merlin-logger.WARNING: Could not find the post parent for "product-46" (post #1141) [] []
[2024-04-08 08:46:22] merlin-logger.DEBUG: Post 1141 was imported with parent 714, but could not be found [] []
[2024-04-08 08:46:22] merlin-logger.WARNING: Could not find the author for "product-46" (post #1141) [] []
[2024-04-08 08:46:22] merlin-logger.DEBUG: Post 1141 was imported with author "bpadmin", but could not be found [] []
[2024-04-08 08:46:22] merlin-logger.DEBUG: Post 1141 was marked for post-processing, but none was required. [] []
[2024-04-08 08:46:22] merlin-logger.DEBUG: Running post-processing for post 1142 [] []
[2024-04-08 08:46:22] merlin-logger.WARNING: Could not find the post parent for "product-47" (post #1142) [] []
[2024-04-08 08:46:22] merlin-logger.DEBUG: Post 1142 was imported with parent 714, but could not be found [] []
[2024-04-08 08:46:22] merlin-logger.WARNING: Could not find the author for "product-47" (post #1142) [] []
[2024-04-08 08:46:22] merlin-logger.DEBUG: Post 1142 was imported with author "bpadmin", but could not be found [] []
[2024-04-08 08:46:22] merlin-logger.DEBUG: Post 1142 was marked for post-processing, but none was required. [] []
[2024-04-08 08:46:22] merlin-logger.DEBUG: Running post-processing for post 1143 [] []
[2024-04-08 08:46:22] merlin-logger.WARNING: Could not find the post parent for "product-48" (post #1143) [] []
[2024-04-08 08:46:22] merlin-logger.DEBUG: Post 1143 was imported with parent 714, but could not be found [] []
[2024-04-08 08:46:22] merlin-logger.WARNING: Could not find the author for "product-48" (post #1143) [] []
[2024-04-08 08:46:22] merlin-logger.DEBUG: Post 1143 was imported with author "bpadmin", but could not be found [] []
[2024-04-08 08:46:22] merlin-logger.DEBUG: Post 1143 was marked for post-processing, but none was required. [] []
[2024-04-08 08:46:22] merlin-logger.DEBUG: Running post-processing for post 1144 [] []
[2024-04-08 08:46:22] merlin-logger.WARNING: Could not find the post parent for "product-49" (post #1144) [] []
[2024-04-08 08:46:22] merlin-logger.DEBUG: Post 1144 was imported with parent 714, but could not be found [] []
[2024-04-08 08:46:22] merlin-logger.WARNING: Could not find the author for "product-49" (post #1144) [] []
[2024-04-08 08:46:22] merlin-logger.DEBUG: Post 1144 was imported with author "bpadmin", but could not be found [] []
[2024-04-08 08:46:22] merlin-logger.DEBUG: Post 1144 was marked for post-processing, but none was required. [] []
[2024-04-08 08:46:22] merlin-logger.DEBUG: Running post-processing for post 1145 [] []
[2024-04-08 08:46:22] merlin-logger.WARNING: Could not find the post parent for "product-50" (post #1145) [] []
[2024-04-08 08:46:22] merlin-logger.DEBUG: Post 1145 was imported with parent 714, but could not be found [] []
[2024-04-08 08:46:22] merlin-logger.WARNING: Could not find the author for "product-50" (post #1145) [] []
[2024-04-08 08:46:22] merlin-logger.DEBUG: Post 1145 was imported with author "bpadmin", but could not be found [] []
[2024-04-08 08:46:22] merlin-logger.DEBUG: Post 1145 was marked for post-processing, but none was required. [] []
[2024-04-08 08:46:22] merlin-logger.DEBUG: Running post-processing for post 1146 [] []
[2024-04-08 08:46:22] merlin-logger.WARNING: Could not find the post parent for "product-51" (post #1146) [] []
[2024-04-08 08:46:22] merlin-logger.DEBUG: Post 1146 was imported with parent 714, but could not be found [] []
[2024-04-08 08:46:22] merlin-logger.WARNING: Could not find the author for "product-51" (post #1146) [] []
[2024-04-08 08:46:22] merlin-logger.DEBUG: Post 1146 was imported with author "bpadmin", but could not be found [] []
[2024-04-08 08:46:22] merlin-logger.DEBUG: Post 1146 was marked for post-processing, but none was required. [] []
[2024-04-08 08:46:22] merlin-logger.DEBUG: Running post-processing for post 1147 [] []
[2024-04-08 08:46:22] merlin-logger.WARNING: Could not find the post parent for "product-52" (post #1147) [] []
[2024-04-08 08:46:22] merlin-logger.DEBUG: Post 1147 was imported with parent 714, but could not be found [] []
[2024-04-08 08:46:22] merlin-logger.WARNING: Could not find the author for "product-52" (post #1147) [] []
[2024-04-08 08:46:22] merlin-logger.DEBUG: Post 1147 was imported with author "bpadmin", but could not be found [] []
[2024-04-08 08:46:22] merlin-logger.DEBUG: Post 1147 was marked for post-processing, but none was required. [] []
[2024-04-08 08:46:22] merlin-logger.DEBUG: Running post-processing for post 1290 [] []
[2024-04-08 08:46:22] merlin-logger.WARNING: Could not find the author for "review-01" (post #1290) [] []
[2024-04-08 08:46:22] merlin-logger.DEBUG: Post 1290 was imported with author "bpadmin", but could not be found [] []
[2024-04-08 08:46:22] merlin-logger.DEBUG: Post 1290 was marked for post-processing, but none was required. [] []
[2024-04-08 08:46:22] merlin-logger.DEBUG: Running post-processing for post 1291 [] []
[2024-04-08 08:46:22] merlin-logger.WARNING: Could not find the author for "review-02" (post #1291) [] []
[2024-04-08 08:46:22] merlin-logger.DEBUG: Post 1291 was imported with author "bpadmin", but could not be found [] []
[2024-04-08 08:46:22] merlin-logger.DEBUG: Post 1291 was marked for post-processing, but none was required. [] []
[2024-04-08 08:46:22] merlin-logger.DEBUG: Running post-processing for post 1292 [] []
[2024-04-08 08:46:22] merlin-logger.WARNING: Could not find the author for "review-03" (post #1292) [] []
[2024-04-08 08:46:22] merlin-logger.DEBUG: Post 1292 was imported with author "bpadmin", but could not be found [] []
[2024-04-08 08:46:22] merlin-logger.DEBUG: Post 1292 was marked for post-processing, but none was required. [] []
[2024-04-08 08:46:22] merlin-logger.DEBUG: Running post-processing for post 1293 [] []
[2024-04-08 08:46:22] merlin-logger.WARNING: Could not find the author for "review-04" (post #1293) [] []
[2024-04-08 08:46:22] merlin-logger.DEBUG: Post 1293 was imported with author "bpadmin", but could not be found [] []
[2024-04-08 08:46:22] merlin-logger.DEBUG: Post 1293 was marked for post-processing, but none was required. [] []
[2024-04-08 08:46:22] merlin-logger.DEBUG: Running post-processing for post 1294 [] []
[2024-04-08 08:46:22] merlin-logger.WARNING: Could not find the author for "review-13" (post #1294) [] []
[2024-04-08 08:46:22] merlin-logger.DEBUG: Post 1294 was imported with author "bpadmin", but could not be found [] []
[2024-04-08 08:46:22] merlin-logger.DEBUG: Post 1294 was marked for post-processing, but none was required. [] []
[2024-04-08 08:46:22] merlin-logger.DEBUG: Running post-processing for post 1295 [] []
[2024-04-08 08:46:22] merlin-logger.WARNING: Could not find the author for "review-14" (post #1295) [] []
[2024-04-08 08:46:22] merlin-logger.DEBUG: Post 1295 was imported with author "bpadmin", but could not be found [] []
[2024-04-08 08:46:22] merlin-logger.DEBUG: Post 1295 was marked for post-processing, but none was required. [] []
[2024-04-08 08:46:22] merlin-logger.DEBUG: Running post-processing for post 1296 [] []
[2024-04-08 08:46:22] merlin-logger.WARNING: Could not find the author for "review-15" (post #1296) [] []
[2024-04-08 08:46:22] merlin-logger.DEBUG: Post 1296 was imported with author "bpadmin", but could not be found [] []
[2024-04-08 08:46:22] merlin-logger.DEBUG: Post 1296 was marked for post-processing, but none was required. [] []
[2024-04-08 08:46:22] merlin-logger.DEBUG: Running post-processing for post 1297 [] []
[2024-04-08 08:46:22] merlin-logger.WARNING: Could not find the author for "review-16" (post #1297) [] []
[2024-04-08 08:46:22] merlin-logger.DEBUG: Post 1297 was imported with author "bpadmin", but could not be found [] []
[2024-04-08 08:46:22] merlin-logger.DEBUG: Post 1297 was marked for post-processing, but none was required. [] []
[2024-04-08 08:46:22] merlin-logger.DEBUG: Running post-processing for post 1298 [] []
[2024-04-08 08:46:22] merlin-logger.WARNING: Could not find the author for "review-09" (post #1298) [] []
[2024-04-08 08:46:22] merlin-logger.DEBUG: Post 1298 was imported with author "bpadmin", but could not be found [] []
[2024-04-08 08:46:22] merlin-logger.DEBUG: Post 1298 was marked for post-processing, but none was required. [] []
[2024-04-08 08:46:22] merlin-logger.DEBUG: Running post-processing for post 1299 [] []
[2024-04-08 08:46:22] merlin-logger.WARNING: Could not find the author for "review-10" (post #1299) [] []
[2024-04-08 08:46:22] merlin-logger.DEBUG: Post 1299 was imported with author "bpadmin", but could not be found [] []
[2024-04-08 08:46:22] merlin-logger.DEBUG: Post 1299 was marked for post-processing, but none was required. [] []
[2024-04-08 08:46:22] merlin-logger.DEBUG: Running post-processing for post 1300 [] []
[2024-04-08 08:46:22] merlin-logger.WARNING: Could not find the author for "review-11" (post #1300) [] []
[2024-04-08 08:46:22] merlin-logger.DEBUG: Post 1300 was imported with author "bpadmin", but could not be found [] []
[2024-04-08 08:46:22] merlin-logger.DEBUG: Post 1300 was marked for post-processing, but none was required. [] []
[2024-04-08 08:46:22] merlin-logger.DEBUG: Running post-processing for post 1301 [] []
[2024-04-08 08:46:22] merlin-logger.WARNING: Could not find the author for "review-12" (post #1301) [] []
[2024-04-08 08:46:22] merlin-logger.DEBUG: Post 1301 was imported with author "bpadmin", but could not be found [] []
[2024-04-08 08:46:22] merlin-logger.DEBUG: Post 1301 was marked for post-processing, but none was required. [] []
[2024-04-08 08:46:22] merlin-logger.DEBUG: Running post-processing for post 1302 [] []
[2024-04-08 08:46:23] merlin-logger.WARNING: Could not find the author for "review-17" (post #1302) [] []
[2024-04-08 08:46:23] merlin-logger.DEBUG: Post 1302 was imported with author "bpadmin", but could not be found [] []
[2024-04-08 08:46:23] merlin-logger.DEBUG: Post 1302 was marked for post-processing, but none was required. [] []
[2024-04-08 08:46:23] merlin-logger.DEBUG: Running post-processing for post 1303 [] []
[2024-04-08 08:46:23] merlin-logger.WARNING: Could not find the author for "review-18" (post #1303) [] []
[2024-04-08 08:46:23] merlin-logger.DEBUG: Post 1303 was imported with author "bpadmin", but could not be found [] []
[2024-04-08 08:46:23] merlin-logger.DEBUG: Post 1303 was marked for post-processing, but none was required. [] []
[2024-04-08 08:46:23] merlin-logger.DEBUG: Running post-processing for post 1304 [] []
[2024-04-08 08:46:23] merlin-logger.WARNING: Could not find the author for "review-19" (post #1304) [] []
[2024-04-08 08:46:23] merlin-logger.DEBUG: Post 1304 was imported with author "bpadmin", but could not be found [] []
[2024-04-08 08:46:23] merlin-logger.DEBUG: Post 1304 was marked for post-processing, but none was required. [] []
[2024-04-08 08:46:23] merlin-logger.DEBUG: Running post-processing for post 1305 [] []
[2024-04-08 08:46:23] merlin-logger.WARNING: Could not find the author for "review-20" (post #1305) [] []
[2024-04-08 08:46:23] merlin-logger.DEBUG: Post 1305 was imported with author "bpadmin", but could not be found [] []
[2024-04-08 08:46:23] merlin-logger.DEBUG: Post 1305 was marked for post-processing, but none was required. [] []
[2024-04-08 08:46:23] merlin-logger.DEBUG: Running post-processing for post 1306 [] []
[2024-04-08 08:46:23] merlin-logger.WARNING: Could not find the author for "review-05" (post #1306) [] []
[2024-04-08 08:46:23] merlin-logger.DEBUG: Post 1306 was imported with author "bpadmin", but could not be found [] []
[2024-04-08 08:46:23] merlin-logger.DEBUG: Post 1306 was marked for post-processing, but none was required. [] []
[2024-04-08 08:46:23] merlin-logger.DEBUG: Running post-processing for post 1307 [] []
[2024-04-08 08:46:23] merlin-logger.WARNING: Could not find the author for "review-06" (post #1307) [] []
[2024-04-08 08:46:23] merlin-logger.DEBUG: Post 1307 was imported with author "bpadmin", but could not be found [] []
[2024-04-08 08:46:23] merlin-logger.DEBUG: Post 1307 was marked for post-processing, but none was required. [] []
[2024-04-08 08:46:23] merlin-logger.DEBUG: Running post-processing for post 1308 [] []
[2024-04-08 08:46:23] merlin-logger.WARNING: Could not find the author for "review-07" (post #1308) [] []
[2024-04-08 08:46:23] merlin-logger.DEBUG: Post 1308 was imported with author "bpadmin", but could not be found [] []
[2024-04-08 08:46:23] merlin-logger.DEBUG: Post 1308 was marked for post-processing, but none was required. [] []
[2024-04-08 08:46:23] merlin-logger.DEBUG: Running post-processing for post 1309 [] []
[2024-04-08 08:46:23] merlin-logger.WARNING: Could not find the author for "review-08" (post #1309) [] []
[2024-04-08 08:46:23] merlin-logger.DEBUG: Post 1309 was imported with author "bpadmin", but could not be found [] []
[2024-04-08 08:46:23] merlin-logger.DEBUG: Post 1309 was marked for post-processing, but none was required. [] []
[2024-04-08 08:46:23] merlin-logger.DEBUG: Running post-processing for post 1348 [] []
[2024-04-08 08:46:23] merlin-logger.WARNING: Could not find the author for "image-background-woo" (post #1348) [] []
[2024-04-08 08:46:23] merlin-logger.DEBUG: Post 1348 was imported with author "bpadmin", but could not be found [] []
[2024-04-08 08:46:23] merlin-logger.DEBUG: Post 1348 was marked for post-processing, but none was required. [] []
[2024-04-08 08:46:23] merlin-logger.DEBUG: Running post-processing for post 1351 [] []
[2024-04-08 08:46:23] merlin-logger.WARNING: Could not find the author for "pxeJ8IqbuNw" (post #1351) [] []
[2024-04-08 08:46:23] merlin-logger.DEBUG: Post 1351 was imported with author "bpadmin", but could not be found [] []
[2024-04-08 08:46:23] merlin-logger.DEBUG: Post 1351 was marked for post-processing, but none was required. [] []
[2024-04-08 08:46:23] merlin-logger.DEBUG: Running post-processing for post 1352 [] []
[2024-04-08 08:46:23] merlin-logger.WARNING: Could not find the author for "adB8RW4I3o4" (post #1352) [] []
[2024-04-08 08:46:23] merlin-logger.DEBUG: Post 1352 was imported with author "bpadmin", but could not be found [] []
[2024-04-08 08:46:23] merlin-logger.DEBUG: Post 1352 was marked for post-processing, but none was required. [] []
[2024-04-08 08:46:23] merlin-logger.DEBUG: Running post-processing for post 457 [] []
[2024-04-08 08:46:23] merlin-logger.WARNING: Could not find the author for "Search Terms" (post #457) [] []
[2024-04-08 08:46:23] merlin-logger.DEBUG: Post 457 was imported with author "bpadmin", but could not be found [] []
[2024-04-08 08:46:23] merlin-logger.DEBUG: Post 457 was marked for post-processing, but none was required. [] []
[2024-04-08 08:46:23] merlin-logger.DEBUG: Running post-processing for post 458 [] []
[2024-04-08 08:46:23] merlin-logger.WARNING: Could not find the author for "Advanced Search" (post #458) [] []
[2024-04-08 08:46:23] merlin-logger.DEBUG: Post 458 was imported with author "bpadmin", but could not be found [] []
[2024-04-08 08:46:23] merlin-logger.DEBUG: Post 458 was marked for post-processing, but none was required. [] []
[2024-04-08 08:46:23] merlin-logger.DEBUG: Running post-processing for post 460 [] []
[2024-04-08 08:46:23] merlin-logger.WARNING: Could not find the author for "Store Location" (post #460) [] []
[2024-04-08 08:46:23] merlin-logger.DEBUG: Post 460 was imported with author "bpadmin", but could not be found [] []
[2024-04-08 08:46:23] merlin-logger.DEBUG: Post 460 was marked for post-processing, but none was required. [] []
[2024-04-08 08:46:23] merlin-logger.DEBUG: Running post-processing for post 461 [] []
[2024-04-08 08:46:23] merlin-logger.WARNING: Could not find the author for "Orders &#038; Returns" (post #461) [] []
[2024-04-08 08:46:23] merlin-logger.DEBUG: Post 461 was imported with author "bpadmin", but could not be found [] []
[2024-04-08 08:46:23] merlin-logger.DEBUG: Post 461 was marked for post-processing, but none was required. [] []
[2024-04-08 08:46:23] merlin-logger.DEBUG: Running post-processing for post 462 [] []
[2024-04-08 08:46:23] merlin-logger.WARNING: Could not find the author for "Search" (post #462) [] []
[2024-04-08 08:46:23] merlin-logger.DEBUG: Post 462 was imported with author "bpadmin", but could not be found [] []
[2024-04-08 08:46:23] merlin-logger.DEBUG: Post 462 was marked for post-processing, but none was required. [] []
[2024-04-08 08:46:23] merlin-logger.DEBUG: Running post-processing for post 463 [] []
[2024-04-08 08:46:23] merlin-logger.WARNING: Could not find the author for "Help" (post #463) [] []
[2024-04-08 08:46:23] merlin-logger.DEBUG: Post 463 was imported with author "bpadmin", but could not be found [] []
[2024-04-08 08:46:23] merlin-logger.DEBUG: Post 463 was marked for post-processing, but none was required. [] []
[2024-04-08 08:46:23] merlin-logger.DEBUG: Running post-processing for post 464 [] []
[2024-04-08 08:46:23] merlin-logger.WARNING: Could not find the author for "Information" (post #464) [] []
[2024-04-08 08:46:23] merlin-logger.DEBUG: Post 464 was imported with author "bpadmin", but could not be found [] []
[2024-04-08 08:46:23] merlin-logger.DEBUG: Post 464 was marked for post-processing, but none was required. [] []
[2024-04-08 08:46:23] merlin-logger.DEBUG: Running post-processing for post 465 [] []
[2024-04-08 08:46:23] merlin-logger.WARNING: Could not find the author for "Privacy Policy" (post #465) [] []
[2024-04-08 08:46:23] merlin-logger.DEBUG: Post 465 was imported with author "bpadmin", but could not be found [] []
[2024-04-08 08:46:23] merlin-logger.DEBUG: Post 465 was marked for post-processing, but none was required. [] []
[2024-04-08 08:46:23] merlin-logger.DEBUG: Running post-processing for post 466 [] []
[2024-04-08 08:46:23] merlin-logger.WARNING: Could not find the author for "Shipping Details" (post #466) [] []
[2024-04-08 08:46:23] merlin-logger.DEBUG: Post 466 was imported with author "bpadmin", but could not be found [] []
[2024-04-08 08:46:23] merlin-logger.DEBUG: Post 466 was marked for post-processing, but none was required. [] []
[2024-04-08 08:46:23] merlin-logger.DEBUG: Running post-processing for post 469 [] []
[2024-04-08 08:46:23] merlin-logger.WARNING: Could not find the author for "Careers" (post #469) [] []
[2024-04-08 08:46:23] merlin-logger.DEBUG: Post 469 was imported with author "bpadmin", but could not be found [] []
[2024-04-08 08:46:23] merlin-logger.DEBUG: Post 469 was marked for post-processing, but none was required. [] []
[2024-04-08 08:46:23] merlin-logger.DEBUG: Running post-processing for post 470 [] []
[2024-04-08 08:46:23] merlin-logger.WARNING: Could not find the author for "Refunds &#038; Returns" (post #470) [] []
[2024-04-08 08:46:23] merlin-logger.DEBUG: Post 470 was imported with author "bpadmin", but could not be found [] []
[2024-04-08 08:46:23] merlin-logger.DEBUG: Post 470 was marked for post-processing, but none was required. [] []
[2024-04-08 08:46:23] merlin-logger.DEBUG: Running post-processing for post 1359 [] []
[2024-04-08 08:46:23] merlin-logger.WARNING: Could not find the author for "adB8RW4I3o4-1" (post #1359) [] []
[2024-04-08 08:46:23] merlin-logger.DEBUG: Post 1359 was imported with author "bpadmin", but could not be found [] []
[2024-04-08 08:46:23] merlin-logger.DEBUG: Post 1359 was marked for post-processing, but none was required. [] []
[2024-04-08 08:46:23] merlin-logger.DEBUG: Running post-processing for post 1553 [] []
[2024-04-08 08:46:23] merlin-logger.WARNING: Could not find the author for "placeholder.png" (post #1553) [] []
[2024-04-08 08:46:23] merlin-logger.DEBUG: Post 1553 was imported with author "bpadmin", but could not be found [] []
[2024-04-08 08:46:23] merlin-logger.DEBUG: Post 1553 was marked for post-processing, but none was required. [] []
[2024-04-08 08:46:23] merlin-logger.DEBUG: Running post-processing for post 1633 [] []
[2024-04-08 08:46:23] merlin-logger.WARNING: Could not find the post parent for "product-08" (post #1633) [] []
[2024-04-08 08:46:23] merlin-logger.DEBUG: Post 1633 was imported with parent 747, but could not be found [] []
[2024-04-08 08:46:23] merlin-logger.WARNING: Could not find the author for "product-08" (post #1633) [] []
[2024-04-08 08:46:23] merlin-logger.DEBUG: Post 1633 was imported with author "bpadmin", but could not be found [] []
[2024-04-08 08:46:23] merlin-logger.DEBUG: Post 1633 was marked for post-processing, but none was required. [] []
[2024-04-08 08:46:23] merlin-logger.DEBUG: Running post-processing for post 1646 [] []
[2024-04-08 08:46:23] merlin-logger.WARNING: Could not find the post parent for "product-53" (post #1646) [] []
[2024-04-08 08:46:23] merlin-logger.DEBUG: Post 1646 was imported with parent 1642, but could not be found [] []
[2024-04-08 08:46:23] merlin-logger.WARNING: Could not find the author for "product-53" (post #1646) [] []
[2024-04-08 08:46:23] merlin-logger.DEBUG: Post 1646 was imported with author "bpadmin", but could not be found [] []
[2024-04-08 08:46:23] merlin-logger.DEBUG: Post 1646 was marked for post-processing, but none was required. [] []
[2024-04-08 08:46:23] merlin-logger.DEBUG: Running post-processing for post 1739 [] []
[2024-04-08 08:46:23] merlin-logger.WARNING: Could not find the author for "banner-home-03-1" (post #1739) [] []
[2024-04-08 08:46:23] merlin-logger.DEBUG: Post 1739 was imported with author "bpadmin", but could not be found [] []
[2024-04-08 08:46:23] merlin-logger.DEBUG: Running post-processing for post 1740 [] []
[2024-04-08 08:46:23] merlin-logger.WARNING: Could not find the author for "banner-home-04-1" (post #1740) [] []
[2024-04-08 08:46:23] merlin-logger.DEBUG: Post 1740 was imported with author "bpadmin", but could not be found [] []
[2024-04-08 08:46:23] merlin-logger.DEBUG: Running post-processing for post 471 [] []
[2024-04-08 08:46:23] merlin-logger.WARNING: Could not find the author for "Deliveries" (post #471) [] []
[2024-04-08 08:46:23] merlin-logger.DEBUG: Post 471 was imported with author "bpadmin", but could not be found [] []
[2024-04-08 08:46:23] merlin-logger.DEBUG: Post 471 was marked for post-processing, but none was required. [] []
[2024-04-08 08:46:23] merlin-logger.DEBUG: Running post-processing for post 497 [] []
[2024-04-08 08:46:23] merlin-logger.WARNING: Could not find the author for "Logout" (post #497) [] []
[2024-04-08 08:46:23] merlin-logger.DEBUG: Post 497 was imported with author "bpadmin", but could not be found [] []
[2024-04-08 08:46:23] merlin-logger.DEBUG: Post 497 was marked for post-processing, but none was required. [] []
[2024-04-08 08:46:23] merlin-logger.DEBUG: Running post-processing for post 642 [] []
[2024-04-08 08:46:23] merlin-logger.WARNING: Could not find the author for "New in today" (post #642) [] []
[2024-04-08 08:46:23] merlin-logger.DEBUG: Post 642 was imported with author "bpadmin", but could not be found [] []
[2024-04-08 08:46:23] merlin-logger.DEBUG: Post 642 was marked for post-processing, but none was required. [] []
[2024-04-08 08:46:23] merlin-logger.DEBUG: Running post-processing for post 643 [] []
[2024-04-08 08:46:23] merlin-logger.WARNING: Could not find the author for "New in this week" (post #643) [] []
[2024-04-08 08:46:23] merlin-logger.DEBUG: Post 643 was imported with author "bpadmin", but could not be found [] []
[2024-04-08 08:46:23] merlin-logger.DEBUG: Post 643 was marked for post-processing, but none was required. [] []
[2024-04-08 08:46:23] merlin-logger.DEBUG: Running post-processing for post 644 [] []
[2024-04-08 08:46:23] merlin-logger.WARNING: Could not find the author for "Clothing" (post #644) [] []
[2024-04-08 08:46:23] merlin-logger.DEBUG: Post 644 was imported with author "bpadmin", but could not be found [] []
[2024-04-08 08:46:23] merlin-logger.DEBUG: Post 644 was marked for post-processing, but none was required. [] []
[2024-04-08 08:46:23] merlin-logger.DEBUG: Running post-processing for post 645 [] []
[2024-04-08 08:46:23] merlin-logger.WARNING: Could not find the author for "Accessories" (post #645) [] []
[2024-04-08 08:46:23] merlin-logger.DEBUG: Post 645 was imported with author "bpadmin", but could not be found [] []
[2024-04-08 08:46:23] merlin-logger.DEBUG: Post 645 was marked for post-processing, but none was required. [] []
[2024-04-08 08:46:23] merlin-logger.DEBUG: Running post-processing for post 653 [] []
[2024-04-08 08:46:23] merlin-logger.WARNING: Could not find the author for "Face Mask" (post #653) [] []
[2024-04-08 08:46:23] merlin-logger.DEBUG: Post 653 was imported with author "bpadmin", but could not be found [] []
[2024-04-08 08:46:23] merlin-logger.DEBUG: Post 653 was marked for post-processing, but none was required. [] []
[2024-04-08 08:46:23] merlin-logger.DEBUG: Running post-processing for post 654 [] []
[2024-04-08 08:46:23] merlin-logger.WARNING: Could not find the author for "Bandages" (post #654) [] []
[2024-04-08 08:46:23] merlin-logger.DEBUG: Post 654 was imported with author "bpadmin", but could not be found [] []
[2024-04-08 08:46:23] merlin-logger.DEBUG: Post 654 was marked for post-processing, but none was required. [] []
[2024-04-08 08:46:23] merlin-logger.DEBUG: Running post-processing for post 655 [] []
[2024-04-08 08:46:23] merlin-logger.WARNING: Could not find the author for "Medical Cotton" (post #655) [] []
[2024-04-08 08:46:23] merlin-logger.DEBUG: Post 655 was imported with author "bpadmin", but could not be found [] []
[2024-04-08 08:46:23] merlin-logger.DEBUG: Post 655 was marked for post-processing, but none was required. [] []
[2024-04-08 08:46:23] merlin-logger.DEBUG: Running post-processing for post 656 [] []
[2024-04-08 08:46:23] merlin-logger.WARNING: Could not find the author for "Medical Headset" (post #656) [] []
[2024-04-08 08:46:23] merlin-logger.DEBUG: Post 656 was imported with author "bpadmin", but could not be found [] []
[2024-04-08 08:46:23] merlin-logger.DEBUG: Post 656 was marked for post-processing, but none was required. [] []
[2024-04-08 08:46:23] merlin-logger.DEBUG: Running post-processing for post 657 [] []
[2024-04-08 08:46:23] merlin-logger.WARNING: Could not find the author for "Medical Pliers" (post #657) [] []
[2024-04-08 08:46:23] merlin-logger.DEBUG: Post 657 was imported with author "bpadmin", but could not be found [] []
[2024-04-08 08:46:23] merlin-logger.DEBUG: Post 657 was marked for post-processing, but none was required. [] []
[2024-04-08 08:46:23] merlin-logger.DEBUG: Running post-processing for post 658 [] []
[2024-04-08 08:46:23] merlin-logger.WARNING: Could not find the author for "Medicine box" (post #658) [] []
[2024-04-08 08:46:23] merlin-logger.DEBUG: Post 658 was imported with author "bpadmin", but could not be found [] []
[2024-04-08 08:46:23] merlin-logger.DEBUG: Post 658 was marked for post-processing, but none was required. [] []
[2024-04-08 08:46:23] merlin-logger.DEBUG: Running post-processing for post 659 [] []
[2024-04-08 08:46:23] merlin-logger.WARNING: Could not find the author for "Thermometer" (post #659) [] []
[2024-04-08 08:46:23] merlin-logger.DEBUG: Post 659 was imported with author "bpadmin", but could not be found [] []
[2024-04-08 08:46:23] merlin-logger.DEBUG: Post 659 was marked for post-processing, but none was required. [] []
[2024-04-08 08:46:23] merlin-logger.DEBUG: Running post-processing for post 668 [] []
[2024-04-08 08:46:23] merlin-logger.WARNING: Could not find the author for "Product Simple" (post #668) [] []
[2024-04-08 08:46:23] merlin-logger.DEBUG: Post 668 was imported with author "bpadmin", but could not be found [] []
[2024-04-08 08:46:23] merlin-logger.DEBUG: Post 668 was marked for post-processing, but none was required. [] []
[2024-04-08 08:46:23] merlin-logger.DEBUG: Running post-processing for post 669 [] []
[2024-04-08 08:46:23] merlin-logger.WARNING: Could not find the author for "Product Variation" (post #669) [] []
[2024-04-08 08:46:23] merlin-logger.DEBUG: Post 669 was imported with author "bpadmin", but could not be found [] []
[2024-04-08 08:46:23] merlin-logger.DEBUG: Post 669 was marked for post-processing, but none was required. [] []
[2024-04-08 08:46:23] merlin-logger.DEBUG: Running post-processing for post 670 [] []
[2024-04-08 08:46:23] merlin-logger.WARNING: Could not find the author for "Product Variable Color" (post #670) [] []
[2024-04-08 08:46:23] merlin-logger.DEBUG: Post 670 was imported with author "bpadmin", but could not be found [] []
[2024-04-08 08:46:23] merlin-logger.DEBUG: Post 670 was marked for post-processing, but none was required. [] []
[2024-04-08 08:46:23] merlin-logger.DEBUG: Running post-processing for post 672 [] []
[2024-04-08 08:46:23] merlin-logger.WARNING: Could not find the author for "Product Affiliate" (post #672) [] []
[2024-04-08 08:46:23] merlin-logger.DEBUG: Post 672 was imported with author "bpadmin", but could not be found [] []
[2024-04-08 08:46:23] merlin-logger.DEBUG: Post 672 was marked for post-processing, but none was required. [] []
[2024-04-08 08:46:23] merlin-logger.DEBUG: Running post-processing for post 673 [] []
[2024-04-08 08:46:23] merlin-logger.WARNING: Could not find the author for "Product With Video" (post #673) [] []
[2024-04-08 08:46:23] merlin-logger.DEBUG: Post 673 was imported with author "bpadmin", but could not be found [] []
[2024-04-08 08:46:23] merlin-logger.DEBUG: Post 673 was marked for post-processing, but none was required. [] []
[2024-04-08 08:46:23] merlin-logger.DEBUG: Running post-processing for post 674 [] []
[2024-04-08 08:46:23] merlin-logger.WARNING: Could not find the author for "Product Countdown" (post #674) [] []
[2024-04-08 08:46:23] merlin-logger.DEBUG: Post 674 was imported with author "bpadmin", but could not be found [] []
[2024-04-08 08:46:23] merlin-logger.DEBUG: Post 674 was marked for post-processing, but none was required. [] []
[2024-04-08 08:46:23] merlin-logger.DEBUG: Running post-processing for post 675 [] []
[2024-04-08 08:46:23] merlin-logger.WARNING: Could not find the author for "Product Out of Stock" (post #675) [] []
[2024-04-08 08:46:23] merlin-logger.DEBUG: Post 675 was imported with author "bpadmin", but could not be found [] []
[2024-04-08 08:46:23] merlin-logger.DEBUG: Post 675 was marked for post-processing, but none was required. [] []
[2024-04-08 08:46:23] merlin-logger.DEBUG: Running post-processing for post 676 [] []
[2024-04-08 08:46:23] merlin-logger.WARNING: Could not find the author for "Product Image Review Thumbnail" (post #676) [] []
[2024-04-08 08:46:23] merlin-logger.DEBUG: Post 676 was imported with author "bpadmin", but could not be found [] []
[2024-04-08 08:46:23] merlin-logger.DEBUG: Post 676 was marked for post-processing, but none was required. [] []
[2024-04-08 08:46:23] merlin-logger.DEBUG: Running post-processing for post 680 [] []
[2024-04-08 08:46:23] merlin-logger.WARNING: Could not find the author for "" (post #680) [] []
[2024-04-08 08:46:23] merlin-logger.DEBUG: Post 680 was imported with author "bpadmin", but could not be found [] []
[2024-04-08 08:46:23] merlin-logger.DEBUG: Post 680 was marked for post-processing, but none was required. [] []
[2024-04-08 08:46:23] merlin-logger.DEBUG: Running post-processing for post 681 [] []
[2024-04-08 08:46:23] merlin-logger.WARNING: Could not find the author for "" (post #681) [] []
[2024-04-08 08:46:23] merlin-logger.DEBUG: Post 681 was imported with author "bpadmin", but could not be found [] []
[2024-04-08 08:46:23] merlin-logger.DEBUG: Post 681 was marked for post-processing, but none was required. [] []
[2024-04-08 08:46:23] merlin-logger.DEBUG: Running post-processing for post 682 [] []
[2024-04-08 08:46:23] merlin-logger.WARNING: Could not find the author for "" (post #682) [] []
[2024-04-08 08:46:23] merlin-logger.DEBUG: Post 682 was imported with author "bpadmin", but could not be found [] []
[2024-04-08 08:46:23] merlin-logger.DEBUG: Post 682 was marked for post-processing, but none was required. [] []
[2024-04-08 08:46:23] merlin-logger.DEBUG: Running post-processing for post 683 [] []
[2024-04-08 08:46:23] merlin-logger.WARNING: Could not find the author for "" (post #683) [] []
[2024-04-08 08:46:23] merlin-logger.DEBUG: Post 683 was imported with author "bpadmin", but could not be found [] []
[2024-04-08 08:46:23] merlin-logger.DEBUG: Post 683 was marked for post-processing, but none was required. [] []
[2024-04-08 08:46:23] merlin-logger.DEBUG: Running post-processing for post 684 [] []
[2024-04-08 08:46:23] merlin-logger.WARNING: Could not find the author for "" (post #684) [] []
[2024-04-08 08:46:23] merlin-logger.DEBUG: Post 684 was imported with author "bpadmin", but could not be found [] []
[2024-04-08 08:46:23] merlin-logger.DEBUG: Post 684 was marked for post-processing, but none was required. [] []
[2024-04-08 08:46:23] merlin-logger.DEBUG: Running post-processing for post 685 [] []
[2024-04-08 08:46:23] merlin-logger.WARNING: Could not find the author for "" (post #685) [] []
[2024-04-08 08:46:23] merlin-logger.DEBUG: Post 685 was imported with author "bpadmin", but could not be found [] []
[2024-04-08 08:46:23] merlin-logger.DEBUG: Post 685 was marked for post-processing, but none was required. [] []
[2024-04-08 08:46:23] merlin-logger.DEBUG: Running post-processing for post 686 [] []
[2024-04-08 08:46:23] merlin-logger.WARNING: Could not find the author for "" (post #686) [] []
[2024-04-08 08:46:23] merlin-logger.DEBUG: Post 686 was imported with author "bpadmin", but could not be found [] []
[2024-04-08 08:46:23] merlin-logger.DEBUG: Post 686 was marked for post-processing, but none was required. [] []
[2024-04-08 08:46:23] merlin-logger.DEBUG: Running post-processing for post 687 [] []
[2024-04-08 08:46:23] merlin-logger.WARNING: Could not find the author for "" (post #687) [] []
[2024-04-08 08:46:23] merlin-logger.DEBUG: Post 687 was imported with author "bpadmin", but could not be found [] []
[2024-04-08 08:46:23] merlin-logger.DEBUG: Post 687 was marked for post-processing, but none was required. [] []
[2024-04-08 08:46:23] merlin-logger.DEBUG: Running post-processing for post 688 [] []
[2024-04-08 08:46:23] merlin-logger.WARNING: Could not find the author for "" (post #688) [] []
[2024-04-08 08:46:23] merlin-logger.DEBUG: Post 688 was imported with author "bpadmin", but could not be found [] []
[2024-04-08 08:46:23] merlin-logger.DEBUG: Post 688 was marked for post-processing, but none was required. [] []
[2024-04-08 08:46:23] merlin-logger.DEBUG: Running post-processing for post 689 [] []
[2024-04-08 08:46:23] merlin-logger.WARNING: Could not find the author for "" (post #689) [] []
[2024-04-08 08:46:23] merlin-logger.DEBUG: Post 689 was imported with author "bpadmin", but could not be found [] []
[2024-04-08 08:46:23] merlin-logger.DEBUG: Post 689 was marked for post-processing, but none was required. [] []
[2024-04-08 08:46:23] merlin-logger.DEBUG: Running post-processing for post 691 [] []
[2024-04-08 08:46:23] merlin-logger.WARNING: Could not find the author for "" (post #691) [] []
[2024-04-08 08:46:23] merlin-logger.DEBUG: Post 691 was imported with author "bpadmin", but could not be found [] []
[2024-04-08 08:46:23] merlin-logger.DEBUG: Post 691 was marked for post-processing, but none was required. [] []
[2024-04-08 08:46:23] merlin-logger.DEBUG: Running post-processing for post 692 [] []
[2024-04-08 08:46:23] merlin-logger.WARNING: Could not find the author for "" (post #692) [] []
[2024-04-08 08:46:23] merlin-logger.DEBUG: Post 692 was imported with author "bpadmin", but could not be found [] []
[2024-04-08 08:46:23] merlin-logger.DEBUG: Post 692 was marked for post-processing, but none was required. [] []
[2024-04-08 08:46:23] merlin-logger.DEBUG: Running post-processing for post 694 [] []
[2024-04-08 08:46:23] merlin-logger.WARNING: Could not find the author for "" (post #694) [] []
[2024-04-08 08:46:23] merlin-logger.DEBUG: Post 694 was imported with author "bpadmin", but could not be found [] []
[2024-04-08 08:46:23] merlin-logger.DEBUG: Post 694 was marked for post-processing, but none was required. [] []
[2024-04-08 08:46:23] merlin-logger.DEBUG: Running post-processing for post 695 [] []
[2024-04-08 08:46:23] merlin-logger.WARNING: Could not find the author for "" (post #695) [] []
[2024-04-08 08:46:23] merlin-logger.DEBUG: Post 695 was imported with author "bpadmin", but could not be found [] []
[2024-04-08 08:46:23] merlin-logger.DEBUG: Post 695 was marked for post-processing, but none was required. [] []
[2024-04-08 08:46:23] merlin-logger.DEBUG: Running post-processing for post 696 [] []
[2024-04-08 08:46:23] merlin-logger.WARNING: Could not find the author for "" (post #696) [] []
[2024-04-08 08:46:23] merlin-logger.DEBUG: Post 696 was imported with author "bpadmin", but could not be found [] []
[2024-04-08 08:46:23] merlin-logger.DEBUG: Post 696 was marked for post-processing, but none was required. [] []
[2024-04-08 08:46:23] merlin-logger.DEBUG: Running post-processing for post 697 [] []
[2024-04-08 08:46:23] merlin-logger.WARNING: Could not find the author for "Product Image Vertical" (post #697) [] []
[2024-04-08 08:46:23] merlin-logger.DEBUG: Post 697 was imported with author "bpadmin", but could not be found [] []
[2024-04-08 08:46:23] merlin-logger.DEBUG: Post 697 was marked for post-processing, but none was required. [] []
[2024-04-08 08:46:23] merlin-logger.DEBUG: Running post-processing for post 698 [] []
[2024-04-08 08:46:23] merlin-logger.WARNING: Could not find the author for "Product Image Horizontal" (post #698) [] []
[2024-04-08 08:46:23] merlin-logger.DEBUG: Post 698 was imported with author "bpadmin", but could not be found [] []
[2024-04-08 08:46:23] merlin-logger.DEBUG: Post 698 was marked for post-processing, but none was required. [] []
[2024-04-08 08:46:23] merlin-logger.DEBUG: Running post-processing for post 699 [] []
[2024-04-08 08:46:23] merlin-logger.WARNING: Could not find the author for "Product Left – Main Sidebar" (post #699) [] []
[2024-04-08 08:46:23] merlin-logger.DEBUG: Post 699 was imported with author "bpadmin", but could not be found [] []
[2024-04-08 08:46:23] merlin-logger.DEBUG: Post 699 was marked for post-processing, but none was required. [] []
[2024-04-08 08:46:23] merlin-logger.DEBUG: Running post-processing for post 700 [] []
[2024-04-08 08:46:23] merlin-logger.WARNING: Could not find the author for "Product Right – Main Sidebar" (post #700) [] []
[2024-04-08 08:46:23] merlin-logger.DEBUG: Post 700 was imported with author "bpadmin", but could not be found [] []
[2024-04-08 08:46:23] merlin-logger.DEBUG: Post 700 was marked for post-processing, but none was required. [] []
[2024-04-08 08:46:23] merlin-logger.DEBUG: Running post-processing for post 701 [] []
[2024-04-08 08:46:23] merlin-logger.WARNING: Could not find the author for "Product Accordion Tabs" (post #701) [] []
[2024-04-08 08:46:23] merlin-logger.DEBUG: Post 701 was imported with author "bpadmin", but could not be found [] []
[2024-04-08 08:46:23] merlin-logger.DEBUG: Post 701 was marked for post-processing, but none was required. [] []
[2024-04-08 08:46:23] merlin-logger.DEBUG: Running post-processing for post 702 [] []
[2024-04-08 08:46:23] merlin-logger.WARNING: Could not find the author for "Product Tabs Normal" (post #702) [] []
[2024-04-08 08:46:23] merlin-logger.DEBUG: Post 702 was imported with author "bpadmin", but could not be found [] []
[2024-04-08 08:46:23] merlin-logger.DEBUG: Post 702 was marked for post-processing, but none was required. [] []
[2024-04-08 08:46:23] merlin-logger.DEBUG: Running post-processing for post 703 [] []
[2024-04-08 08:46:23] merlin-logger.WARNING: Could not find the author for "Product Tabs Full Text" (post #703) [] []
[2024-04-08 08:46:23] merlin-logger.DEBUG: Post 703 was imported with author "bpadmin", but could not be found [] []
[2024-04-08 08:46:23] merlin-logger.DEBUG: Post 703 was marked for post-processing, but none was required. [] []
[2024-04-08 08:46:23] merlin-logger.DEBUG: Running post-processing for post 704 [] []
[2024-04-08 08:46:23] merlin-logger.WARNING: Could not find the author for "Product Sticky Menu Bar" (post #704) [] []
[2024-04-08 08:46:23] merlin-logger.DEBUG: Post 704 was imported with author "bpadmin", but could not be found [] []
[2024-04-08 08:46:23] merlin-logger.DEBUG: Post 704 was marked for post-processing, but none was required. [] []
[2024-04-08 08:46:23] merlin-logger.DEBUG: Running post-processing for post 774 [] []
[2024-04-08 08:46:23] merlin-logger.WARNING: Could not find the author for "" (post #774) [] []
[2024-04-08 08:46:23] merlin-logger.DEBUG: Post 774 was imported with author "bpadmin", but could not be found [] []
[2024-04-08 08:46:23] merlin-logger.DEBUG: Post 774 was marked for post-processing, but none was required. [] []
[2024-04-08 08:46:23] merlin-logger.DEBUG: Running post-processing for post 1389 [] []
[2024-04-08 08:46:23] merlin-logger.WARNING: Could not find the author for "" (post #1389) [] []
[2024-04-08 08:46:23] merlin-logger.DEBUG: Post 1389 was imported with author "bpadmin", but could not be found [] []
[2024-04-08 08:46:23] merlin-logger.DEBUG: Post 1389 was marked for post-processing, but none was required. [] []
[2024-04-08 08:46:23] merlin-logger.DEBUG: Running post-processing for post 1390 [] []
[2024-04-08 08:46:23] merlin-logger.WARNING: Could not find the author for "" (post #1390) [] []
[2024-04-08 08:46:23] merlin-logger.DEBUG: Post 1390 was imported with author "bpadmin", but could not be found [] []
[2024-04-08 08:46:23] merlin-logger.DEBUG: Post 1390 was marked for post-processing, but none was required. [] []
[2024-04-08 08:46:23] merlin-logger.DEBUG: Running post-processing for post 1406 [] []
[2024-04-08 08:46:23] merlin-logger.WARNING: Could not find the author for "Shop Default" (post #1406) [] []
[2024-04-08 08:46:23] merlin-logger.DEBUG: Post 1406 was imported with author "bpadmin", but could not be found [] []
[2024-04-08 08:46:23] merlin-logger.DEBUG: Post 1406 was marked for post-processing, but none was required. [] []
[2024-04-08 08:46:23] merlin-logger.DEBUG: Running post-processing for post 1414 [] []
[2024-04-08 08:46:23] merlin-logger.WARNING: Could not find the author for "" (post #1414) [] []
[2024-04-08 08:46:23] merlin-logger.DEBUG: Post 1414 was imported with author "bpadmin", but could not be found [] []
[2024-04-08 08:46:23] merlin-logger.DEBUG: Post 1414 was marked for post-processing, but none was required. [] []
[2024-04-08 08:46:23] merlin-logger.DEBUG: Running post-processing for post 1437 [] []
[2024-04-08 08:46:23] merlin-logger.WARNING: Could not find the author for "" (post #1437) [] []
[2024-04-08 08:46:23] merlin-logger.DEBUG: Post 1437 was imported with author "bpadmin", but could not be found [] []
[2024-04-08 08:46:23] merlin-logger.DEBUG: Post 1437 was marked for post-processing, but none was required. [] []
[2024-04-08 08:46:23] merlin-logger.DEBUG: Running post-processing for post 1438 [] []
[2024-04-08 08:46:23] merlin-logger.WARNING: Could not find the author for "" (post #1438) [] []
[2024-04-08 08:46:23] merlin-logger.DEBUG: Post 1438 was imported with author "bpadmin", but could not be found [] []
[2024-04-08 08:46:23] merlin-logger.DEBUG: Post 1438 was marked for post-processing, but none was required. [] []
[2024-04-08 08:46:23] merlin-logger.DEBUG: Running post-processing for post 1440 [] []
[2024-04-08 08:46:23] merlin-logger.WARNING: Could not find the author for "" (post #1440) [] []
[2024-04-08 08:46:23] merlin-logger.DEBUG: Post 1440 was imported with author "bpadmin", but could not be found [] []
[2024-04-08 08:46:23] merlin-logger.DEBUG: Post 1440 was marked for post-processing, but none was required. [] []
[2024-04-08 08:46:23] merlin-logger.DEBUG: Running post-processing for post 1441 [] []
[2024-04-08 08:46:23] merlin-logger.WARNING: Could not find the author for "" (post #1441) [] []
[2024-04-08 08:46:23] merlin-logger.DEBUG: Post 1441 was imported with author "bpadmin", but could not be found [] []
[2024-04-08 08:46:23] merlin-logger.DEBUG: Post 1441 was marked for post-processing, but none was required. [] []
[2024-04-08 08:46:23] merlin-logger.DEBUG: Running post-processing for post 1442 [] []
[2024-04-08 08:46:23] merlin-logger.WARNING: Could not find the author for "" (post #1442) [] []
[2024-04-08 08:46:23] merlin-logger.DEBUG: Post 1442 was imported with author "bpadmin", but could not be found [] []
[2024-04-08 08:46:23] merlin-logger.DEBUG: Post 1442 was marked for post-processing, but none was required. [] []
[2024-04-08 08:46:23] merlin-logger.DEBUG: Running post-processing for post 1444 [] []
[2024-04-08 08:46:23] merlin-logger.WARNING: Could not find the author for "" (post #1444) [] []
[2024-04-08 08:46:23] merlin-logger.DEBUG: Post 1444 was imported with author "bpadmin", but could not be found [] []
[2024-04-08 08:46:23] merlin-logger.DEBUG: Post 1444 was marked for post-processing, but none was required. [] []
[2024-04-08 08:46:23] merlin-logger.DEBUG: Running post-processing for post 1445 [] []
[2024-04-08 08:46:23] merlin-logger.WARNING: Could not find the author for "" (post #1445) [] []
[2024-04-08 08:46:23] merlin-logger.DEBUG: Post 1445 was imported with author "bpadmin", but could not be found [] []
[2024-04-08 08:46:23] merlin-logger.DEBUG: Post 1445 was marked for post-processing, but none was required. [] []
[2024-04-08 08:46:23] merlin-logger.DEBUG: Running post-processing for post 1446 [] []
[2024-04-08 08:46:23] merlin-logger.WARNING: Could not find the author for "" (post #1446) [] []
[2024-04-08 08:46:23] merlin-logger.DEBUG: Post 1446 was imported with author "bpadmin", but could not be found [] []
[2024-04-08 08:46:23] merlin-logger.DEBUG: Post 1446 was marked for post-processing, but none was required. [] []
[2024-04-08 08:46:23] merlin-logger.DEBUG: Running post-processing for post 1447 [] []
[2024-04-08 08:46:23] merlin-logger.WARNING: Could not find the author for "" (post #1447) [] []
[2024-04-08 08:46:23] merlin-logger.DEBUG: Post 1447 was imported with author "bpadmin", but could not be found [] []
[2024-04-08 08:46:23] merlin-logger.DEBUG: Post 1447 was marked for post-processing, but none was required. [] []
[2024-04-08 08:46:23] merlin-logger.DEBUG: Running post-processing for post 1448 [] []
[2024-04-08 08:46:23] merlin-logger.WARNING: Could not find the author for "" (post #1448) [] []
[2024-04-08 08:46:23] merlin-logger.DEBUG: Post 1448 was imported with author "bpadmin", but could not be found [] []
[2024-04-08 08:46:23] merlin-logger.DEBUG: Post 1448 was marked for post-processing, but none was required. [] []
[2024-04-08 08:46:23] merlin-logger.DEBUG: Running post-processing for post 1449 [] []
[2024-04-08 08:46:23] merlin-logger.WARNING: Could not find the author for "" (post #1449) [] []
[2024-04-08 08:46:23] merlin-logger.DEBUG: Post 1449 was imported with author "bpadmin", but could not be found [] []
[2024-04-08 08:46:23] merlin-logger.DEBUG: Post 1449 was marked for post-processing, but none was required. [] []
[2024-04-08 08:46:23] merlin-logger.DEBUG: Running post-processing for post 1450 [] []
[2024-04-08 08:46:23] merlin-logger.WARNING: Could not find the author for "" (post #1450) [] []
[2024-04-08 08:46:23] merlin-logger.DEBUG: Post 1450 was imported with author "bpadmin", but could not be found [] []
[2024-04-08 08:46:23] merlin-logger.DEBUG: Post 1450 was marked for post-processing, but none was required. [] []
[2024-04-08 08:46:23] merlin-logger.DEBUG: Running post-processing for post 1451 [] []
[2024-04-08 08:46:23] merlin-logger.WARNING: Could not find the author for "" (post #1451) [] []
[2024-04-08 08:46:23] merlin-logger.DEBUG: Post 1451 was imported with author "bpadmin", but could not be found [] []
[2024-04-08 08:46:23] merlin-logger.DEBUG: Post 1451 was marked for post-processing, but none was required. [] []
[2024-04-08 08:46:23] merlin-logger.DEBUG: Running post-processing for post 1452 [] []
[2024-04-08 08:46:23] merlin-logger.WARNING: Could not find the author for "" (post #1452) [] []
[2024-04-08 08:46:23] merlin-logger.DEBUG: Post 1452 was imported with author "bpadmin", but could not be found [] []
[2024-04-08 08:46:23] merlin-logger.DEBUG: Post 1452 was marked for post-processing, but none was required. [] []
[2024-04-08 08:46:23] merlin-logger.DEBUG: Running post-processing for post 1453 [] []
[2024-04-08 08:46:23] merlin-logger.WARNING: Could not find the author for "" (post #1453) [] []
[2024-04-08 08:46:23] merlin-logger.DEBUG: Post 1453 was imported with author "bpadmin", but could not be found [] []
[2024-04-08 08:46:23] merlin-logger.DEBUG: Post 1453 was marked for post-processing, but none was required. [] []
[2024-04-08 08:46:23] merlin-logger.DEBUG: Running post-processing for post 1454 [] []
[2024-04-08 08:46:23] merlin-logger.WARNING: Could not find the author for "Blog Side Bar Right" (post #1454) [] []
[2024-04-08 08:46:23] merlin-logger.DEBUG: Post 1454 was imported with author "bpadmin", but could not be found [] []
[2024-04-08 08:46:23] merlin-logger.DEBUG: Post 1454 was marked for post-processing, but none was required. [] []
[2024-04-08 08:46:23] merlin-logger.DEBUG: Running post-processing for post 1455 [] []
[2024-04-08 08:46:23] merlin-logger.WARNING: Could not find the author for "Blog Side Bar Left" (post #1455) [] []
[2024-04-08 08:46:23] merlin-logger.DEBUG: Post 1455 was imported with author "bpadmin", but could not be found [] []
[2024-04-08 08:46:23] merlin-logger.DEBUG: Post 1455 was marked for post-processing, but none was required. [] []
[2024-04-08 08:46:23] merlin-logger.DEBUG: Running post-processing for post 1456 [] []
[2024-04-08 08:46:23] merlin-logger.WARNING: Could not find the author for "Blog No Side Bar" (post #1456) [] []
[2024-04-08 08:46:23] merlin-logger.DEBUG: Post 1456 was imported with author "bpadmin", but could not be found [] []
[2024-04-08 08:46:23] merlin-logger.DEBUG: Post 1456 was marked for post-processing, but none was required. [] []
[2024-04-08 08:46:23] merlin-logger.DEBUG: Running post-processing for post 1457 [] []
[2024-04-08 08:46:23] merlin-logger.WARNING: Could not find the author for "Blog Grid" (post #1457) [] []
[2024-04-08 08:46:23] merlin-logger.DEBUG: Post 1457 was imported with author "bpadmin", but could not be found [] []
[2024-04-08 08:46:23] merlin-logger.DEBUG: Post 1457 was marked for post-processing, but none was required. [] []
[2024-04-08 08:46:23] merlin-logger.DEBUG: Running post-processing for post 1458 [] []
[2024-04-08 08:46:23] merlin-logger.WARNING: Could not find the author for "Blog List" (post #1458) [] []
[2024-04-08 08:46:23] merlin-logger.DEBUG: Post 1458 was imported with author "bpadmin", but could not be found [] []
[2024-04-08 08:46:23] merlin-logger.DEBUG: Post 1458 was marked for post-processing, but none was required. [] []
[2024-04-08 08:46:23] merlin-logger.DEBUG: Running post-processing for post 1459 [] []
[2024-04-08 08:46:23] merlin-logger.WARNING: Could not find the author for "Blog Single" (post #1459) [] []
[2024-04-08 08:46:23] merlin-logger.DEBUG: Post 1459 was imported with author "bpadmin", but could not be found [] []
[2024-04-08 08:46:23] merlin-logger.DEBUG: Post 1459 was marked for post-processing, but none was required. [] []
[2024-04-08 08:46:23] merlin-logger.DEBUG: Running post-processing for post 1460 [] []
[2024-04-08 08:46:23] merlin-logger.WARNING: Could not find the author for "Standard Post" (post #1460) [] []
[2024-04-08 08:46:23] merlin-logger.DEBUG: Post 1460 was imported with author "bpadmin", but could not be found [] []
[2024-04-08 08:46:23] merlin-logger.DEBUG: Post 1460 was marked for post-processing, but none was required. [] []
[2024-04-08 08:46:23] merlin-logger.DEBUG: Running post-processing for post 1463 [] []
[2024-04-08 08:46:23] merlin-logger.WARNING: Could not find the author for "Image Post" (post #1463) [] []
[2024-04-08 08:46:23] merlin-logger.DEBUG: Post 1463 was imported with author "bpadmin", but could not be found [] []
[2024-04-08 08:46:23] merlin-logger.DEBUG: Post 1463 was marked for post-processing, but none was required. [] []
[2024-04-08 08:46:23] merlin-logger.DEBUG: Running post-processing for post 1500 [] []
[2024-04-08 08:46:23] merlin-logger.WARNING: Could not find the author for "Video Post" (post #1500) [] []
[2024-04-08 08:46:23] merlin-logger.DEBUG: Post 1500 was imported with author "bpadmin", but could not be found [] []
[2024-04-08 08:46:23] merlin-logger.DEBUG: Post 1500 was marked for post-processing, but none was required. [] []
[2024-04-08 08:46:23] merlin-logger.DEBUG: Running post-processing for post 1501 [] []
[2024-04-08 08:46:23] merlin-logger.WARNING: Could not find the author for "Audio Post" (post #1501) [] []
[2024-04-08 08:46:23] merlin-logger.DEBUG: Post 1501 was imported with author "bpadmin", but could not be found [] []
[2024-04-08 08:46:23] merlin-logger.DEBUG: Post 1501 was marked for post-processing, but none was required. [] []
[2024-04-08 08:46:23] merlin-logger.DEBUG: Running post-processing for post 1503 [] []
[2024-04-08 08:46:23] merlin-logger.WARNING: Could not find the author for "Gallery Post" (post #1503) [] []
[2024-04-08 08:46:23] merlin-logger.DEBUG: Post 1503 was imported with author "bpadmin", but could not be found [] []
[2024-04-08 08:46:23] merlin-logger.DEBUG: Post 1503 was marked for post-processing, but none was required. [] []
[2024-04-08 08:46:23] merlin-logger.DEBUG: Running post-processing for post 1507 [] []
[2024-04-08 08:46:23] merlin-logger.WARNING: Could not find the author for "" (post #1507) [] []
[2024-04-08 08:46:23] merlin-logger.DEBUG: Post 1507 was imported with author "bpadmin", but could not be found [] []
[2024-04-08 08:46:23] merlin-logger.WARNING: Could not find the menu object for "" (post #1507) [] []
[2024-04-08 08:46:23] merlin-logger.DEBUG: Post 1507 was imported with object "80" of type "taxonomy", but could not be found [] []
[2024-04-08 08:46:23] merlin-logger.DEBUG: Post 1507 was marked for post-processing, but none was required. [] []
[2024-04-08 08:46:23] merlin-logger.DEBUG: Running post-processing for post 1510 [] []
[2024-04-08 08:46:23] merlin-logger.WARNING: Could not find the author for "" (post #1510) [] []
[2024-04-08 08:46:23] merlin-logger.DEBUG: Post 1510 was imported with author "bpadmin", but could not be found [] []
[2024-04-08 08:46:23] merlin-logger.WARNING: Could not find the menu object for "" (post #1510) [] []
[2024-04-08 08:46:23] merlin-logger.DEBUG: Post 1510 was imported with object "21" of type "taxonomy", but could not be found [] []
[2024-04-08 08:46:23] merlin-logger.DEBUG: Post 1510 was marked for post-processing, but none was required. [] []
[2024-04-08 08:46:23] merlin-logger.DEBUG: Running post-processing for post 1532 [] []
[2024-04-08 08:46:23] merlin-logger.WARNING: Could not find the author for "" (post #1532) [] []
[2024-04-08 08:46:23] merlin-logger.DEBUG: Post 1532 was imported with author "bpadmin", but could not be found [] []
[2024-04-08 08:46:23] merlin-logger.DEBUG: Post 1532 was marked for post-processing, but none was required. [] []
[2024-04-08 08:46:23] merlin-logger.DEBUG: Running post-processing for post 1533 [] []
[2024-04-08 08:46:23] merlin-logger.WARNING: Could not find the author for "" (post #1533) [] []
[2024-04-08 08:46:23] merlin-logger.DEBUG: Post 1533 was imported with author "bpadmin", but could not be found [] []
[2024-04-08 08:46:23] merlin-logger.DEBUG: Post 1533 was marked for post-processing, but none was required. [] []
[2024-04-08 08:46:23] merlin-logger.DEBUG: Running post-processing for post 1591 [] []
[2024-04-08 08:46:23] merlin-logger.WARNING: Could not find the author for "Home" (post #1591) [] []
[2024-04-08 08:46:23] merlin-logger.DEBUG: Post 1591 was imported with author "bpadmin", but could not be found [] []
[2024-04-08 08:46:23] merlin-logger.DEBUG: Post 1591 was marked for post-processing, but none was required. [] []
[2024-04-08 08:46:23] merlin-logger.DEBUG: Running post-processing for post 1596 [] []
[2024-04-08 08:46:23] merlin-logger.WARNING: Could not find the author for "Shop No Side bar" (post #1596) [] []
[2024-04-08 08:46:23] merlin-logger.DEBUG: Post 1596 was imported with author "bpadmin", but could not be found [] []
[2024-04-08 08:46:23] merlin-logger.DEBUG: Post 1596 was marked for post-processing, but none was required. [] []
[2024-04-08 08:46:23] merlin-logger.DEBUG: Running post-processing for post 1606 [] []
[2024-04-08 08:46:23] merlin-logger.WARNING: Could not find the author for "" (post #1606) [] []
[2024-04-08 08:46:23] merlin-logger.DEBUG: Post 1606 was imported with author "bpadmin", but could not be found [] []
[2024-04-08 08:46:23] merlin-logger.DEBUG: Post 1606 was marked for post-processing, but none was required. [] []
[2024-04-08 08:46:23] merlin-logger.DEBUG: Running post-processing for post 1607 [] []
[2024-04-08 08:46:23] merlin-logger.WARNING: Could not find the author for "" (post #1607) [] []
[2024-04-08 08:46:23] merlin-logger.DEBUG: Post 1607 was imported with author "bpadmin", but could not be found [] []
[2024-04-08 08:46:23] merlin-logger.DEBUG: Post 1607 was marked for post-processing, but none was required. [] []
[2024-04-08 08:46:23] merlin-logger.DEBUG: Running post-processing for post 1608 [] []
[2024-04-08 08:46:23] merlin-logger.WARNING: Could not find the author for "Help &#038; Faq&#8217;s" (post #1608) [] []
[2024-04-08 08:46:23] merlin-logger.DEBUG: Post 1608 was imported with author "bpadmin", but could not be found [] []
[2024-04-08 08:46:23] merlin-logger.DEBUG: Post 1608 was marked for post-processing, but none was required. [] []
[2024-04-08 08:46:23] merlin-logger.DEBUG: Running post-processing for post 1672 [] []
[2024-04-08 08:46:23] merlin-logger.WARNING: Could not find the author for "Covid-19" (post #1672) [] []
[2024-04-08 08:46:23] merlin-logger.DEBUG: Post 1672 was imported with author "bpadmin", but could not be found [] []
[2024-04-08 08:46:23] merlin-logger.DEBUG: Post 1672 was marked for post-processing, but none was required. [] []
[2024-04-08 08:46:23] merlin-logger.DEBUG: Running post-processing for post 1673 [] []
[2024-04-08 08:46:23] merlin-logger.WARNING: Could not find the author for "Face Masks" (post #1673) [] []
[2024-04-08 08:46:23] merlin-logger.DEBUG: Post 1673 was imported with author "bpadmin", but could not be found [] []
[2024-04-08 08:46:23] merlin-logger.DEBUG: Post 1673 was marked for post-processing, but none was required. [] []
[2024-04-08 08:46:23] merlin-logger.DEBUG: Running post-processing for post 1674 [] []
[2024-04-08 08:46:23] merlin-logger.WARNING: Could not find the author for "" (post #1674) [] []
[2024-04-08 08:46:23] merlin-logger.DEBUG: Post 1674 was imported with author "bpadmin", but could not be found [] []
[2024-04-08 08:46:23] merlin-logger.WARNING: Could not find the menu object for "" (post #1674) [] []
[2024-04-08 08:46:23] merlin-logger.DEBUG: Post 1674 was imported with object "16" of type "taxonomy", but could not be found [] []
[2024-04-08 08:46:23] merlin-logger.DEBUG: Post 1674 was marked for post-processing, but none was required. [] []
[2024-04-08 08:46:23] merlin-logger.DEBUG: Running post-processing for post 1675 [] []
[2024-04-08 08:46:23] merlin-logger.WARNING: Could not find the author for "" (post #1675) [] []
[2024-04-08 08:46:23] merlin-logger.DEBUG: Post 1675 was imported with author "bpadmin", but could not be found [] []
[2024-04-08 08:46:23] merlin-logger.WARNING: Could not find the menu object for "" (post #1675) [] []
[2024-04-08 08:46:23] merlin-logger.DEBUG: Post 1675 was imported with object "79" of type "taxonomy", but could not be found [] []
[2024-04-08 08:46:23] merlin-logger.DEBUG: Post 1675 was marked for post-processing, but none was required. [] []
[2024-04-08 08:46:23] merlin-logger.DEBUG: Running post-processing for post 1676 [] []
[2024-04-08 08:46:23] merlin-logger.WARNING: Could not find the author for "" (post #1676) [] []
[2024-04-08 08:46:23] merlin-logger.DEBUG: Post 1676 was imported with author "bpadmin", but could not be found [] []
[2024-04-08 08:46:23] merlin-logger.WARNING: Could not find the menu object for "" (post #1676) [] []
[2024-04-08 08:46:23] merlin-logger.DEBUG: Post 1676 was imported with object "123" of type "taxonomy", but could not be found [] []
[2024-04-08 08:46:23] merlin-logger.DEBUG: Post 1676 was marked for post-processing, but none was required. [] []
[2024-04-08 08:46:23] merlin-logger.DEBUG: Running post-processing for post 1677 [] []
[2024-04-08 08:46:23] merlin-logger.WARNING: Could not find the author for "" (post #1677) [] []
[2024-04-08 08:46:23] merlin-logger.DEBUG: Post 1677 was imported with author "bpadmin", but could not be found [] []
[2024-04-08 08:46:23] merlin-logger.WARNING: Could not find the menu object for "" (post #1677) [] []
[2024-04-08 08:46:23] merlin-logger.DEBUG: Post 1677 was imported with object "19" of type "taxonomy", but could not be found [] []
[2024-04-08 08:46:23] merlin-logger.DEBUG: Post 1677 was marked for post-processing, but none was required. [] []
[2024-04-08 08:46:23] merlin-logger.DEBUG: Running post-processing for post 1680 [] []
[2024-04-08 08:46:23] merlin-logger.WARNING: Could not find the author for "Medical" (post #1680) [] []
[2024-04-08 08:46:23] merlin-logger.DEBUG: Post 1680 was imported with author "bpadmin", but could not be found [] []
[2024-04-08 08:46:23] merlin-logger.DEBUG: Post 1680 was marked for post-processing, but none was required. [] []
[2024-04-08 08:46:23] merlin-logger.DEBUG: Running post-processing for post 1681 [] []
[2024-04-08 08:46:23] merlin-logger.WARNING: Could not find the author for "Community health" (post #1681) [] []
[2024-04-08 08:46:23] merlin-logger.DEBUG: Post 1681 was imported with author "bpadmin", but could not be found [] []
[2024-04-08 08:46:23] merlin-logger.DEBUG: Post 1681 was marked for post-processing, but none was required. [] []
[2024-04-08 08:46:23] merlin-logger.DEBUG: Running post-processing for post 1682 [] []
[2024-04-08 08:46:23] merlin-logger.WARNING: Could not find the author for "" (post #1682) [] []
[2024-04-08 08:46:23] merlin-logger.DEBUG: Post 1682 was imported with author "bpadmin", but could not be found [] []
[2024-04-08 08:46:23] merlin-logger.WARNING: Could not find the menu object for "" (post #1682) [] []
[2024-04-08 08:46:23] merlin-logger.DEBUG: Post 1682 was imported with object "18" of type "taxonomy", but could not be found [] []
[2024-04-08 08:46:23] merlin-logger.DEBUG: Post 1682 was marked for post-processing, but none was required. [] []
[2024-04-08 08:46:23] merlin-logger.DEBUG: Running post-processing for post 1683 [] []
[2024-04-08 08:46:23] merlin-logger.WARNING: Could not find the author for "" (post #1683) [] []
[2024-04-08 08:46:23] merlin-logger.DEBUG: Post 1683 was imported with author "bpadmin", but could not be found [] []
[2024-04-08 08:46:23] merlin-logger.WARNING: Could not find the menu object for "" (post #1683) [] []
[2024-04-08 08:46:23] merlin-logger.DEBUG: Post 1683 was imported with object "17" of type "taxonomy", but could not be found [] []
[2024-04-08 08:46:23] merlin-logger.DEBUG: Post 1683 was marked for post-processing, but none was required. [] []
[2024-04-08 08:46:23] merlin-logger.DEBUG: Running post-processing for post 1719 [] []
[2024-04-08 08:46:23] merlin-logger.WARNING: Could not find the author for "Blog" (post #1719) [] []
[2024-04-08 08:46:23] merlin-logger.DEBUG: Post 1719 was imported with author "bpadmin", but could not be found [] []
[2024-04-08 08:46:23] merlin-logger.DEBUG: Post 1719 was marked for post-processing, but none was required. [] []
[2024-04-08 08:46:23] merlin-logger.DEBUG: Running post-processing for post 1735 [] []
[2024-04-08 08:46:23] merlin-logger.WARNING: Could not find the author for "Product" (post #1735) [] []
[2024-04-08 08:46:23] merlin-logger.DEBUG: Post 1735 was imported with author "bpadmin", but could not be found [] []
[2024-04-08 08:46:23] merlin-logger.WARNING: Could not find the menu object for "Product" (post #1735) [] []
[2024-04-08 08:46:23] merlin-logger.DEBUG: Post 1735 was imported with object "755" of type "post_type", but could not be found [] []
[2024-04-08 08:46:23] merlin-logger.DEBUG: Post 1735 was marked for post-processing, but none was required. [] []
[2024-04-08 08:46:23] merlin-logger.DEBUG: Running post-processing for post 1751 [] []
[2024-04-08 08:46:23] merlin-logger.WARNING: Could not find the author for "Home Care" (post #1751) [] []
[2024-04-08 08:46:23] merlin-logger.DEBUG: Post 1751 was imported with author "bpadmin", but could not be found [] []
[2024-04-08 08:46:23] merlin-logger.DEBUG: Post 1751 was marked for post-processing, but none was required. [] []
[2024-04-08 08:46:23] merlin-logger.DEBUG: Running post-processing for post 1752 [] []
[2024-04-08 08:46:23] merlin-logger.WARNING: Could not find the author for "Home Medicine" (post #1752) [] []
[2024-04-08 08:46:23] merlin-logger.DEBUG: Post 1752 was imported with author "bpadmin", but could not be found [] []
[2024-04-08 08:46:23] merlin-logger.DEBUG: Post 1752 was marked for post-processing, but none was required. [] []
[2024-04-08 08:46:23] merlin-logger.DEBUG: Running post-processing for post 1753 [] []
[2024-04-08 08:46:23] merlin-logger.WARNING: Could not find the author for "Home Protective" (post #1753) [] []
[2024-04-08 08:46:23] merlin-logger.DEBUG: Post 1753 was imported with author "bpadmin", but could not be found [] []
[2024-04-08 08:46:23] merlin-logger.DEBUG: Post 1753 was marked for post-processing, but none was required. [] []
[2024-04-08 08:46:23] merlin-logger.DEBUG: Running post-processing for post 1754 [] []
[2024-04-08 08:46:23] merlin-logger.WARNING: Could not find the author for "Collections" (post #1754) [] []
[2024-04-08 08:46:23] merlin-logger.DEBUG: Post 1754 was imported with author "bpadmin", but could not be found [] []
[2024-04-08 08:46:23] merlin-logger.DEBUG: Post 1754 was marked for post-processing, but none was required. [] []
[2024-04-08 08:46:23] merlin-logger.DEBUG: Running post-processing for post 1755 [] []
[2024-04-08 08:46:23] merlin-logger.WARNING: Could not find the author for "Privacy Policy" (post #1755) [] []
[2024-04-08 08:46:23] merlin-logger.DEBUG: Post 1755 was imported with author "bpadmin", but could not be found [] []
[2024-04-08 08:46:23] merlin-logger.DEBUG: Post 1755 was marked for post-processing, but none was required. [] []
[2024-04-08 08:46:23] merlin-logger.DEBUG: Running post-processing for post 1756 [] []
[2024-04-08 08:46:23] merlin-logger.WARNING: Could not find the author for "Wishlist" (post #1756) [] []
[2024-04-08 08:46:23] merlin-logger.DEBUG: Post 1756 was imported with author "bpadmin", but could not be found [] []
[2024-04-08 08:46:23] merlin-logger.DEBUG: Post 1756 was marked for post-processing, but none was required. [] []
[2024-04-08 08:46:23] merlin-logger.DEBUG: Running post-processing for post 10 [] []
[2024-04-08 08:46:23] merlin-logger.WARNING: Could not find the author for "Shop" (post #10) [] []
[2024-04-08 08:46:23] merlin-logger.DEBUG: Post 10 was imported with author "bpadmin", but could not be found [] []
[2024-04-08 08:46:23] merlin-logger.DEBUG: Post 10 was marked for post-processing, but none was required. [] []
[2024-04-08 08:46:23] merlin-logger.DEBUG: Running post-processing for post 11 [] []
[2024-04-08 08:46:23] merlin-logger.WARNING: Could not find the author for "Cart" (post #11) [] []
[2024-04-08 08:46:23] merlin-logger.DEBUG: Post 11 was imported with author "bpadmin", but could not be found [] []
[2024-04-08 08:46:23] merlin-logger.DEBUG: Post 11 was marked for post-processing, but none was required. [] []
[2024-04-08 08:46:23] merlin-logger.DEBUG: Running post-processing for post 12 [] []
[2024-04-08 08:46:23] merlin-logger.WARNING: Could not find the author for "Checkout" (post #12) [] []
[2024-04-08 08:46:23] merlin-logger.DEBUG: Post 12 was imported with author "bpadmin", but could not be found [] []
[2024-04-08 08:46:23] merlin-logger.DEBUG: Post 12 was marked for post-processing, but none was required. [] []
[2024-04-08 08:46:23] merlin-logger.DEBUG: Running post-processing for post 13 [] []
[2024-04-08 08:46:23] merlin-logger.WARNING: Could not find the author for "My account" (post #13) [] []
[2024-04-08 08:46:23] merlin-logger.DEBUG: Post 13 was imported with author "bpadmin", but could not be found [] []
[2024-04-08 08:46:23] merlin-logger.DEBUG: Post 13 was marked for post-processing, but none was required. [] []
[2024-04-08 08:46:23] merlin-logger.DEBUG: Running post-processing for post 16 [] []
[2024-04-08 08:46:23] merlin-logger.WARNING: Could not find the author for "Home" (post #16) [] []
[2024-04-08 08:46:23] merlin-logger.DEBUG: Post 16 was imported with author "bpadmin", but could not be found [] []
[2024-04-08 08:46:23] merlin-logger.DEBUG: Running post-processing for post 512 [] []
[2024-04-08 08:46:23] merlin-logger.WARNING: Could not find the author for "About Us" (post #512) [] []
[2024-04-08 08:46:23] merlin-logger.DEBUG: Post 512 was imported with author "bpadmin", but could not be found [] []
[2024-04-08 08:46:23] merlin-logger.DEBUG: Running post-processing for post 584 [] []
[2024-04-08 08:46:23] merlin-logger.WARNING: Could not find the author for "Contact Us" (post #584) [] []
[2024-04-08 08:46:23] merlin-logger.DEBUG: Post 584 was imported with author "bpadmin", but could not be found [] []
[2024-04-08 08:46:23] merlin-logger.DEBUG: Running post-processing for post 590 [] []
[2024-04-08 08:46:23] merlin-logger.WARNING: Could not find the author for "Error Page" (post #590) [] []
[2024-04-08 08:46:23] merlin-logger.DEBUG: Post 590 was imported with author "bpadmin", but could not be found [] []
[2024-04-08 08:46:23] merlin-logger.DEBUG: Running post-processing for post 1757 [] []
[2024-04-08 08:46:23] merlin-logger.WARNING: Could not find the author for "Elements" (post #1757) [] []
[2024-04-08 08:46:23] merlin-logger.DEBUG: Post 1757 was imported with author "bpadmin", but could not be found [] []
[2024-04-08 08:46:23] merlin-logger.DEBUG: Post 1757 was marked for post-processing, but none was required. [] []
[2024-04-08 08:46:23] merlin-logger.DEBUG: Running post-processing for post 1758 [] []
[2024-04-08 08:46:23] merlin-logger.WARNING: Could not find the author for "Shop Default Listing" (post #1758) [] []
[2024-04-08 08:46:23] merlin-logger.DEBUG: Post 1758 was imported with author "bpadmin", but could not be found [] []
[2024-04-08 08:46:23] merlin-logger.DEBUG: Post 1758 was marked for post-processing, but none was required. [] []
[2024-04-08 08:46:23] merlin-logger.DEBUG: Running post-processing for post 1759 [] []
[2024-04-08 08:46:23] merlin-logger.WARNING: Could not find the author for "Ajax + Cart at Left" (post #1759) [] []
[2024-04-08 08:46:23] merlin-logger.DEBUG: Post 1759 was imported with author "bpadmin", but could not be found [] []
[2024-04-08 08:46:23] merlin-logger.DEBUG: Post 1759 was marked for post-processing, but none was required. [] []
[2024-04-08 08:46:23] merlin-logger.DEBUG: Running post-processing for post 1760 [] []
[2024-04-08 08:46:23] merlin-logger.WARNING: Could not find the author for "Ajax + Cart at Right" (post #1760) [] []
[2024-04-08 08:46:23] merlin-logger.DEBUG: Post 1760 was imported with author "bpadmin", but could not be found [] []
[2024-04-08 08:46:23] merlin-logger.DEBUG: Post 1760 was marked for post-processing, but none was required. [] []
[2024-04-08 08:46:23] merlin-logger.DEBUG: Running post-processing for post 1761 [] []
[2024-04-08 08:46:23] merlin-logger.WARNING: Could not find the author for "Ajax + Cart Popup" (post #1761) [] []
[2024-04-08 08:46:23] merlin-logger.DEBUG: Post 1761 was imported with author "bpadmin", but could not be found [] []
[2024-04-08 08:46:23] merlin-logger.DEBUG: Post 1761 was marked for post-processing, but none was required. [] []
[2024-04-08 08:46:23] merlin-logger.DEBUG: Running post-processing for post 1762 [] []
[2024-04-08 08:46:23] merlin-logger.WARNING: Could not find the author for "Page" (post #1762) [] []
[2024-04-08 08:46:23] merlin-logger.DEBUG: Post 1762 was imported with author "bpadmin", but could not be found [] []
[2024-04-08 08:46:23] merlin-logger.DEBUG: Post 1762 was marked for post-processing, but none was required. [] []
[2024-04-08 08:46:23] merlin-logger.DEBUG: Running post-processing for post 1763 [] []
[2024-04-08 08:46:23] merlin-logger.WARNING: Could not find the author for "" (post #1763) [] []
[2024-04-08 08:46:23] merlin-logger.DEBUG: Post 1763 was imported with author "bpadmin", but could not be found [] []
[2024-04-08 08:46:23] merlin-logger.DEBUG: Post 1763 was marked for post-processing, but none was required. [] []
[2024-04-08 08:46:23] merlin-logger.DEBUG: Running post-processing for post 1764 [] []
[2024-04-08 08:46:23] merlin-logger.WARNING: Could not find the author for "" (post #1764) [] []
[2024-04-08 08:46:23] merlin-logger.DEBUG: Post 1764 was imported with author "bpadmin", but could not be found [] []
[2024-04-08 08:46:23] merlin-logger.DEBUG: Post 1764 was marked for post-processing, but none was required. [] []
[2024-04-08 08:46:23] merlin-logger.DEBUG: Running post-processing for post 1765 [] []
[2024-04-08 08:46:23] merlin-logger.WARNING: Could not find the author for "" (post #1765) [] []
[2024-04-08 08:46:23] merlin-logger.DEBUG: Post 1765 was imported with author "bpadmin", but could not be found [] []
[2024-04-08 08:46:23] merlin-logger.DEBUG: Post 1765 was marked for post-processing, but none was required. [] []
[2024-04-08 08:46:23] merlin-logger.DEBUG: Running post-processing for post 1766 [] []
[2024-04-08 08:46:23] merlin-logger.WARNING: Could not find the author for "" (post #1766) [] []
[2024-04-08 08:46:23] merlin-logger.DEBUG: Post 1766 was imported with author "bpadmin", but could not be found [] []
[2024-04-08 08:46:23] merlin-logger.DEBUG: Post 1766 was marked for post-processing, but none was required. [] []
[2024-04-08 08:46:23] merlin-logger.DEBUG: Running post-processing for post 592 [] []
[2024-04-08 08:46:23] merlin-logger.WARNING: Could not find the author for "Addon image" (post #592) [] []
[2024-04-08 08:46:23] merlin-logger.DEBUG: Post 592 was imported with author "bpadmin", but could not be found [] []
[2024-04-08 08:46:23] merlin-logger.DEBUG: Running post-processing for post 596 [] []
[2024-04-08 08:46:23] merlin-logger.WARNING: Could not find the author for "Addon Text" (post #596) [] []
[2024-04-08 08:46:23] merlin-logger.DEBUG: Post 596 was imported with author "bpadmin", but could not be found [] []
[2024-04-08 08:46:23] merlin-logger.DEBUG: Post 596 was marked for post-processing, but none was required. [] []
[2024-04-08 08:46:23] merlin-logger.DEBUG: Running post-processing for post 598 [] []
[2024-04-08 08:46:23] merlin-logger.WARNING: Could not find the author for "Addon Video" (post #598) [] []
[2024-04-08 08:46:23] merlin-logger.DEBUG: Post 598 was imported with author "bpadmin", but could not be found [] []
[2024-04-08 08:46:23] merlin-logger.DEBUG: Post 598 was marked for post-processing, but none was required. [] []
[2024-04-08 08:46:23] merlin-logger.DEBUG: Running post-processing for post 601 [] []
[2024-04-08 08:46:23] merlin-logger.WARNING: Could not find the author for "Brand" (post #601) [] []
[2024-04-08 08:46:23] merlin-logger.DEBUG: Post 601 was imported with author "bpadmin", but could not be found [] []
[2024-04-08 08:46:23] merlin-logger.DEBUG: Running post-processing for post 603 [] []
[2024-04-08 08:46:23] merlin-logger.WARNING: Could not find the author for "FAQs" (post #603) [] []
[2024-04-08 08:46:23] merlin-logger.DEBUG: Post 603 was imported with author "bpadmin", but could not be found [] []
[2024-04-08 08:46:23] merlin-logger.DEBUG: Running post-processing for post 605 [] []
[2024-04-08 08:46:23] merlin-logger.WARNING: Could not find the author for "Features" (post #605) [] []
[2024-04-08 08:46:23] merlin-logger.DEBUG: Post 605 was imported with author "bpadmin", but could not be found [] []
[2024-04-08 08:46:23] merlin-logger.DEBUG: Post 605 was marked for post-processing, but none was required. [] []
[2024-04-08 08:46:23] merlin-logger.DEBUG: Running post-processing for post 607 [] []
[2024-04-08 08:46:23] merlin-logger.WARNING: Could not find the author for "Flash Sale" (post #607) [] []
[2024-04-08 08:46:23] merlin-logger.DEBUG: Post 607 was imported with author "bpadmin", but could not be found [] []
[2024-04-08 08:46:23] merlin-logger.DEBUG: Post 607 was marked for post-processing, but none was required. [] []
[2024-04-08 08:46:23] merlin-logger.DEBUG: Running post-processing for post 615 [] []
[2024-04-08 08:46:23] merlin-logger.WARNING: Could not find the author for "Newsletter" (post #615) [] []
[2024-04-08 08:46:23] merlin-logger.DEBUG: Post 615 was imported with author "bpadmin", but could not be found [] []
[2024-04-08 08:46:23] merlin-logger.DEBUG: Post 615 was marked for post-processing, but none was required. [] []
[2024-04-08 08:46:23] merlin-logger.DEBUG: Running post-processing for post 617 [] []
[2024-04-08 08:46:23] merlin-logger.WARNING: Could not find the author for "On Sale Product" (post #617) [] []
[2024-04-08 08:46:23] merlin-logger.DEBUG: Post 617 was imported with author "bpadmin", but could not be found [] []
[2024-04-08 08:46:23] merlin-logger.DEBUG: Post 617 was marked for post-processing, but none was required. [] []
[2024-04-08 08:46:23] merlin-logger.DEBUG: Running post-processing for post 619 [] []
[2024-04-08 08:46:23] merlin-logger.WARNING: Could not find the author for "Post Elements" (post #619) [] []
[2024-04-08 08:46:23] merlin-logger.DEBUG: Post 619 was imported with author "bpadmin", but could not be found [] []
[2024-04-08 08:46:23] merlin-logger.DEBUG: Running post-processing for post 621 [] []
[2024-04-08 08:46:23] merlin-logger.WARNING: Could not find the author for "Product Attribute" (post #621) [] []
[2024-04-08 08:46:23] merlin-logger.DEBUG: Post 621 was imported with author "bpadmin", but could not be found [] []
[2024-04-08 08:46:23] merlin-logger.DEBUG: Post 621 was marked for post-processing, but none was required. [] []
[2024-04-08 08:46:23] merlin-logger.DEBUG: Running post-processing for post 623 [] []
[2024-04-08 08:46:23] merlin-logger.WARNING: Could not find the author for "Product Categories Elements" (post #623) [] []
[2024-04-08 08:46:23] merlin-logger.DEBUG: Post 623 was imported with author "bpadmin", but could not be found [] []
[2024-04-08 08:46:23] merlin-logger.DEBUG: Post 623 was marked for post-processing, but none was required. [] []
[2024-04-08 08:46:23] merlin-logger.DEBUG: Running post-processing for post 625 [] []
[2024-04-08 08:46:23] merlin-logger.WARNING: Could not find the author for "Product Elements" (post #625) [] []
[2024-04-08 08:46:23] merlin-logger.DEBUG: Post 625 was imported with author "bpadmin", but could not be found [] []
[2024-04-08 08:46:23] merlin-logger.DEBUG: Post 625 was marked for post-processing, but none was required. [] []
[2024-04-08 08:46:23] merlin-logger.DEBUG: Running post-processing for post 627 [] []
[2024-04-08 08:46:23] merlin-logger.WARNING: Could not find the author for "Recently Viewed Products" (post #627) [] []
[2024-04-08 08:46:23] merlin-logger.DEBUG: Post 627 was imported with author "bpadmin", but could not be found [] []
[2024-04-08 08:46:23] merlin-logger.DEBUG: Post 627 was marked for post-processing, but none was required. [] []
[2024-04-08 08:46:23] merlin-logger.DEBUG: Running post-processing for post 629 [] []
[2024-04-08 08:46:23] merlin-logger.WARNING: Could not find the author for "Social Share" (post #629) [] []
[2024-04-08 08:46:23] merlin-logger.DEBUG: Post 629 was imported with author "bpadmin", but could not be found [] []
[2024-04-08 08:46:23] merlin-logger.DEBUG: Post 629 was marked for post-processing, but none was required. [] []
[2024-04-08 08:46:23] merlin-logger.DEBUG: Running post-processing for post 631 [] []
[2024-04-08 08:46:23] merlin-logger.WARNING: Could not find the author for "Team Member" (post #631) [] []
[2024-04-08 08:46:23] merlin-logger.DEBUG: Post 631 was imported with author "bpadmin", but could not be found [] []
[2024-04-08 08:46:23] merlin-logger.DEBUG: Running post-processing for post 633 [] []
[2024-04-08 08:46:23] merlin-logger.WARNING: Could not find the author for "Terms Of Use" (post #633) [] []
[2024-04-08 08:46:23] merlin-logger.DEBUG: Post 633 was imported with author "bpadmin", but could not be found [] []
[2024-04-08 08:46:23] merlin-logger.DEBUG: Post 633 was marked for post-processing, but none was required. [] []
[2024-04-08 08:46:23] merlin-logger.DEBUG: Running post-processing for post 635 [] []
[2024-04-08 08:46:23] merlin-logger.WARNING: Could not find the author for "Top Rated Products" (post #635) [] []
[2024-04-08 08:46:23] merlin-logger.DEBUG: Post 635 was imported with author "bpadmin", but could not be found [] []
[2024-04-08 08:46:23] merlin-logger.DEBUG: Post 635 was marked for post-processing, but none was required. [] []
[2024-04-08 08:46:23] merlin-logger.DEBUG: Running post-processing for post 637 [] []
[2024-04-08 08:46:23] merlin-logger.WARNING: Could not find the author for "Track My Order" (post #637) [] []
[2024-04-08 08:46:23] merlin-logger.DEBUG: Post 637 was imported with author "bpadmin", but could not be found [] []
[2024-04-08 08:46:23] merlin-logger.DEBUG: Post 637 was marked for post-processing, but none was required. [] []
[2024-04-08 08:46:23] merlin-logger.DEBUG: Running post-processing for post 640 [] []
[2024-04-08 08:46:23] merlin-logger.WARNING: Could not find the author for "Best Selling Product" (post #640) [] []
[2024-04-08 08:46:23] merlin-logger.DEBUG: Post 640 was imported with author "bpadmin", but could not be found [] []
[2024-04-08 08:46:23] merlin-logger.DEBUG: Post 640 was marked for post-processing, but none was required. [] []
[2024-04-08 08:46:23] merlin-logger.DEBUG: Running post-processing for post 104 [] []
[2024-04-08 08:46:23] merlin-logger.WARNING: Could not find the author for "Mindfulness and Meditation" (post #104) [] []
[2024-04-08 08:46:23] merlin-logger.DEBUG: Post 104 was imported with author "bpadmin", but could not be found [] []
[2024-04-08 08:46:23] merlin-logger.DEBUG: Running post-processing for post 106 [] []
[2024-04-08 08:46:23] merlin-logger.WARNING: Could not find the author for "Wound Care Glossary of Terms" (post #106) [] []
[2024-04-08 08:46:23] merlin-logger.DEBUG: Post 106 was imported with author "bpadmin", but could not be found [] []
[2024-04-08 08:46:23] merlin-logger.DEBUG: Running post-processing for post 109 [] []
[2024-04-08 08:46:23] merlin-logger.WARNING: Could not find the author for "Garlic &#8211; &#8220;Antibiotics&#8221; versatile" (post #109) [] []
[2024-04-08 08:46:23] merlin-logger.DEBUG: Post 109 was imported with author "bpadmin", but could not be found [] []
[2024-04-08 08:46:23] merlin-logger.DEBUG: Running post-processing for post 111 [] []
[2024-04-08 08:46:23] merlin-logger.WARNING: Could not find the author for "Kitchen Blends Recipes: Easter Salmon" (post #111) [] []
[2024-04-08 08:46:23] merlin-logger.DEBUG: Post 111 was imported with author "bpadmin", but could not be found [] []
[2024-04-08 08:46:23] merlin-logger.DEBUG: Running post-processing for post 114 [] []
[2024-04-08 08:46:23] merlin-logger.WARNING: Could not find the author for "Doctor Is Scanning" (post #114) [] []
[2024-04-08 08:46:23] merlin-logger.DEBUG: Post 114 was imported with author "bpadmin", but could not be found [] []
[2024-04-08 08:46:23] merlin-logger.DEBUG: Running post-processing for post 115 [] []
[2024-04-08 08:46:23] merlin-logger.WARNING: Could not find the author for "Natural Treatments For High Blood Pressure" (post #115) [] []
[2024-04-08 08:46:23] merlin-logger.DEBUG: Post 115 was imported with author "bpadmin", but could not be found [] []
[2024-04-08 08:46:23] merlin-logger.DEBUG: Running post-processing for post 116 [] []
[2024-04-08 08:46:23] merlin-logger.WARNING: Could not find the author for "Things to keep in mind when choosing" (post #116) [] []
[2024-04-08 08:46:23] merlin-logger.DEBUG: Post 116 was imported with author "bpadmin", but could not be found [] []
[2024-04-08 08:46:23] merlin-logger.DEBUG: Running post-processing for post 127 [] []
[2024-04-08 08:46:23] merlin-logger.WARNING: Could not find the author for "What Should I Do With Stomach Pain?" (post #127) [] []
[2024-04-08 08:46:23] merlin-logger.DEBUG: Post 127 was imported with author "bpadmin", but could not be found [] []
[2024-04-08 08:46:23] merlin-logger.DEBUG: Running post-processing for post 128 [] []
[2024-04-08 08:46:23] merlin-logger.WARNING: Could not find the author for "The Blood Sample" (post #128) [] []
[2024-04-08 08:46:23] merlin-logger.DEBUG: Post 128 was imported with author "bpadmin", but could not be found [] []
[2024-04-08 08:46:23] merlin-logger.DEBUG: Running post-processing for post 129 [] []
[2024-04-08 08:46:23] merlin-logger.WARNING: Could not find the author for "Nutrients needed for bones and joints" (post #129) [] []
[2024-04-08 08:46:23] merlin-logger.DEBUG: Post 129 was imported with author "bpadmin", but could not be found [] []
[2024-04-08 08:46:23] merlin-logger.DEBUG: Running post-processing for post 133 [] []
[2024-04-08 08:46:23] merlin-logger.WARNING: Could not find the author for "Heartburn, what medication?" (post #133) [] []
[2024-04-08 08:46:23] merlin-logger.DEBUG: Post 133 was imported with author "bpadmin", but could not be found [] []
[2024-04-08 08:46:23] merlin-logger.DEBUG: Running post-processing for post 134 [] []
[2024-04-08 08:46:23] merlin-logger.WARNING: Could not find the author for "Natural remedies for quick bruising" (post #134) [] []
[2024-04-08 08:46:23] merlin-logger.DEBUG: Post 134 was imported with author "bpadmin", but could not be found [] []
[2024-04-08 08:46:23] merlin-logger.DEBUG: Running post-processing for post 138 [] []
[2024-04-08 08:46:23] merlin-logger.WARNING: Could not find the author for "Should Not Be Subjective When Nose Stuffy" (post #138) [] []
[2024-04-08 08:46:23] merlin-logger.DEBUG: Post 138 was imported with author "bpadmin", but could not be found [] []
[2024-04-08 08:46:23] merlin-logger.DEBUG: Running post-processing for post 139 [] []
[2024-04-08 08:46:23] merlin-logger.WARNING: Could not find the author for "Signs of potassium deficiency" (post #139) [] []
[2024-04-08 08:46:23] merlin-logger.DEBUG: Post 139 was imported with author "bpadmin", but could not be found [] []
[2024-04-08 08:46:23] merlin-logger.DEBUG: Running post-processing for post 140 [] []
[2024-04-08 08:46:23] merlin-logger.WARNING: Could not find the author for "How to protect the body from ultraviolet?" (post #140) [] []
[2024-04-08 08:46:23] merlin-logger.DEBUG: Post 140 was imported with author "bpadmin", but could not be found [] []
[2024-04-08 08:46:23] merlin-logger.DEBUG: Running post-processing for post 594 [] []
[2024-04-08 08:46:23] merlin-logger.WARNING: Could not find the author for "Addon Tag" (post #594) [] []
[2024-04-08 08:46:23] merlin-logger.DEBUG: Post 594 was imported with author "bpadmin", but could not be found [] []
[2024-04-08 08:46:23] merlin-logger.DEBUG: Post 594 was marked for post-processing, but none was required. [] []
[2024-04-08 08:46:23] merlin-logger.DEBUG: Running post-processing for post 609 [] []
[2024-04-08 08:46:23] merlin-logger.WARNING: Could not find the author for "Instagram" (post #609) [] []
[2024-04-08 08:46:23] merlin-logger.DEBUG: Post 609 was imported with author "bpadmin", but could not be found [] []
[2024-04-08 08:46:23] merlin-logger.DEBUG: Post 609 was marked for post-processing, but none was required. [] []
[2024-04-08 08:46:23] merlin-logger.DEBUG: Running post-processing for post 611 [] []
[2024-04-08 08:46:23] merlin-logger.WARNING: Could not find the author for "My Account" (post #611) [] []
[2024-04-08 08:46:23] merlin-logger.DEBUG: Post 611 was imported with author "bpadmin", but could not be found [] []
[2024-04-08 08:46:23] merlin-logger.DEBUG: Post 611 was marked for post-processing, but none was required. [] []
[2024-04-08 08:46:23] merlin-logger.DEBUG: Running post-processing for post 613 [] []
[2024-04-08 08:46:23] merlin-logger.WARNING: Could not find the author for "My Wishlist" (post #613) [] []
[2024-04-08 08:46:23] merlin-logger.DEBUG: Post 613 was imported with author "bpadmin", but could not be found [] []
[2024-04-08 08:46:23] merlin-logger.DEBUG: Post 613 was marked for post-processing, but none was required. [] []
[2024-04-08 08:46:23] merlin-logger.DEBUG: Running post-processing for post 1842 [] []
[2024-04-08 08:46:23] merlin-logger.WARNING: Could not find the author for "Test" (post #1842) [] []
[2024-04-08 08:46:23] merlin-logger.DEBUG: Post 1842 was imported with author "bpadmin", but could not be found [] []
[2024-04-08 08:46:23] merlin-logger.DEBUG: Post 1842 was marked for post-processing, but none was required. [] []
[2024-04-08 08:46:23] merlin-logger.DEBUG: Running post-processing for post 144 [] []
[2024-04-08 08:46:23] merlin-logger.WARNING: Could not find the author for "Choose headache medicine" (post #144) [] []
[2024-04-08 08:46:23] merlin-logger.DEBUG: Post 144 was imported with author "bpadmin", but could not be found [] []
[2024-04-08 08:46:23] merlin-logger.WARNING: Could not find the author for comment #2 [] []
[2024-04-08 08:46:23] merlin-logger.DEBUG: Comment 2 was imported with author 1, but could not be found [] []
[2024-04-08 08:46:23] merlin-logger.WARNING: Could not find the author for comment #3 [] []
[2024-04-08 08:46:23] merlin-logger.DEBUG: Comment 3 was imported with author 1, but could not be found [] []
[2024-04-08 08:46:23] merlin-logger.WARNING: Could not find the author for comment #4 [] []
[2024-04-08 08:46:23] merlin-logger.DEBUG: Comment 4 was imported with author 1, but could not be found [] []
[2024-04-08 08:46:23] merlin-logger.WARNING: Could not find the author for comment #5 [] []
[2024-04-08 08:46:23] merlin-logger.DEBUG: Comment 5 was imported with author 1, but could not be found [] []
[2024-04-08 08:46:23] merlin-logger.WARNING: Could not find the author for comment #6 [] []
[2024-04-08 08:46:23] merlin-logger.DEBUG: Comment 6 was imported with author 1, but could not be found [] []
[2024-04-08 08:46:23] merlin-logger.WARNING: Could not find the author for comment #7 [] []
[2024-04-08 08:46:23] merlin-logger.DEBUG: Comment 7 was imported with author 1, but could not be found [] []
[2024-04-08 08:46:23] merlin-logger.WARNING: Could not find the author for comment #8 [] []
[2024-04-08 08:46:23] merlin-logger.DEBUG: Comment 8 was imported with author 1, but could not be found [] []
[2024-04-08 08:46:23] merlin-logger.WARNING: Could not find the author for comment #9 [] []
[2024-04-08 08:46:23] merlin-logger.DEBUG: Comment 9 was imported with author 1, but could not be found [] []
[2024-04-08 08:46:23] merlin-logger.WARNING: Could not find the author for comment #10 [] []
[2024-04-08 08:46:23] merlin-logger.DEBUG: Comment 10 was imported with author 1, but could not be found [] []
[2024-04-08 08:46:23] merlin-logger.WARNING: Could not find the author for comment #11 [] []
[2024-04-08 08:46:23] merlin-logger.DEBUG: Comment 11 was imported with author 1, but could not be found [] []
[2024-04-08 08:46:23] merlin-logger.WARNING: Could not find the author for comment #12 [] []
[2024-04-08 08:46:23] merlin-logger.DEBUG: Comment 12 was imported with author 1, but could not be found [] []
[2024-04-08 08:46:23] merlin-logger.WARNING: Could not find the author for comment #13 [] []
[2024-04-08 08:46:23] merlin-logger.DEBUG: Comment 13 was imported with author 1, but could not be found [] []
[2024-04-08 08:46:23] merlin-logger.WARNING: Could not find the author for comment #14 [] []
[2024-04-08 08:46:23] merlin-logger.DEBUG: Comment 14 was imported with author 1, but could not be found [] []
[2024-04-08 08:46:23] merlin-logger.WARNING: Could not find the author for comment #15 [] []
[2024-04-08 08:46:23] merlin-logger.DEBUG: Comment 15 was imported with author 1, but could not be found [] []
[2024-04-08 08:46:23] merlin-logger.WARNING: Could not find the author for comment #16 [] []
[2024-04-08 08:46:23] merlin-logger.DEBUG: Comment 16 was imported with author 1, but could not be found [] []
[2024-04-08 08:46:23] merlin-logger.WARNING: Could not find the author for comment #17 [] []
[2024-04-08 08:46:23] merlin-logger.DEBUG: Comment 17 was imported with author 1, but could not be found [] []
[2024-04-08 08:46:23] merlin-logger.WARNING: Could not find the author for comment #18 [] []
[2024-04-08 08:46:23] merlin-logger.DEBUG: Comment 18 was imported with author 1, but could not be found [] []
[2024-04-08 08:46:23] merlin-logger.WARNING: Could not find the author for comment #19 [] []
[2024-04-08 08:46:23] merlin-logger.DEBUG: Comment 19 was imported with author 1, but could not be found [] []
[2024-04-08 08:46:23] merlin-logger.WARNING: Could not find the author for comment #20 [] []
[2024-04-08 08:46:23] merlin-logger.DEBUG: Comment 20 was imported with author 1, but could not be found [] []
[2024-04-08 08:46:23] merlin-logger.WARNING: Could not find the author for comment #22 [] []
[2024-04-08 08:46:23] merlin-logger.DEBUG: Comment 22 was imported with author 1, but could not be found [] []
[2024-04-08 08:46:23] merlin-logger.WARNING: Could not find the author for comment #23 [] []
[2024-04-08 08:46:23] merlin-logger.DEBUG: Comment 23 was imported with author 1, but could not be found [] []
[2024-04-08 08:46:23] merlin-logger.WARNING: Could not find the author for comment #24 [] []
[2024-04-08 08:46:23] merlin-logger.DEBUG: Comment 24 was imported with author 1, but could not be found [] []
[2024-04-08 08:46:23] merlin-logger.WARNING: Could not find the author for comment #25 [] []
[2024-04-08 08:46:23] merlin-logger.DEBUG: Comment 25 was imported with author 1, but could not be found [] []
[2024-04-08 08:46:23] merlin-logger.WARNING: Could not find the author for comment #26 [] []
[2024-04-08 08:46:23] merlin-logger.DEBUG: Comment 26 was imported with author 1, but could not be found [] []
[2024-04-08 08:46:23] merlin-logger.WARNING: Could not find the author for comment #27 [] []
[2024-04-08 08:46:23] merlin-logger.DEBUG: Comment 27 was imported with author 1, but could not be found [] []
[2024-04-08 08:46:23] merlin-logger.WARNING: Could not find the author for comment #28 [] []
[2024-04-08 08:46:23] merlin-logger.DEBUG: Comment 28 was imported with author 1, but could not be found [] []
[2024-04-08 08:46:23] merlin-logger.WARNING: Could not find the author for comment #29 [] []
[2024-04-08 08:46:23] merlin-logger.DEBUG: Comment 29 was imported with author 1, but could not be found [] []
[2024-04-08 08:46:23] merlin-logger.WARNING: Could not find the author for comment #30 [] []
[2024-04-08 08:46:23] merlin-logger.DEBUG: Comment 30 was imported with author 1, but could not be found [] []
[2024-04-08 08:46:23] merlin-logger.WARNING: Could not find the author for comment #31 [] []
[2024-04-08 08:46:23] merlin-logger.DEBUG: Comment 31 was imported with author 1, but could not be found [] []
[2024-04-08 08:46:23] merlin-logger.WARNING: Could not find the author for comment #32 [] []
[2024-04-08 08:46:23] merlin-logger.DEBUG: Comment 32 was imported with author 1, but could not be found [] []
[2024-04-08 08:46:23] merlin-logger.WARNING: Could not find the author for comment #33 [] []
[2024-04-08 08:46:23] merlin-logger.DEBUG: Comment 33 was imported with author 1, but could not be found [] []
[2024-04-08 08:46:23] merlin-logger.WARNING: Could not find the author for comment #34 [] []
[2024-04-08 08:46:23] merlin-logger.DEBUG: Comment 34 was imported with author 1, but could not be found [] []
[2024-04-08 08:46:23] merlin-logger.WARNING: Could not find the author for comment #35 [] []
[2024-04-08 08:46:23] merlin-logger.DEBUG: Comment 35 was imported with author 1, but could not be found [] []
[2024-04-08 08:46:23] merlin-logger.WARNING: Could not find the author for comment #36 [] []
[2024-04-08 08:46:23] merlin-logger.DEBUG: Comment 36 was imported with author 1, but could not be found [] []
[2024-04-08 08:46:23] merlin-logger.WARNING: Could not find the author for comment #37 [] []
[2024-04-08 08:46:23] merlin-logger.DEBUG: Comment 37 was imported with author 1, but could not be found [] []
[2024-04-08 08:46:23] merlin-logger.WARNING: Could not find the author for comment #38 [] []
[2024-04-08 08:46:23] merlin-logger.DEBUG: Comment 38 was imported with author 1, but could not be found [] []
[2024-04-08 08:46:23] merlin-logger.WARNING: Could not find the author for comment #39 [] []
[2024-04-08 08:46:23] merlin-logger.DEBUG: Comment 39 was imported with author 1, but could not be found [] []
[2024-04-08 08:46:23] merlin-logger.WARNING: Could not find the author for comment #41 [] []
[2024-04-08 08:46:23] merlin-logger.DEBUG: Comment 41 was imported with author 1, but could not be found [] []
[2024-04-08 08:46:23] merlin-logger.WARNING: Could not find the author for comment #42 [] []
[2024-04-08 08:46:23] merlin-logger.DEBUG: Comment 42 was imported with author 1, but could not be found [] []
[2024-04-08 08:46:23] merlin-logger.WARNING: Could not find the author for comment #43 [] []
[2024-04-08 08:46:23] merlin-logger.DEBUG: Comment 43 was imported with author 1, but could not be found [] []
[2024-04-08 08:46:23] merlin-logger.WARNING: Could not find the author for comment #44 [] []
[2024-04-08 08:46:23] merlin-logger.DEBUG: Comment 44 was imported with author 1, but could not be found [] []
[2024-04-08 08:46:23] merlin-logger.WARNING: Could not find the author for comment #45 [] []
[2024-04-08 08:46:23] merlin-logger.DEBUG: Comment 45 was imported with author 1, but could not be found [] []
[2024-04-08 08:46:23] merlin-logger.WARNING: Could not find the author for comment #46 [] []
[2024-04-08 08:46:23] merlin-logger.DEBUG: Comment 46 was imported with author 1, but could not be found [] []
[2024-04-08 08:46:23] merlin-logger.WARNING: Could not find the author for comment #47 [] []
[2024-04-08 08:46:23] merlin-logger.DEBUG: Comment 47 was imported with author 1, but could not be found [] []
[2024-04-08 08:46:23] merlin-logger.WARNING: Could not find the author for comment #48 [] []
[2024-04-08 08:46:23] merlin-logger.DEBUG: Comment 48 was imported with author 1, but could not be found [] []
[2024-04-08 08:46:23] merlin-logger.WARNING: Could not find the author for comment #49 [] []
[2024-04-08 08:46:23] merlin-logger.DEBUG: Comment 49 was imported with author 1, but could not be found [] []
[2024-04-08 08:46:23] merlin-logger.WARNING: Could not find the author for comment #50 [] []
[2024-04-08 08:46:23] merlin-logger.DEBUG: Comment 50 was imported with author 79, but could not be found [] []
[2024-04-08 08:46:23] merlin-logger.WARNING: Could not find the author for comment #51 [] []
[2024-04-08 08:46:23] merlin-logger.DEBUG: Comment 51 was imported with author 1, but could not be found [] []
[2024-04-08 08:46:23] merlin-logger.WARNING: Could not find the author for comment #52 [] []
[2024-04-08 08:46:23] merlin-logger.DEBUG: Comment 52 was imported with author 1, but could not be found [] []
[2024-04-08 08:46:23] merlin-logger.WARNING: Could not find the author for comment #53 [] []
[2024-04-08 08:46:23] merlin-logger.DEBUG: Comment 53 was imported with author 1, but could not be found [] []
[2024-04-08 08:46:23] merlin-logger.INFO: Starting remapping of featured images [] []
[2024-04-08 08:46:24] merlin-logger.INFO: The content import AJAX call will be executed with this import data {"title":"Widgets","data":"/home/jassai/public_html/medlama/wp-content/uploads/2024/04/widgets-2024-04-08__08-41-11.json"} []
[2024-04-08 08:46:24] merlin-logger.DEBUG: product-archive : Sidebar does not exist in theme (moving widget to Inactive)  woof_widget - No Title - Site does not support widget  product-single : Sidebar does not exist in theme (moving widget to Inactive)  Categories - No Title - Imported to Inactive woocommerce_recent_reviews - Recent reviews - Site does not support widget Image - No Title - Imported to Inactive  blog-archive-sidebar : Sidebar does not exist in theme (moving widget to Inactive)  Search - No Title - Imported to Inactive Categories - Categories - Imported to Inactive Tag Cloud - Tags - Imported to Inactive  blog-single-sidebar : Sidebar does not exist in theme (moving widget to Inactive)  Search - No Title - Imported to Inactive Categories - Categories - Imported to Inactive Tag Cloud - Tags - Imported to Inactive   [] []
[2024-04-08 08:46:25] merlin-logger.INFO: The content import AJAX call will be executed with this import data {"title":"Redux Options","data":[{"option_name":"diza_tbay_theme_options","file_path":"/home/jassai/public_html/medlama/wp-content/uploads/2024/04/redux-0-2024-04-08__08-41-11.json"}]} []
[2024-04-08 08:46:25] merlin-logger.ERROR: The content import AJAX call failed with this passed data {"selected_content_index":0,"importing_content":"redux","importing_data":[{"option_name":"diza_tbay_theme_options","file_path":"/home/jassai/public_html/medlama/wp-content/uploads/2024/04/redux-0-2024-04-08__08-41-11.json"}]} []
[2024-04-08 08:46:25] merlin-logger.INFO: The content import AJAX call will be executed with this import data {"title":"After import setup","data":0} []
[2024-04-08 08:46:29] merlin-logger.DEBUG: The final step has been displayed [] []
[2024-04-08 08:47:16] merlin-logger.DEBUG: The content import step has been displayed [] []
[2024-04-08 08:47:20] merlin-logger.DEBUG: The child theme installation step has been displayed [] []
[2024-04-08 08:47:22] merlin-logger.DEBUG: The welcome step has been displayed [] []
[2024-08-02 11:33:31] merlin-logger.DEBUG: The welcome step has been displayed [] []
